AREA_TITLE,NAICS_TITLE,OCC_TITLE,A_MEAN,A_PCT10,A_PCT25,A_MEDIAN,A_PCT75,A_PCT90
Alabama,Information,All Occupations,77490,31000,43890,63020,95630,152460
Alabama,Information,Computer and Mathematical Occupations,109620,46570,71430,104670,145210,173930
Alabama,Information,Data Scientists,111890,64620,83860,121640,129260,154660
Alaska,Information,All Occupations,87980,38800,57650,88100,103730,132520
Alaska,Information,Computer and Mathematical Occupations,99360,50490,84460,102880,105710,134120
Arizona,Information,All Occupations,91730,35680,48510,76640,123280,168010
Arizona,Information,Computer and Mathematical Occupations,104240,48740,62760,97380,133370,170760
Arizona,Information,Database Administrators,102440,84450,92790,104280,104280,126290
Arizona,Information,Database Architects,168550,114150,127230,189190,204000,204000
Arizona,Information,Data Scientists,102040,48520,73690,105310,126820,147920
Arkansas,Information,All Occupations,65810,27590,36110,52290,82670,123860
Arkansas,Information,Computer and Mathematical Occupations,82700,29750,45710,75490,108490,149440
California,Information,All Occupations,152700,49350,80300,133440,210350,285970
California,Information,Computer and Mathematical Occupations,179780,87380,131010,176540,217670,275870
California,Information,Computer and Information Research Scientists,226630,138720,186950,218560,292260,310610
California,Information,Database Administrators,127940,84000,102590,112880,149820,202860
California,Information,Database Architects,182020,97380,143950,179910,216350,269560
California,Information,Statisticians,185640,71810,124810,215640,255100,265290
California,Information,Data Scientists,186150,102600,146000,178430,219540,274180
Colorado,Information,All Occupations,118800,48310,73240,103610,159240,206650
Colorado,Information,Computer and Mathematical Occupations,136530,74410,98420,131670,167250,207810
Colorado,Information,Database Administrators,132250,101220,108830,134590,152100,162230
Colorado,Information,Database Architects,162850,122260,134990,158490,184780,211510
Colorado,Information,Data Scientists,129840,76510,99470,120190,154750,209500
Connecticut,Information,All Occupations,111530,41600,60330,88250,138020,198880
Connecticut,Information,Computer and Mathematical Occupations,116030,59640,80850,108960,144730,178210
Connecticut,Information,Database Administrators,95400,74310,78570,82920,120220,131230
Connecticut,Information,Data Scientists,78410,39330,39330,50270,79030,153340
Delaware,Information,All Occupations,91790,34650,44390,77810,119660,170120
Delaware,Information,Computer and Mathematical Occupations,137030,61900,81650,122880,217280,232750
Delaware,Information,Data Scientists,229500,232750,232750,232750,232750,232750
District of Columbia,Information,All Occupations,131890,56690,80800,107860,164040,214640
District of Columbia,Information,Computer and Mathematical Occupations,142260,82050,98820,133290,174480,209470
District of Columbia,Information,Data Scientists,187150,110150,174470,184540,226480,264230
Florida,Information,All Occupations,95220,37490,49000,76510,123390,171660
Florida,Information,Computer and Mathematical Occupations,120080,52370,76810,107780,162280,207290
Florida,Information,Computer and Information Research Scientists,136860,62470,63630,100600,208170,215590
Florida,Information,Database Administrators,116560,69990,81230,125000,139210,157170
Florida,Information,Database Architects,136410,95470,97700,129000,162160,202810
Florida,Information,Data Scientists,127810,81170,95910,127450,132220,165150
Georgia,Information,All Occupations,102550,37790,57500,90340,133730,173340
Georgia,Information,Computer and Mathematical Occupations,115900,57480,80350,110360,149110,171430
Georgia,Information,Database Administrators,118880,75200,102070,122530,139160,162050
Georgia,Information,Database Architects,162300,125170,138360,163380,187410,187410
Georgia,Information,Data Scientists,103730,66580,80300,90970,123930,150850
Hawaii,Information,All Occupations,93880,33370,48700,75670,101090,151980
Hawaii,Information,Computer and Mathematical Occupations,118060,51500,71440,104810,151820,245200
Idaho,Information,All Occupations,82630,32840,45460,64680,96770,162340
Idaho,Information,Computer and Mathematical Occupations,102960,49930,67550,87720,140830,165510
Illinois,Information,All Occupations,99430,36820,56060,81770,130200,173650
Illinois,Information,Computer and Mathematical Occupations,117300,59000,78980,106460,154170,176830
Illinois,Information,Database Administrators,107120,36830,80510,119890,132660,148780
Illinois,Information,Database Architects,131890,92790,108280,131420,141240,187520
Illinois,Information,Data Scientists,142260,83180,123130,141430,167660,184070
Illinois,Information,"Mathematical Science Occupations, All Other",100430,57790,69720,79820,147070,161680
Indiana,Information,All Occupations,73330,28840,39780,60040,88710,130260
Indiana,Information,Computer and Mathematical Occupations,95980,47290,63860,85570,122520,150220
Indiana,Information,Database Architects,137530,99260,115900,137950,163430,169750
Indiana,Information,Data Scientists,106870,73130,84900,97490,134470,134470
Iowa,Information,All Occupations,71010,30030,42730,59520,83720,126960
Iowa,Information,Computer and Mathematical Occupations,91420,47330,60610,80510,110640,151530
Iowa,Information,Database Administrators,113440,73580,73730,76200,164630,169240
Iowa,Information,Data Scientists,65530,47120,53980,66910,82050,83650
Kansas,Information,All Occupations,84760,32710,45570,64930,106990,159990
Kansas,Information,Computer and Mathematical Occupations,100460,52060,73160,94950,128970,158970
Kansas,Information,Database Architects,114670,75140,91730,101090,135100,162980
Kentucky,Information,All Occupations,74060,30520,43240,61570,87360,130910
Kentucky,Information,Computer and Mathematical Occupations,111680,47900,68000,97710,132540,185040
Kentucky,Information,Data Scientists,92190,65590,67120,84510,107420,140390
Louisiana,Information,All Occupations,75320,29020,41580,61300,92160,128910
Louisiana,Information,Computer and Mathematical Occupations,112980,47250,56490,89210,128210,149290
Louisiana,Information,Data Scientists,122140,107840,125230,128210,128210,130530
Maine,Information,All Occupations,83820,37190,48140,70880,99990,160340
Maine,Information,Computer and Mathematical Occupations,115900,56070,79300,105380,158690,185130
Maine,Information,Data Scientists,112010,71510,100060,119870,127510,135290
Maryland,Information,All Occupations,105700,40400,60170,92720,134490,181020
Maryland,Information,Computer and Mathematical Occupations,124010,57500,80150,116990,160070,205770
Maryland,Information,Database Administrators,121470,77210,123730,123730,123730,164270
Maryland,Information,Database Architects,161080,117500,133630,153790,190990,220910
Maryland,Information,Data Scientists,153100,92510,107870,138200,205820,227250
Massachusetts,Information,All Occupations,135560,50400,78400,124920,172630,229870
Massachusetts,Information,Computer and Mathematical Occupations,154550,81400,110900,158300,178010,214640
Massachusetts,Information,Computer and Information Research Scientists,205550,123710,124120,169840,203470,461270
Massachusetts,Information,Database Administrators,149760,124970,137020,160290,162010,166900
Massachusetts,Information,Database Architects,191310,155260,162780,204990,220910,220910
Massachusetts,Information,Data Scientists,151060,100660,123440,138530,173820,216930
Michigan,Information,All Occupations,84010,33530,47200,72700,104260,157110
Michigan,Information,Computer and Mathematical Occupations,102400,48960,63230,96300,130730,171000
Michigan,Information,Database Administrators,80990,39970,50680,73370,107410,120710
Michigan,Information,Database Architects,146370,99630,114910,141140,175260,208490
Michigan,Information,Data Scientists,99610,51240,64420,96620,125220,161030
Minnesota,Information,All Occupations,89130,36720,49340,74260,106360,165380
Minnesota,Information,Computer and Mathematical Occupations,108670,53240,73970,101340,147650,167070
Minnesota,Information,Database Administrators,118990,72430,103410,128060,133570,170330
Minnesota,Information,Database Architects,163450,123610,142450,167350,172390,206320
Minnesota,Information,Data Scientists,127400,48870,56450,151070,179640,199520
Mississippi,Information,All Occupations,58870,25770,35270,48470,70840,97260
Mississippi,Information,Computer and Mathematical Occupations,72130,36580,45980,63120,89220,115700
Missouri,Information,All Occupations,90000,36270,47880,77190,123740,167180
Missouri,Information,Computer and Mathematical Occupations,113020,57490,77600,106600,135210,167580
Missouri,Information,Database Administrators,111470,76230,99110,107050,131050,146990
Missouri,Information,Database Architects,108880,66830,73360,115420,137560,162430
Missouri,Information,Data Scientists,98880,59480,77090,97670,127500,134550
Montana,Information,All Occupations,76220,31840,44330,62930,92950,134990
Montana,Information,Computer and Mathematical Occupations,111660,54230,69120,101460,137520,190750
Montana,Information,Data Scientists,69910,69110,69110,69990,70990,70990
Nebraska,Information,All Occupations,80970,37230,47140,66710,102680,138980
Nebraska,Information,Computer and Mathematical Occupations,91780,49030,61050,83190,112430,137580
Nebraska,Information,Database Administrators,116160,53990,82270,137400,141680,160350
Nebraska,Information,Database Architects,131750,94870,104360,134250,161650,171940
Nebraska,Information,Data Scientists,100380,76130,79690,100010,106550,129370
Nevada,Information,All Occupations,92910,34310,48200,78240,106230,173710
Nevada,Information,Computer and Mathematical Occupations,119170,56070,78340,99250,152870,200190
Nevada,Information,Database Architects,191560,169040,189740,200190,200190,205600
New Hampshire,Information,All Occupations,102530,37130,53750,87110,131050,185900
New Hampshire,Information,Computer and Mathematical Occupations,126830,59850,80730,127260,164940,203340
New Hampshire,Information,Data Scientists,113910,77020,91940,128610,128610,128610
New Jersey,Information,All Occupations,127040,46840,74610,105340,168400,216320
New Jersey,Information,Computer and Mathematical Occupations,142480,78580,98380,134900,172990,214750
New Jersey,Information,Computer and Information Research Scientists,208100,140300,170890,170890,297000,321070
New Jersey,Information,Database Administrators,141650,92970,116010,147190,165980,174890
New Jersey,Information,Database Architects,120530,86780,94730,98470,141220,168010
New Jersey,Information,Data Scientists,144690,101420,110180,143440,167450,208690
New Mexico,Information,All Occupations,69160,28920,41650,54620,82020,127930
New Mexico,Information,Computer and Mathematical Occupations,100410,48810,60830,97480,130530,149500
New Mexico,Information,Data Scientists,107890,107540,107540,107540,107540,124130
New York,Information,All Occupations,134950,48440,74560,108410,170050,221570
New York,Information,Computer and Mathematical Occupations,149650,76040,103050,144440,180980,218180
New York,Information,Computer and Information Research Scientists,228900,172040,203950,207580,289900,293420
New York,Information,Database Administrators,141790,81910,109500,137630,169180,208270
New York,Information,Database Architects,145350,81250,127210,144440,168910,200130
New York,Information,Data Scientists,151360,80970,108150,153940,181960,215070
North Carolina,Information,All Occupations,97660,37720,50970,79470,130200,175250
North Carolina,Information,Computer and Mathematical Occupations,112360,47410,72090,103870,142240,179400
North Carolina,Information,Computer and Information Research Scientists,143990,110320,127780,132760,157810,172430
North Carolina,Information,Database Administrators,124510,68860,97240,131470,153270,164020
North Carolina,Information,Database Architects,143240,79080,112120,146300,165410,199340
North Carolina,Information,Data Scientists,104060,67870,67900,90470,131230,148610
North Dakota,Information,All Occupations,78400,34900,48970,72520,98080,123670
North Dakota,Information,Computer and Mathematical Occupations,91120,60190,68890,86410,106650,121420
Ohio,Information,All Occupations,87900,36560,49720,76560,106390,158810
Ohio,Information,Computer and Mathematical Occupations,102840,54680,73060,97330,127760,165770
Ohio,Information,Database Administrators,128550,69890,110420,131910,157430,169970
Ohio,Information,Database Architects,160500,101660,141400,168950,174390,205910
Ohio,Information,Data Scientists,104210,60000,73840,91270,143700,147360
Oklahoma,Information,All Occupations,70830,29030,39530,61340,85420,126170
Oklahoma,Information,Computer and Mathematical Occupations,86650,46040,62520,77570,100820,143670
Oklahoma,Information,Database Administrators,103540,74140,81040,99300,115750,150540
Oklahoma,Information,Database Architects,170160,118350,169800,185600,186900,186900
Oklahoma,Information,Data Scientists,81020,58430,68580,68580,80350,138170
Oregon,Information,All Occupations,103540,41870,58300,85550,137970,177240
Oregon,Information,Computer and Mathematical Occupations,114690,55350,76060,107240,156000,165730
Oregon,Information,Database Administrators,95070,67240,77210,94300,112350,130000
Oregon,Information,Database Architects,134990,107640,111300,129990,143410,173880
Oregon,Information,Data Scientists,111480,78110,78110,99390,134770,171030
Pennsylvania,Information,All Occupations,94870,32610,48590,79490,126890,170450
Pennsylvania,Information,Computer and Mathematical Occupations,114430,55040,76660,106040,153820,172400
Pennsylvania,Information,Database Administrators,98580,45740,77380,96340,119190,158590
Pennsylvania,Information,Database Architects,140020,66920,126130,148230,167160,188310
Pennsylvania,Information,Data Scientists,129660,73440,85490,126550,166750,205180
Rhode Island,Information,All Occupations,105430,39520,59380,97680,127880,201090
Rhode Island,Information,Computer and Mathematical Occupations,119390,61330,85260,123590,149800,184480
South Carolina,Information,All Occupations,88750,37300,46730,75390,110500,164240
South Carolina,Information,Computer and Mathematical Occupations,116200,60510,79570,102960,141770,177570
South Carolina,Information,Database Administrators,101500,66360,77700,105870,115950,129920
South Carolina,Information,Database Architects,173160,118710,137210,167660,208710,222400
South Carolina,Information,Data Scientists,116650,69990,81720,100440,134380,200230
South Dakota,Information,All Occupations,67410,31060,40430,55700,81190,115930
South Dakota,Information,Computer and Mathematical Occupations,84850,42970,58650,78470,106230,144800
Tennessee,Information,All Occupations,86880,34520,49150,71040,106660,160220
Tennessee,Information,Computer and Mathematical Occupations,102950,61110,63510,91780,129570,163900
Tennessee,Information,Database Administrators,74470,64570,74570,74570,74570,79000
Tennessee,Information,Statisticians,138110,88990,139990,145240,155370,155370
Tennessee,Information,Data Scientists,89390,60200,69540,87930,101240,131790
Texas,Information,All Occupations,96320,34040,47090,77910,129450,172490
Texas,Information,Computer and Mathematical Occupations,120620,59990,81350,122450,156780,173270
Texas,Information,Computer and Information Research Scientists,202450,129240,154700,160000,245770,370600
Texas,Information,Database Administrators,113740,43440,97390,122060,139740,160470
Texas,Information,Database Architects,154150,127970,138860,151370,163080,189330
Texas,Information,Statisticians,86020,41240,72470,78270,114590,124280
Texas,Information,Data Scientists,115220,64300,77910,105100,154840,169050
Utah,Information,All Occupations,104950,36800,53810,91980,138340,182530
Utah,Information,Computer and Mathematical Occupations,123610,58070,80330,124970,163610,184280
Utah,Information,Database Architects,155230,87240,115280,131300,206890,239990
Utah,Information,Data Scientists,138350,81160,113610,157060,157060,170840
Vermont,Information,All Occupations,92180,37260,49410,71030,111630,168610
Vermont,Information,Computer and Mathematical Occupations,117110,52970,66780,101110,156110,209420
Vermont,Information,Data Scientists,130660,115230,131820,131820,131820,158840
Virginia,Information,All Occupations,106300,38990,57760,94800,135420,189290
Virginia,Information,Computer and Mathematical Occupations,124110,64290,81380,122500,163090,187780
Virginia,Information,Computer and Information Research Scientists,224010,174990,230630,230630,232140,270670
Virginia,Information,Database Administrators,121850,80160,96310,101610,161840,178460
Virginia,Information,Database Architects,161030,110190,129320,163020,195540,213780
Virginia,Information,Data Scientists,136320,38590,85490,127120,170880,229370
Washington,Information,All Occupations,155040,60410,95850,165220,209220,240440
Washington,Information,Computer and Mathematical Occupations,167870,75190,129690,166540,211860,255810
Washington,Information,Computer and Information Research Scientists,210640,131530,168300,211270,267060,281050
Washington,Information,Database Administrators,156220,84730,128710,169590,178920,204180
Washington,Information,Database Architects,115070,101970,101970,101970,101970,173030
Washington,Information,Statisticians,143380,85670,101760,134320,181370,195350
Washington,Information,Data Scientists,178810,78080,134150,168230,210370,259730
West Virginia,Information,All Occupations,73860,27710,39600,64230,92120,125840
West Virginia,Information,Computer and Mathematical Occupations,110200,52820,64500,99250,164040,167740
Wisconsin,Information,All Occupations,92600,38220,50980,78840,122150,166200
Wisconsin,Information,Computer and Mathematical Occupations,112290,62640,77470,101970,133860,166200
Wisconsin,Information,Database Administrators,121370,88540,103990,129380,129380,157080
Wisconsin,Information,Database Architects,154530,148560,158380,162550,162550,162550
Wisconsin,Information,Data Scientists,134660,98580,123260,133860,164580,167600
Wyoming,Information,All Occupations,73470,29230,37690,55780,87460,153090
Wyoming,Information,Computer and Mathematical Occupations,130870,52760,77810,150550,155110,247470
Guam,Information,All Occupations,47430,23800,28290,36600,55380,87920
Guam,Information,Computer and Mathematical Occupations,47640,26840,29460,35460,53840,104820
Puerto Rico,Information,All Occupations,47490,21840,27460,36030,51600,82280
Puerto Rico,Information,Computer and Mathematical Occupations,54680,26920,31760,49350,65230,94790
Virgin Islands,Information,All Occupations,60310,27450,38160,51450,67910,95390
Virgin Islands,Information,Computer and Mathematical Occupations,70910,44900,52260,63490,90750,101710
Alabama,Motion Picture and Sound Recording Industries,All Occupations,44810,20910,21900,28220,51870,83230
Alabama,Motion Picture and Sound Recording Industries,Computer and Mathematical Occupations,142070,76510,149990,163520,163520,163520
Alaska,Motion Picture and Sound Recording Industries,All Occupations,40800,28250,31200,35480,43680,54940
Arizona,Motion Picture and Sound Recording Industries,All Occupations,53370,30580,31600,37060,48470,92990
Arkansas,Motion Picture and Sound Recording Industries,All Occupations,37440,22950,24770,28050,43550,65520
California,Motion Picture and Sound Recording Industries,All Occupations,124790,36960,50940,96810,157920,297740
California,Motion Picture and Sound Recording Industries,Computer and Mathematical Occupations,121910,62220,78000,101740,164920,202910
California,Motion Picture and Sound Recording Industries,Database Administrators,142620,91510,98690,159100,161020,163420
California,Motion Picture and Sound Recording Industries,Database Architects,123680,51470,51480,130890,181120,205690
California,Motion Picture and Sound Recording Industries,Data Scientists,125150,52570,75130,124980,180550,200830
Colorado,Motion Picture and Sound Recording Industries,All Occupations,68710,31090,35080,45390,78570,139370
Colorado,Motion Picture and Sound Recording Industries,Computer and Mathematical Occupations,144960,78570,99480,158140,191980,191980
Connecticut,Motion Picture and Sound Recording Industries,All Occupations,112700,34750,45240,80010,140590,212430
Connecticut,Motion Picture and Sound Recording Industries,Computer and Mathematical Occupations,106450,44440,71030,102000,137660,172850
Delaware,Motion Picture and Sound Recording Industries,All Occupations,58930,31200,31200,36130,52660,106310
District of Columbia,Motion Picture and Sound Recording Industries,All Occupations,93930,36400,48540,81140,107990,172790
Florida,Motion Picture and Sound Recording Industries,All Occupations,63490,28310,29710,45620,75780,123330
Florida,Motion Picture and Sound Recording Industries,Computer and Mathematical Occupations,87650,47450,56480,77080,115890,135730
Georgia,Motion Picture and Sound Recording Industries,All Occupations,80610,25200,34860,65290,100980,153000
Georgia,Motion Picture and Sound Recording Industries,Computer and Mathematical Occupations,86960,47170,61760,79470,109950,135260
Idaho,Motion Picture and Sound Recording Industries,All Occupations,40810,22610,27060,32720,39540,75120
Illinois,Motion Picture and Sound Recording Industries,All Occupations,59470,31200,31390,39890,75660,102750
Illinois,Motion Picture and Sound Recording Industries,Computer and Mathematical Occupations,87890,33040,58180,62440,68300,245510
Indiana,Motion Picture and Sound Recording Industries,All Occupations,40090,22130,23400,27440,45020,70290
Indiana,Motion Picture and Sound Recording Industries,Computer and Mathematical Occupations,60280,48620,50480,55970,59140,88990
Iowa,Motion Picture and Sound Recording Industries,All Occupations,32190,16820,21510,26280,35490,56990
Kansas,Motion Picture and Sound Recording Industries,All Occupations,36450,22870,25620,29150,39950,64300
Kentucky,Motion Picture and Sound Recording Industries,All Occupations,41930,19310,23330,30490,48520,79420
Louisiana,Motion Picture and Sound Recording Industries,All Occupations,67060,18970,26420,46640,86460,141720
Maine,Motion Picture and Sound Recording Industries,All Occupations,65770,31350,34660,41470,66300,169040
Maine,Motion Picture and Sound Recording Industries,Computer and Mathematical Occupations,163970,33040,85820,201710,201710,201710
Maryland,Motion Picture and Sound Recording Industries,All Occupations,64210,31200,33960,45800,81190,120530
Maryland,Motion Picture and Sound Recording Industries,Computer and Mathematical Occupations,155090,113920,133960,164150,169390,198430
Massachusetts,Motion Picture and Sound Recording Industries,All Occupations,77540,33090,34150,53880,97090,154920
Massachusetts,Motion Picture and Sound Recording Industries,Computer and Mathematical Occupations,161940,50990,118810,124140,267990,273240
Michigan,Motion Picture and Sound Recording Industries,All Occupations,47740,25960,27590,32360,55180,94650
Michigan,Motion Picture and Sound Recording Industries,Computer and Mathematical Occupations,83980,47710,53660,80640,106230,128510
Minnesota,Motion Picture and Sound Recording Industries,All Occupations,49960,24020,26260,30800,60580,99910
Mississippi,Motion Picture and Sound Recording Industries,All Occupations,30220,18960,20900,22950,32630,50410
Missouri,Motion Picture and Sound Recording Industries,All Occupations,50670,28600,28610,33880,57710,96270
Montana,Motion Picture and Sound Recording Industries,All Occupations,47200,22260,27570,34150,59570,80860
Nebraska,Motion Picture and Sound Recording Industries,All Occupations,39100,28080,28080,28240,38490,58290
Nevada,Motion Picture and Sound Recording Industries,All Occupations,69520,28170,34130,51320,80660,139450
Nevada,Motion Picture and Sound Recording Industries,Computer and Mathematical Occupations,124240,57970,63630,100230,216020,220880
New Hampshire,Motion Picture and Sound Recording Industries,All Occupations,64200,28250,31030,45360,75510,111240
New Jersey,Motion Picture and Sound Recording Industries,All Occupations,81630,33290,37730,59960,109160,166370
New Mexico,Motion Picture and Sound Recording Industries,All Occupations,53000,27700,28810,45690,58360,84530
New York,Motion Picture and Sound Recording Industries,All Occupations,123360,39310,59200,87280,136920,200390
New York,Motion Picture and Sound Recording Industries,Computer and Mathematical Occupations,127120,74990,80220,116760,167040,190950
New York,Motion Picture and Sound Recording Industries,Data Scientists,121360,82750,98090,132420,142240,164570
North Carolina,Motion Picture and Sound Recording Industries,All Occupations,54580,22830,26450,38000,63990,101490
North Dakota,Motion Picture and Sound Recording Industries,All Occupations,35630,21480,27240,31200,42520,51820
Ohio,Motion Picture and Sound Recording Industries,All Occupations,44590,23230,26450,29610,49870,86210
Ohio,Motion Picture and Sound Recording Industries,Computer and Mathematical Occupations,92010,50520,77120,101310,106200,106200
Oklahoma,Motion Picture and Sound Recording Industries,All Occupations,36480,20320,22590,29030,42740,61360
Oregon,Motion Picture and Sound Recording Industries,All Occupations,80070,33510,38770,62460,102210,150620
Oregon,Motion Picture and Sound Recording Industries,Computer and Mathematical Occupations,105860,49020,58810,88670,127320,165290
Pennsylvania,Motion Picture and Sound Recording Industries,All Occupations,60790,22240,27650,43040,76750,126230
Pennsylvania,Motion Picture and Sound Recording Industries,Computer and Mathematical Occupations,73850,37440,45660,56500,80120,112270
Rhode Island,Motion Picture and Sound Recording Industries,All Occupations,70750,31200,33780,57090,99060,136360
South Carolina,Motion Picture and Sound Recording Industries,All Occupations,56540,21080,23720,37780,63390,131820
South Dakota,Motion Picture and Sound Recording Industries,All Occupations,42820,26260,26900,28250,48430,83820
Tennessee,Motion Picture and Sound Recording Industries,All Occupations,75530,23710,40220,60420,93810,135540
Tennessee,Motion Picture and Sound Recording Industries,Computer and Mathematical Occupations,83310,45410,64800,78340,96530,132450
Texas,Motion Picture and Sound Recording Industries,All Occupations,46570,21870,24960,30400,53900,86540
Texas,Motion Picture and Sound Recording Industries,Computer and Mathematical Occupations,115040,61970,67660,102060,170100,195940
Utah,Motion Picture and Sound Recording Industries,All Occupations,67950,23510,27000,48730,95580,133070
Utah,Motion Picture and Sound Recording Industries,Computer and Mathematical Occupations,124400,80690,101350,132980,133940,164090
Utah,Motion Picture and Sound Recording Industries,Data Scientists,128060,102700,104700,133080,133110,133130
Vermont,Motion Picture and Sound Recording Industries,All Occupations,67620,29850,33540,45270,83200,156200
Virginia,Motion Picture and Sound Recording Industries,All Occupations,52020,27320,30150,37040,55160,95320
Virginia,Motion Picture and Sound Recording Industries,Computer and Mathematical Occupations,88050,49930,56750,81140,109990,127330
Washington,Motion Picture and Sound Recording Industries,All Occupations,72600,35360,38280,49480,84590,143720
Washington,Motion Picture and Sound Recording Industries,Computer and Mathematical Occupations,103070,60630,72710,93960,125640,158770
West Virginia,Motion Picture and Sound Recording Industries,All Occupations,41480,18750,20270,27590,35820,64280
Wisconsin,Motion Picture and Sound Recording Industries,All Occupations,41810,21740,22780,28200,49650,82580
Wisconsin,Motion Picture and Sound Recording Industries,Computer and Mathematical Occupations,81020,38970,47570,67230,104540,138610
Wyoming,Motion Picture and Sound Recording Industries,All Occupations,36820,21860,27420,29630,36850,53080
Guam,Motion Picture and Sound Recording Industries,All Occupations,25680,19240,19240,20860,26320,38890
Puerto Rico,Motion Picture and Sound Recording Industries,All Occupations,32480,21840,21840,25690,38400,48810
Alabama,Motion Picture and Video Industries,All Occupations,44260,20910,21840,27820,51870,81940
Alabama,Motion Picture and Video Industries,Computer and Mathematical Occupations,142070,76510,149990,163520,163520,163520
Alaska,Motion Picture and Video Industries,All Occupations,40020,28250,31200,35460,43510,54890
Arizona,Motion Picture and Video Industries,All Occupations,52800,30750,31610,36970,47680,85700
Arkansas,Motion Picture and Video Industries,All Occupations,36890,22940,24690,27990,41890,62460
California,Motion Picture and Video Industries,All Occupations,125870,36830,50590,98440,160510,297840
California,Motion Picture and Video Industries,Computer and Mathematical Occupations,123000,62260,78340,103180,167680,202990
California,Motion Picture and Video Industries,Database Administrators,142620,91510,98690,159100,161020,163420
California,Motion Picture and Video Industries,Database Architects,123680,51470,51480,130890,181120,205690
California,Motion Picture and Video Industries,Data Scientists,125780,52550,75130,127750,180670,201670
Colorado,Motion Picture and Video Industries,All Occupations,68640,31090,34580,44710,79170,139370
Colorado,Motion Picture and Video Industries,Computer and Mathematical Occupations,142580,78570,99470,146670,191980,191980
Connecticut,Motion Picture and Video Industries,All Occupations,113260,34750,45110,80010,141760,212430
Connecticut,Motion Picture and Video Industries,Computer and Mathematical Occupations,106450,44440,71030,102000,137660,172850
Delaware,Motion Picture and Video Industries,All Occupations,58550,31200,31200,34940,51820,106310
District of Columbia,Motion Picture and Video Industries,All Occupations,93460,36400,48540,81130,107710,170450
Florida,Motion Picture and Video Industries,All Occupations,59230,28220,29380,43490,69770,108050
Florida,Motion Picture and Video Industries,Computer and Mathematical Occupations,87070,47450,55660,76960,115890,140020
Georgia,Motion Picture and Video Industries,All Occupations,81070,25200,34820,66660,101780,154720
Georgia,Motion Picture and Video Industries,Computer and Mathematical Occupations,86960,47170,61760,79470,109950,135260
Idaho,Motion Picture and Video Industries,All Occupations,40420,22610,27060,31880,38830,75100
Illinois,Motion Picture and Video Industries,All Occupations,57680,31200,31320,36700,73620,100350
Illinois,Motion Picture and Video Industries,Computer and Mathematical Occupations,101210,58180,61810,63900,81200,320240
Indiana,Motion Picture and Video Industries,All Occupations,39290,22060,23350,27440,44570,66280
Indiana,Motion Picture and Video Industries,Computer and Mathematical Occupations,60280,48620,50480,55970,59140,88990
Iowa,Motion Picture and Video Industries,All Occupations,31740,16790,21510,26260,35360,56890
Kansas,Motion Picture and Video Industries,All Occupations,35170,22870,24970,28690,38140,64240
Kentucky,Motion Picture and Video Industries,All Occupations,40760,19040,23040,29620,47990,76020
Louisiana,Motion Picture and Video Industries,All Occupations,66640,18770,26410,46610,85940,139640
Maine,Motion Picture and Video Industries,All Occupations,65150,31350,34590,40860,64260,169040
Maine,Motion Picture and Video Industries,Computer and Mathematical Occupations,163970,33040,85820,201710,201710,201710
Maryland,Motion Picture and Video Industries,All Occupations,62260,31200,33700,44540,79990,117110
Massachusetts,Motion Picture and Video Industries,All Occupations,77230,33000,34110,52190,97090,154990
Massachusetts,Motion Picture and Video Industries,Computer and Mathematical Occupations,162760,50990,118810,124140,267990,273240
Michigan,Motion Picture and Video Industries,All Occupations,47210,25960,27560,32310,54660,93300
Michigan,Motion Picture and Video Industries,Computer and Mathematical Occupations,85320,48030,57590,82020,106230,128510
Minnesota,Motion Picture and Video Industries,All Occupations,44270,24020,26220,29590,47720,84110
Missouri,Motion Picture and Video Industries,All Occupations,49900,28600,28600,33660,55680,94360
Montana,Motion Picture and Video Industries,All Occupations,46380,22260,26640,33620,58280,80650
Nebraska,Motion Picture and Video Industries,All Occupations,38850,28080,28080,28230,37850,58000
Nevada,Motion Picture and Video Industries,All Occupations,69480,28170,34030,49970,80490,139920
Nevada,Motion Picture and Video Industries,Computer and Mathematical Occupations,135620,57970,82820,108340,216040,221870
New Hampshire,Motion Picture and Video Industries,All Occupations,63520,28250,30850,45070,75480,109080
New Jersey,Motion Picture and Video Industries,All Occupations,81300,32950,37620,59560,109080,163840
New Mexico,Motion Picture and Video Industries,All Occupations,52440,27650,28520,43990,57730,84040
New York,Motion Picture and Video Industries,All Occupations,122880,38430,58630,86050,136280,197260
New York,Motion Picture and Video Industries,Computer and Mathematical Occupations,130010,74990,82750,130040,167530,194990
New York,Motion Picture and Video Industries,Data Scientists,131890,103040,124830,133070,142240,165110
North Carolina,Motion Picture and Video Industries,All Occupations,53990,22670,26070,37040,63990,101250
North Dakota,Motion Picture and Video Industries,All Occupations,35420,21480,27240,31200,42420,51650
Ohio,Motion Picture and Video Industries,All Occupations,43310,23220,26310,29170,47790,83460
Ohio,Motion Picture and Video Industries,Computer and Mathematical Occupations,92010,50520,77120,101310,106200,106200
Oklahoma,Motion Picture and Video Industries,All Occupations,35850,20270,22500,29030,42530,61360
Oregon,Motion Picture and Video Industries,All Occupations,79940,33510,37320,61370,102380,152720
Oregon,Motion Picture and Video Industries,Computer and Mathematical Occupations,107670,49020,50090,88670,129990,165290
Pennsylvania,Motion Picture and Video Industries,All Occupations,61620,22240,27400,42650,77510,126240
Pennsylvania,Motion Picture and Video Industries,Computer and Mathematical Occupations,78640,37440,46750,61840,92970,151300
Rhode Island,Motion Picture and Video Industries,All Occupations,70300,31200,33780,53690,99060,136360
South Carolina,Motion Picture and Video Industries,All Occupations,54950,20900,22440,35480,61790,135200
South Dakota,Motion Picture and Video Industries,All Occupations,42680,26260,26900,28250,46720,83820
Tennessee,Motion Picture and Video Industries,All Occupations,68700,22660,34510,56620,82870,129590
Tennessee,Motion Picture and Video Industries,Computer and Mathematical Occupations,73760,44600,64800,76950,83650,96530
Texas,Motion Picture and Video Industries,All Occupations,45630,21840,24320,29500,49990,83990
Texas,Motion Picture and Video Industries,Computer and Mathematical Occupations,122650,65460,67660,107160,171880,199780
Utah,Motion Picture and Video Industries,All Occupations,68170,23510,26950,48730,96120,133080
Utah,Motion Picture and Video Industries,Computer and Mathematical Occupations,124400,80690,101350,132980,133940,164090
Utah,Motion Picture and Video Industries,Data Scientists,128060,102700,104700,133080,133110,133130
Vermont,Motion Picture and Video Industries,All Occupations,66600,29850,31200,44670,82490,156200
Virginia,Motion Picture and Video Industries,All Occupations,50330,27290,30030,35810,50340,91270
Virginia,Motion Picture and Video Industries,Computer and Mathematical Occupations,89960,49930,60450,93730,109990,110020
Washington,Motion Picture and Video Industries,All Occupations,70060,35300,37950,46900,80540,134260
Washington,Motion Picture and Video Industries,Computer and Mathematical Occupations,97330,60630,70120,79540,123090,157290
West Virginia,Motion Picture and Video Industries,All Occupations,41480,18750,20270,27590,35820,64280
Wisconsin,Motion Picture and Video Industries,All Occupations,39600,21600,22720,27880,44710,76810
Wyoming,Motion Picture and Video Industries,All Occupations,36820,21860,27420,29630,36850,53080
Guam,Motion Picture and Video Industries,All Occupations,25680,19240,19240,20860,26320,38890
Puerto Rico,Motion Picture and Video Industries,All Occupations,31990,21840,21840,24720,37910,48300
Alabama,Motion Picture and Video Exhibition,All Occupations,29210,20570,21740,22430,30530,50010
Arizona,Motion Picture and Video Exhibition,All Occupations,38750,30580,31500,34030,39780,48000
Arkansas,Motion Picture and Video Exhibition,All Occupations,29710,22940,24300,26630,28770,41890
California,Motion Picture and Video Exhibition,All Occupations,42110,34600,35640,37230,43130,50850
Colorado,Motion Picture and Video Exhibition,All Occupations,39450,30800,31560,36240,42600,49040
Connecticut,Motion Picture and Video Exhibition,All Occupations,38530,34010,34410,35020,36310,48220
Delaware,Motion Picture and Video Exhibition,All Occupations,36760,31200,31200,31200,36920,46110
Florida,Motion Picture and Video Exhibition,All Occupations,35160,27580,28390,29350,35500,46480
Georgia,Motion Picture and Video Exhibition,All Occupations,31470,16970,21870,26770,34460,46180
Hawaii,Motion Picture and Video Exhibition,All Occupations,36520,29120,29420,31080,38480,49780
Idaho,Motion Picture and Video Exhibition,All Occupations,30940,20870,23780,29650,34000,37270
Illinois,Motion Picture and Video Exhibition,All Occupations,35680,31200,31200,32820,35150,45410
Indiana,Motion Picture and Video Exhibition,All Occupations,31270,20970,22940,25080,28770,43850
Iowa,Motion Picture and Video Exhibition,All Occupations,27160,16490,20230,24180,31080,39380
Kansas,Motion Picture and Video Exhibition,All Occupations,30960,22790,24180,27210,32380,43340
Kentucky,Motion Picture and Video Exhibition,All Occupations,29070,18470,22070,26860,33190,39580
Louisiana,Motion Picture and Video Exhibition,All Occupations,30060,19310,22450,28120,33980,44670
Maine,Motion Picture and Video Exhibition,All Occupations,40380,30840,33580,36530,43270,54480
Maryland,Motion Picture and Video Exhibition,All Occupations,39900,31200,32150,34460,38390,49940
Massachusetts,Motion Picture and Video Exhibition,All Occupations,38800,32070,33090,33940,38310,48160
Michigan,Motion Picture and Video Exhibition,All Occupations,31170,25960,26930,27890,33400,39270
Minnesota,Motion Picture and Video Exhibition,All Occupations,29810,23810,24130,26750,30120,38700
Mississippi,Motion Picture and Video Exhibition,All Occupations,25280,18960,20830,22030,25620,34560
Missouri,Motion Picture and Video Exhibition,All Occupations,34600,28600,28600,29550,35380,44060
Montana,Motion Picture and Video Exhibition,All Occupations,31760,22230,22330,30010,35370,46240
Nebraska,Motion Picture and Video Exhibition,All Occupations,32530,28080,28080,28080,35100,39330
Nevada,Motion Picture and Video Exhibition,All Occupations,34320,27420,28150,28710,34470,46570
New Hampshire,Motion Picture and Video Exhibition,All Occupations,32760,26530,28430,30540,35060,40380
New Jersey,Motion Picture and Video Exhibition,All Occupations,41130,32220,33070,36360,39920,54520
New Mexico,Motion Picture and Video Exhibition,All Occupations,31210,26680,27540,28230,29810,36860
New York,Motion Picture and Video Exhibition,All Occupations,41280,32600,34550,37020,41440,54960
North Carolina,Motion Picture and Video Exhibition,All Occupations,31150,21930,23380,27170,33540,42990
North Dakota,Motion Picture and Video Exhibition,All Occupations,31640,20930,23060,28550,34960,43060
Ohio,Motion Picture and Video Exhibition,All Occupations,29710,22910,24250,27220,30170,39520
Oklahoma,Motion Picture and Video Exhibition,All Occupations,28630,18650,22000,26510,29480,40180
Oregon,Motion Picture and Video Exhibition,All Occupations,39820,30770,33510,34910,43350,49300
Pennsylvania,Motion Picture and Video Exhibition,All Occupations,30230,20970,22920,27610,32720,44990
Rhode Island,Motion Picture and Video Exhibition,All Occupations,37140,31200,31200,31990,35930,46490
South Carolina,Motion Picture and Video Exhibition,All Occupations,27580,20630,21540,23840,30350,37850
South Dakota,Motion Picture and Video Exhibition,All Occupations,30570,25990,26560,27700,28900,36010
Tennessee,Motion Picture and Video Exhibition,All Occupations,28030,19770,21480,25300,32600,37490
Texas,Motion Picture and Video Exhibition,All Occupations,30680,21170,23140,26720,34160,43860
Utah,Motion Picture and Video Exhibition,All Occupations,29990,22490,23480,25710,28650,42890
Vermont,Motion Picture and Video Exhibition,All Occupations,34870,29640,29850,31200,36080,46550
Virginia,Motion Picture and Video Exhibition,All Occupations,35930,26970,28210,31620,37690,46800
Washington,Motion Picture and Video Exhibition,All Occupations,42650,34820,36340,39100,44380,54860
West Virginia,Motion Picture and Video Exhibition,All Occupations,33050,18710,19280,23410,28350,35850
Wisconsin,Motion Picture and Video Exhibition,All Occupations,28180,21150,22450,24960,29660,37690
Wyoming,Motion Picture and Video Exhibition,All Occupations,31110,21320,26380,28370,34250,43850
Puerto Rico,Motion Picture and Video Exhibition,All Occupations,23750,21840,21840,21840,21840,27990
Alabama,Sound Recording Industries,All Occupations,63030,26000,35180,47310,82830,121310
Arizona,Sound Recording Industries,All Occupations,84650,30580,30580,66690,132110,146990
Arkansas,Sound Recording Industries,All Occupations,54940,40470,41550,44370,53860,93970
California,Sound Recording Industries,All Occupations,99820,42910,54670,78630,100370,165730
California,Sound Recording Industries,Computer and Mathematical Occupations,82420,59080,72950,74770,87950,107760
Colorado,Sound Recording Industries,All Occupations,70620,40070,54330,60630,76200,97160
Connecticut,Sound Recording Industries,All Occupations,83610,40580,49680,55460,97410,201900
District of Columbia,Sound Recording Industries,All Occupations,111250,50090,61300,99100,126250,222830
Florida,Sound Recording Industries,All Occupations,119040,43590,56230,85390,135350,279430
Georgia,Sound Recording Industries,All Occupations,57060,26330,36240,53720,71570,98850
Illinois,Sound Recording Industries,All Occupations,87020,37010,45050,60160,123950,159840
Indiana,Sound Recording Industries,All Occupations,74860,23760,46040,52810,85040,149990
Kentucky,Sound Recording Industries,All Occupations,76820,31090,44380,62030,99380,136470
Louisiana,Sound Recording Industries,All Occupations,101340,30140,44520,76320,121370,223040
Maryland,Sound Recording Industries,All Occupations,107150,63380,65630,114400,123180,164150
Massachusetts,Sound Recording Industries,All Occupations,87750,44360,54820,76380,113430,147890
Michigan,Sound Recording Industries,All Occupations,64800,31950,42220,49490,72750,100280
Minnesota,Sound Recording Industries,All Occupations,93410,47230,54290,75210,115830,163810
Missouri,Sound Recording Industries,All Occupations,78480,35690,44020,62790,101460,137310
Nevada,Sound Recording Industries,All Occupations,70130,33620,40090,60010,86640,130590
New Jersey,Sound Recording Industries,All Occupations,88480,41530,46930,62020,118290,178550
New York,Sound Recording Industries,All Occupations,128980,49760,65630,94380,153850,215480
New York,Sound Recording Industries,Computer and Mathematical Occupations,93640,65060,71400,82810,103330,141180
North Carolina,Sound Recording Industries,All Occupations,66000,25500,35390,47570,68070,129360
Ohio,Sound Recording Industries,All Occupations,86280,35920,58830,80000,99990,136160
Oklahoma,Sound Recording Industries,All Occupations,70040,33930,44050,60260,80680,125450
Oregon,Sound Recording Industries,All Occupations,81610,46130,51910,75010,102000,124860
Pennsylvania,Sound Recording Industries,All Occupations,45410,22910,32670,44270,52880,67690
South Carolina,Sound Recording Industries,All Occupations,70090,34190,44790,55680,74610,122480
Tennessee,Sound Recording Industries,All Occupations,93410,44660,52550,67890,105770,162420
Tennessee,Sound Recording Industries,Computer and Mathematical Occupations,107130,54590,65250,105160,141940,164940
Texas,Sound Recording Industries,All Occupations,67460,38700,45030,57560,72600,108380
Utah,Sound Recording Industries,All Occupations,54510,31310,38590,48660,52070,101960
Virginia,Sound Recording Industries,All Occupations,89130,39810,49490,65000,99530,161140
Washington,Sound Recording Industries,All Occupations,109300,47560,60800,96680,131300,176860
Wisconsin,Sound Recording Industries,All Occupations,82290,40250,49650,74550,101400,134330
Puerto Rico,Sound Recording Industries,All Occupations,49680,21840,28450,40570,57320,78190
Alabama,Publishing Industries,All Occupations,88550,33040,47160,72240,122010,171460
Alabama,Publishing Industries,Computer and Mathematical Occupations,105470,48070,71590,99730,133580,174580
Alabama,Publishing Industries,Data Scientists,117980,80210,102450,122290,129260,154660
Alaska,Publishing Industries,All Occupations,66240,33210,39910,55550,76640,126070
Arizona,Publishing Industries,All Occupations,105730,37420,57860,93220,136070,181020
Arizona,Publishing Industries,Computer and Mathematical Occupations,118260,55670,78040,108320,152860,189990
Arkansas,Publishing Industries,All Occupations,59250,26390,35630,46140,63540,108410
Arkansas,Publishing Industries,Computer and Mathematical Occupations,92110,37390,57950,81280,124270,146580
California,Publishing Industries,All Occupations,160850,64600,98890,156430,211750,278990
California,Publishing Industries,Computer and Mathematical Occupations,166650,82480,124990,169960,212420,249260
California,Publishing Industries,Computer and Information Research Scientists,187090,114990,141950,173050,203940,298320
California,Publishing Industries,Database Administrators,124200,59240,73850,117160,155610,214830
California,Publishing Industries,Database Architects,186280,121550,145810,175850,209970,276830
California,Publishing Industries,Data Scientists,177020,110380,136910,174100,216280,269830
Colorado,Publishing Industries,All Occupations,133010,55810,80040,126450,169870,214420
Colorado,Publishing Industries,Computer and Mathematical Occupations,148350,76140,101330,143630,176480,213760
Colorado,Publishing Industries,Database Administrators,134600,92740,130760,143800,149240,152400
Colorado,Publishing Industries,Database Architects,161050,113370,132550,169810,188890,202120
Colorado,Publishing Industries,Data Scientists,145780,79900,107970,138300,200470,209500
Connecticut,Publishing Industries,All Occupations,106490,42830,59290,88250,143020,197310
Connecticut,Publishing Industries,Computer and Mathematical Occupations,112190,57860,79250,93320,143020,183720
Delaware,Publishing Industries,All Occupations,107500,34650,46790,91970,135970,232750
Delaware,Publishing Industries,Computer and Mathematical Occupations,176120,78310,102990,232750,232750,232750
District of Columbia,Publishing Industries,All Occupations,130030,60230,82050,122360,169800,202350
District of Columbia,Publishing Industries,Computer and Mathematical Occupations,129550,72880,92830,130990,168060,177130
District of Columbia,Publishing Industries,Data Scientists,150870,110150,110150,174470,174490,174650
Florida,Publishing Industries,All Occupations,115660,47570,62030,100110,151060,214560
Florida,Publishing Industries,Computer and Mathematical Occupations,129120,51650,77490,121440,168790,218330
Florida,Publishing Industries,Database Administrators,100160,60420,69990,81230,131770,150000
Florida,Publishing Industries,Database Architects,139610,87650,129560,150330,155840,168120
Florida,Publishing Industries,Data Scientists,120490,61790,98190,132820,138950,154840
Georgia,Publishing Industries,All Occupations,109940,45380,60650,96990,136780,178360
Georgia,Publishing Industries,Computer and Mathematical Occupations,112270,52000,64990,105330,151820,172360
Georgia,Publishing Industries,Database Administrators,136690,98460,117220,139160,169020,170150
Georgia,Publishing Industries,Database Architects,141000,103390,122670,147450,155790,163380
Georgia,Publishing Industries,Data Scientists,101190,64990,84280,90970,105320,133800
Hawaii,Publishing Industries,All Occupations,78270,37840,48580,56020,80000,144110
Idaho,Publishing Industries,All Occupations,104820,38550,51980,81020,157400,190150
Idaho,Publishing Industries,Computer and Mathematical Occupations,121280,67550,71030,126250,161680,165860
Illinois,Publishing Industries,All Occupations,110760,44820,62400,96750,149540,199680
Illinois,Publishing Industries,Computer and Mathematical Occupations,121750,61670,83340,122730,158790,180960
Illinois,Publishing Industries,Database Administrators,98660,36830,36830,102890,137990,159410
Illinois,Publishing Industries,Data Scientists,129530,81190,91390,130600,164680,181670
Illinois,Publishing Industries,"Mathematical Science Occupations, All Other",76450,48300,57770,67330,95390,132750
Indiana,Publishing Industries,All Occupations,77370,31750,43220,62480,99010,137230
Indiana,Publishing Industries,Computer and Mathematical Occupations,101280,53770,71590,94860,122460,165820
Indiana,Publishing Industries,Data Scientists,115730,77920,91920,102480,104410,200680
Iowa,Publishing Industries,All Occupations,76820,33210,43990,60730,95000,140610
Iowa,Publishing Industries,Computer and Mathematical Occupations,98670,45950,62010,82050,121660,166990
Kansas,Publishing Industries,All Occupations,105840,36870,49750,81140,158400,190550
Kansas,Publishing Industries,Computer and Mathematical Occupations,109560,62860,74680,104350,133480,167570
Kansas,Publishing Industries,Database Architects,114460,75140,80620,101090,126570,168290
Kentucky,Publishing Industries,All Occupations,86250,34360,44750,71790,102920,167650
Kentucky,Publishing Industries,Computer and Mathematical Occupations,121250,43750,70290,103990,137170,222180
Louisiana,Publishing Industries,All Occupations,74380,29210,39210,61070,101400,139040
Louisiana,Publishing Industries,Computer and Mathematical Occupations,99780,46790,52130,106800,130530,149290
Maine,Publishing Industries,All Occupations,95220,36250,48390,79860,133520,185130
Maine,Publishing Industries,Computer and Mathematical Occupations,122070,61770,91150,116240,162180,185130
Maryland,Publishing Industries,All Occupations,121680,47100,68880,103980,162140,208820
Maryland,Publishing Industries,Computer and Mathematical Occupations,145480,67440,98190,133850,177920,220170
Massachusetts,Publishing Industries,All Occupations,148650,61830,85830,135610,180070,260040
Massachusetts,Publishing Industries,Computer and Mathematical Occupations,148940,80270,115210,146960,173670,213000
Massachusetts,Publishing Industries,Computer and Information Research Scientists,180540,123740,166440,169840,171500,221860
Massachusetts,Publishing Industries,Database Administrators,146300,102690,134050,158800,166900,166900
Massachusetts,Publishing Industries,Database Architects,179250,153350,162780,171270,192180,227810
Massachusetts,Publishing Industries,Data Scientists,150780,100930,106130,139660,174140,220150
Michigan,Publishing Industries,All Occupations,94850,42180,55400,82720,114540,165770
Michigan,Publishing Industries,Computer and Mathematical Occupations,104260,52000,71370,98350,130010,171100
Michigan,Publishing Industries,Database Architects,128670,68560,108440,134140,141480,176810
Michigan,Publishing Industries,Data Scientists,98510,62390,74180,96890,121700,133090
Minnesota,Publishing Industries,All Occupations,91250,44930,50610,73870,116010,167260
Minnesota,Publishing Industries,Computer and Mathematical Occupations,108240,58300,73970,102230,152600,164570
Minnesota,Publishing Industries,Data Scientists,170530,108510,163900,179640,179640,218680
Mississippi,Publishing Industries,All Occupations,61920,27840,37220,52560,78470,105060
Mississippi,Publishing Industries,Computer and Mathematical Occupations,66630,36080,39740,61210,80900,99530
Missouri,Publishing Industries,All Occupations,93790,36650,53740,86320,124950,165890
Missouri,Publishing Industries,Computer and Mathematical Occupations,113970,61380,78710,116000,135010,168350
Missouri,Publishing Industries,Database Administrators,107800,48980,77630,123560,134070,136700
Missouri,Publishing Industries,Data Scientists,98560,74030,82480,95830,100730,112640
Montana,Publishing Industries,All Occupations,84210,34670,45240,66600,107130,165060
Montana,Publishing Industries,Computer and Mathematical Occupations,116480,56840,95220,107130,165060,169180
Nebraska,Publishing Industries,All Occupations,95530,41560,54990,81340,127070,162800
Nebraska,Publishing Industries,Computer and Mathematical Occupations,96170,49250,65650,94870,127290,144730
Nebraska,Publishing Industries,Database Architects,129140,83500,105710,134250,161650,161730
Nebraska,Publishing Industries,Data Scientists,104470,76800,79690,102340,126920,131500
Nevada,Publishing Industries,All Occupations,107070,40640,58640,88350,119990,199290
Nevada,Publishing Industries,Computer and Mathematical Occupations,116370,56160,79080,96480,124770,190850
Nevada,Publishing Industries,Database Architects,192040,189740,189740,189770,194880,196750
Nevada,Publishing Industries,Data Scientists,75370,55220,55220,55220,97840,118800
New Hampshire,Publishing Industries,All Occupations,126890,47930,67390,118990,165890,206970
New Hampshire,Publishing Industries,Computer and Mathematical Occupations,140110,66270,97290,132350,165890,206970
New Jersey,Publishing Industries,All Occupations,132130,51500,72610,104720,172380,221850
New Jersey,Publishing Industries,Computer and Mathematical Occupations,139820,73180,94990,129580,172990,213240
New Jersey,Publishing Industries,Database Architects,118140,94730,97150,97150,152260,165830
New Jersey,Publishing Industries,Data Scientists,132260,108590,110180,140570,144790,148480
New Mexico,Publishing Industries,All Occupations,94820,34270,44530,74190,134300,194990
New Mexico,Publishing Industries,Computer and Mathematical Occupations,127670,75400,109650,128750,138650,168370
New York,Publishing Industries,All Occupations,138450,57830,80620,125430,172260,226420
New York,Publishing Industries,Computer and Mathematical Occupations,148370,77920,103930,138650,174500,214980
New York,Publishing Industries,Computer and Information Research Scientists,227150,191370,205450,215500,272840,293340
New York,Publishing Industries,Database Administrators,143180,64130,109480,154490,177010,211990
New York,Publishing Industries,Database Architects,144840,82090,144440,144440,144990,183050
New York,Publishing Industries,Data Scientists,143060,84440,99720,129810,172180,215070
North Carolina,Publishing Industries,All Occupations,116910,46490,66740,103610,156780,198560
North Carolina,Publishing Industries,Computer and Mathematical Occupations,120700,59510,81940,118620,159240,193540
North Carolina,Publishing Industries,Database Administrators,115750,39650,68150,123240,147510,161800
North Carolina,Publishing Industries,Database Architects,144680,80220,112480,151030,165410,202490
North Carolina,Publishing Industries,Data Scientists,134490,80430,95550,133160,161830,186450
North Dakota,Publishing Industries,All Occupations,77080,37650,49260,70070,101990,121420
North Dakota,Publishing Industries,Computer and Mathematical Occupations,88610,60190,63060,85070,106700,121420
Ohio,Publishing Industries,All Occupations,99850,38440,58140,81960,130470,171300
Ohio,Publishing Industries,Computer and Mathematical Occupations,107430,58870,74990,101350,128900,171300
Ohio,Publishing Industries,Database Administrators,120640,66780,91690,131910,144730,151860
Ohio,Publishing Industries,Data Scientists,97990,60000,61670,78780,140920,167670
Oklahoma,Publishing Industries,All Occupations,82370,29810,39620,72800,103260,173330
Oklahoma,Publishing Industries,Computer and Mathematical Occupations,96220,34670,64280,90040,111090,174910
Oregon,Publishing Industries,All Occupations,119530,51230,70030,108360,156000,196950
Oregon,Publishing Industries,Computer and Mathematical Occupations,122700,58830,82550,131820,156000,166250
Oregon,Publishing Industries,Database Administrators,79000,64660,77210,77210,77210,101430
Oregon,Publishing Industries,Data Scientists,106130,78110,78110,82380,134770,159320
Pennsylvania,Publishing Industries,All Occupations,101060,37460,57390,88470,132820,172160
Pennsylvania,Publishing Industries,Computer and Mathematical Occupations,115910,59040,78060,110380,155230,170860
Pennsylvania,Publishing Industries,Data Scientists,116190,64410,77570,103730,154510,175320
Rhode Island,Publishing Industries,All Occupations,125470,48800,74100,104760,169410,239690
Rhode Island,Publishing Industries,Computer and Mathematical Occupations,125550,81320,93610,125370,167350,195570
South Carolina,Publishing Industries,All Occupations,111130,40330,63090,103060,150780,177570
South Carolina,Publishing Industries,Computer and Mathematical Occupations,132110,71540,97490,129800,177570,180900
South Carolina,Publishing Industries,Database Architects,182460,128520,157690,169100,209380,225790
South Carolina,Publishing Industries,Data Scientists,126730,64240,77470,115990,167840,200960
South Dakota,Publishing Industries,All Occupations,71120,33280,37860,49410,81790,132730
South Dakota,Publishing Industries,Computer and Mathematical Occupations,113300,58830,98260,106230,134170,151410
Tennessee,Publishing Industries,All Occupations,95400,38280,58180,77400,129300,172170
Tennessee,Publishing Industries,Computer and Mathematical Occupations,103380,63510,63510,84020,129570,169600
Tennessee,Publishing Industries,Data Scientists,91690,47640,54220,97320,101820,132040
Texas,Publishing Industries,All Occupations,121470,44600,62580,100650,157480,211970
Texas,Publishing Industries,Computer and Mathematical Occupations,121020,59900,80920,124480,158820,175270
Texas,Publishing Industries,Database Administrators,118020,45040,104700,134970,149600,157770
Texas,Publishing Industries,Database Architects,149590,90010,124930,135790,175140,216030
Texas,Publishing Industries,Data Scientists,118210,62730,79960,107100,155600,175850
Utah,Publishing Industries,All Occupations,126730,51120,78290,119610,164390,208300
Utah,Publishing Industries,Computer and Mathematical Occupations,129760,63240,87350,126620,166810,202190
Utah,Publishing Industries,Database Architects,168590,100080,115280,163110,239990,239990
Utah,Publishing Industries,Data Scientists,132600,81160,102350,132130,170240,182850
Vermont,Publishing Industries,All Occupations,99730,41950,49900,71590,154810,204410
Vermont,Publishing Industries,Computer and Mathematical Occupations,110720,49550,53490,83100,155200,209420
Vermont,Publishing Industries,Data Scientists,127610,98450,131070,131820,131820,131820
Virginia,Publishing Industries,All Occupations,119640,44640,64820,105260,158540,212840
Virginia,Publishing Industries,Computer and Mathematical Occupations,135110,76800,103030,125040,167320,212840
Virginia,Publishing Industries,Database Administrators,125770,65230,97950,136160,165750,178460
Virginia,Publishing Industries,Database Architects,129990,91630,102870,116470,153540,171190
Virginia,Publishing Industries,Data Scientists,168840,61910,84540,163670,229340,288840
Washington,Publishing Industries,All Occupations,161560,64170,108230,166540,211860,255810
Washington,Publishing Industries,Computer and Mathematical Occupations,166330,75290,130440,166540,211860,252250
Washington,Publishing Industries,Computer and Information Research Scientists,221130,177200,211270,211270,267060,267060
Washington,Publishing Industries,Database Administrators,158930,82480,128710,169590,198840,204180
West Virginia,Publishing Industries,All Occupations,72630,23790,30440,45920,88080,167740
West Virginia,Publishing Industries,Computer and Mathematical Occupations,145600,55320,78960,166720,167760,204940
Wisconsin,Publishing Industries,All Occupations,108640,47330,62790,97410,135040,181770
Wisconsin,Publishing Industries,Computer and Mathematical Occupations,116740,64590,80820,105740,142360,166200
Wisconsin,Publishing Industries,Database Administrators,131160,121900,129380,129380,129380,166150
Wisconsin,Publishing Industries,Database Architects,160530,156030,159310,162550,162550,162550
Wisconsin,Publishing Industries,Data Scientists,136950,99840,123330,133860,167600,167600
Wyoming,Publishing Industries,All Occupations,94260,29800,36360,54470,153090,202820
Wyoming,Publishing Industries,Computer and Mathematical Occupations,179600,153090,153090,153740,204200,249160
Puerto Rico,Publishing Industries,All Occupations,51030,23690,30610,42910,60220,90380
Puerto Rico,Publishing Industries,Computer and Mathematical Occupations,73550,36360,49590,69970,94110,113320
Alabama,"Newspaper, Periodical, Book, and Directory Publishers",All Occupations,51730,24440,29680,40230,60480,98580
Alaska,"Newspaper, Periodical, Book, and Directory Publishers",All Occupations,52790,30100,38310,44260,62230,75520
Arizona,"Newspaper, Periodical, Book, and Directory Publishers",All Occupations,66020,32580,37420,53650,76190,111270
Arizona,"Newspaper, Periodical, Book, and Directory Publishers",Computer and Mathematical Occupations,71260,36450,39120,69820,87920,124480
Arkansas,"Newspaper, Periodical, Book, and Directory Publishers",All Occupations,46160,24600,32360,39600,54450,69990
Arkansas,"Newspaper, Periodical, Book, and Directory Publishers",Computer and Mathematical Occupations,63540,37390,48390,60150,77330,84940
California,"Newspaper, Periodical, Book, and Directory Publishers",All Occupations,103090,41860,58120,85400,128550,176290
California,"Newspaper, Periodical, Book, and Directory Publishers",Computer and Mathematical Occupations,135890,63540,95020,132030,168650,206560
California,"Newspaper, Periodical, Book, and Directory Publishers",Data Scientists,154710,65750,125600,158600,183330,228070
Colorado,"Newspaper, Periodical, Book, and Directory Publishers",All Occupations,86670,41410,53780,73630,103530,156640
Colorado,"Newspaper, Periodical, Book, and Directory Publishers",Computer and Mathematical Occupations,119060,56880,78420,120960,157380,177430
Connecticut,"Newspaper, Periodical, Book, and Directory Publishers",All Occupations,87340,38700,46110,72230,101910,153560
Connecticut,"Newspaper, Periodical, Book, and Directory Publishers",Computer and Mathematical Occupations,92220,40220,44400,84660,127680,160140
Delaware,"Newspaper, Periodical, Book, and Directory Publishers",All Occupations,63180,31200,36070,47210,79270,104260
District of Columbia,"Newspaper, Periodical, Book, and Directory Publishers",All Occupations,120520,51330,74810,103590,159340,209710
District of Columbia,"Newspaper, Periodical, Book, and Directory Publishers",Computer and Mathematical Occupations,119280,66720,90000,107710,160110,168060
Florida,"Newspaper, Periodical, Book, and Directory Publishers",All Occupations,86050,37860,49070,67000,101440,152600
Florida,"Newspaper, Periodical, Book, and Directory Publishers",Computer and Mathematical Occupations,116900,61700,75930,111310,136620,183920
Florida,"Newspaper, Periodical, Book, and Directory Publishers",Data Scientists,127680,106970,129570,133250,134150,134150
Georgia,"Newspaper, Periodical, Book, and Directory Publishers",All Occupations,76670,31690,38240,59640,97220,138150
Georgia,"Newspaper, Periodical, Book, and Directory Publishers",Computer and Mathematical Occupations,104900,59090,69880,105170,128120,158240
Georgia,"Newspaper, Periodical, Book, and Directory Publishers",Data Scientists,110690,102910,105170,105170,105170,127290
Hawaii,"Newspaper, Periodical, Book, and Directory Publishers",All Occupations,63500,30070,41720,49230,63670,108070
Idaho,"Newspaper, Periodical, Book, and Directory Publishers",All Occupations,61420,31200,38550,49990,65390,93240
Illinois,"Newspaper, Periodical, Book, and Directory Publishers",All Occupations,93860,37240,50330,77710,124820,170460
Illinois,"Newspaper, Periodical, Book, and Directory Publishers",Computer and Mathematical Occupations,118920,61380,81030,123890,156800,172300
Illinois,"Newspaper, Periodical, Book, and Directory Publishers",Data Scientists,131560,81190,99880,127910,164380,172060
Indiana,"Newspaper, Periodical, Book, and Directory Publishers",All Occupations,61690,29650,36990,48730,71920,105480
Indiana,"Newspaper, Periodical, Book, and Directory Publishers",Computer and Mathematical Occupations,82080,53780,63280,80620,99110,121540
Iowa,"Newspaper, Periodical, Book, and Directory Publishers",All Occupations,61400,29490,38410,50750,72220,107740
Iowa,"Newspaper, Periodical, Book, and Directory Publishers",Computer and Mathematical Occupations,95700,51350,62010,93870,124650,135060
Kansas,"Newspaper, Periodical, Book, and Directory Publishers",All Occupations,57940,26270,36870,48190,62090,101110
Kansas,"Newspaper, Periodical, Book, and Directory Publishers",Computer and Mathematical Occupations,91280,45940,56620,105960,118600,126480
Kentucky,"Newspaper, Periodical, Book, and Directory Publishers",All Occupations,57150,27850,35190,44450,63200,98520
Kentucky,"Newspaper, Periodical, Book, and Directory Publishers",Computer and Mathematical Occupations,77380,28440,47560,95740,100460,118520
Louisiana,"Newspaper, Periodical, Book, and Directory Publishers",All Occupations,55300,23940,31460,49840,68120,91830
Maine,"Newspaper, Periodical, Book, and Directory Publishers",All Occupations,55330,32850,36640,47190,59340,86660
Maryland,"Newspaper, Periodical, Book, and Directory Publishers",All Occupations,93120,43030,50310,76340,106090,167480
Maryland,"Newspaper, Periodical, Book, and Directory Publishers",Computer and Mathematical Occupations,111390,52940,69990,105700,136270,173530
Massachusetts,"Newspaper, Periodical, Book, and Directory Publishers",All Occupations,105060,43900,59210,83630,132500,182230
Massachusetts,"Newspaper, Periodical, Book, and Directory Publishers",Computer and Mathematical Occupations,133640,70910,103080,134170,167960,190230
Massachusetts,"Newspaper, Periodical, Book, and Directory Publishers",Data Scientists,145110,100590,123440,131540,166100,220150
Michigan,"Newspaper, Periodical, Book, and Directory Publishers",All Occupations,69170,31300,40090,57910,79990,117040
Michigan,"Newspaper, Periodical, Book, and Directory Publishers",Computer and Mathematical Occupations,87810,46380,63310,83960,106770,138940
Michigan,"Newspaper, Periodical, Book, and Directory Publishers",Data Scientists,94240,71620,76860,94030,108010,125220
Minnesota,"Newspaper, Periodical, Book, and Directory Publishers",All Occupations,62400,35830,46160,54210,69130,96600
Minnesota,"Newspaper, Periodical, Book, and Directory Publishers",Computer and Mathematical Occupations,79570,41680,61550,78020,86320,137840
Mississippi,"Newspaper, Periodical, Book, and Directory Publishers",All Occupations,46840,21880,29590,38260,55420,79530
Missouri,"Newspaper, Periodical, Book, and Directory Publishers",All Occupations,71610,29250,36810,53580,87300,131230
Missouri,"Newspaper, Periodical, Book, and Directory Publishers",Computer and Mathematical Occupations,103690,61010,77630,99590,131080,136120
Montana,"Newspaper, Periodical, Book, and Directory Publishers",All Occupations,55370,33230,37300,47400,65570,92610
Nebraska,"Newspaper, Periodical, Book, and Directory Publishers",All Occupations,80840,32190,39240,51340,93310,177580
Nebraska,"Newspaper, Periodical, Book, and Directory Publishers",Computer and Mathematical Occupations,105860,56010,67660,83210,160380,176760
Nevada,"Newspaper, Periodical, Book, and Directory Publishers",All Occupations,66630,34740,42380,56860,79320,98850
Nevada,"Newspaper, Periodical, Book, and Directory Publishers",Computer and Mathematical Occupations,103900,39670,60070,91500,159570,159630
New Hampshire,"Newspaper, Periodical, Book, and Directory Publishers",All Occupations,66600,31060,38460,53740,78580,116250
New Hampshire,"Newspaper, Periodical, Book, and Directory Publishers",Computer and Mathematical Occupations,75340,33390,59040,77620,91260,115850
New Jersey,"Newspaper, Periodical, Book, and Directory Publishers",All Occupations,104110,41550,58960,82110,124210,175000
New Jersey,"Newspaper, Periodical, Book, and Directory Publishers",Computer and Mathematical Occupations,113460,60740,81430,103290,143920,166400
New Mexico,"Newspaper, Periodical, Book, and Directory Publishers",All Occupations,57930,30050,37770,47000,68300,89760
New York,"Newspaper, Periodical, Book, and Directory Publishers",All Occupations,120010,48090,67430,100330,151460,212480
New York,"Newspaper, Periodical, Book, and Directory Publishers",Computer and Mathematical Occupations,140130,74710,100200,133840,172190,201510
New York,"Newspaper, Periodical, Book, and Directory Publishers",Database Administrators,131220,67230,103110,130430,165870,183290
New York,"Newspaper, Periodical, Book, and Directory Publishers",Database Architects,115660,61920,70830,102190,152130,180630
New York,"Newspaper, Periodical, Book, and Directory Publishers",Data Scientists,130780,76780,97300,121890,167860,212960
North Carolina,"Newspaper, Periodical, Book, and Directory Publishers",All Occupations,69870,27990,38030,55860,83770,126210
North Carolina,"Newspaper, Periodical, Book, and Directory Publishers",Computer and Mathematical Occupations,111490,57000,74070,102610,147770,177780
North Dakota,"Newspaper, Periodical, Book, and Directory Publishers",All Occupations,51460,30490,37530,45200,60600,75280
Ohio,"Newspaper, Periodical, Book, and Directory Publishers",All Occupations,77420,31080,43320,62750,97200,134820
Ohio,"Newspaper, Periodical, Book, and Directory Publishers",Computer and Mathematical Occupations,105300,59450,74730,99730,133460,162610
Oklahoma,"Newspaper, Periodical, Book, and Directory Publishers",All Occupations,57070,24290,30750,44120,76830,103120
Oklahoma,"Newspaper, Periodical, Book, and Directory Publishers",Computer and Mathematical Occupations,90550,36340,66780,100990,120890,133080
Oregon,"Newspaper, Periodical, Book, and Directory Publishers",All Occupations,57950,31620,37380,50790,65410,88860
Oregon,"Newspaper, Periodical, Book, and Directory Publishers",Computer and Mathematical Occupations,87060,43760,70940,79040,93500,157150
Pennsylvania,"Newspaper, Periodical, Book, and Directory Publishers",All Occupations,67690,29340,37530,54100,77240,123590
Pennsylvania,"Newspaper, Periodical, Book, and Directory Publishers",Computer and Mathematical Occupations,99570,28670,48520,87640,138210,195690
Pennsylvania,"Newspaper, Periodical, Book, and Directory Publishers",Data Scientists,96360,47680,49520,103730,119610,152470
Rhode Island,"Newspaper, Periodical, Book, and Directory Publishers",All Occupations,71300,39750,49030,66230,79930,99530
South Carolina,"Newspaper, Periodical, Book, and Directory Publishers",All Occupations,68630,25040,38460,50720,87710,131990
South Carolina,"Newspaper, Periodical, Book, and Directory Publishers",Computer and Mathematical Occupations,98990,62000,77580,90020,124990,141320
South Dakota,"Newspaper, Periodical, Book, and Directory Publishers",All Occupations,51370,31520,36110,44100,56250,68680
Tennessee,"Newspaper, Periodical, Book, and Directory Publishers",All Occupations,55970,26210,32910,45550,61300,94180
Tennessee,"Newspaper, Periodical, Book, and Directory Publishers",Computer and Mathematical Occupations,57480,28570,38810,51780,66780,92410
Texas,"Newspaper, Periodical, Book, and Directory Publishers",All Occupations,87880,33070,44430,65710,115360,173270
Texas,"Newspaper, Periodical, Book, and Directory Publishers",Computer and Mathematical Occupations,131610,62910,98470,135120,170020,183460
Texas,"Newspaper, Periodical, Book, and Directory Publishers",Database Architects,165290,133060,134410,162620,175140,214650
Texas,"Newspaper, Periodical, Book, and Directory Publishers",Data Scientists,124870,79440,85390,106980,143790,179800
Utah,"Newspaper, Periodical, Book, and Directory Publishers",All Occupations,80500,34000,44550,62060,101840,146450
Utah,"Newspaper, Periodical, Book, and Directory Publishers",Computer and Mathematical Occupations,110900,45100,75920,110330,144600,169990
Vermont,"Newspaper, Periodical, Book, and Directory Publishers",All Occupations,65640,36140,41600,53150,71590,101850
Virginia,"Newspaper, Periodical, Book, and Directory Publishers",All Occupations,97520,35390,46920,76020,126540,173810
Virginia,"Newspaper, Periodical, Book, and Directory Publishers",Computer and Mathematical Occupations,138000,51610,103260,135060,173080,212300
Washington,"Newspaper, Periodical, Book, and Directory Publishers",All Occupations,102430,43380,56180,79590,126660,199270
Washington,"Newspaper, Periodical, Book, and Directory Publishers",Computer and Mathematical Occupations,138950,63140,90200,136900,185100,209980
West Virginia,"Newspaper, Periodical, Book, and Directory Publishers",All Occupations,42010,22180,25170,34100,46820,69090
Wisconsin,"Newspaper, Periodical, Book, and Directory Publishers",All Occupations,66310,35010,42220,53420,77020,109270
Wisconsin,"Newspaper, Periodical, Book, and Directory Publishers",Computer and Mathematical Occupations,92580,48270,60520,89060,109500,131010
Wyoming,"Newspaper, Periodical, Book, and Directory Publishers",All Occupations,53720,25820,31500,38950,53710,110150
Puerto Rico,"Newspaper, Periodical, Book, and Directory Publishers",All Occupations,46380,23050,29660,38780,54520,78440
Alabama,Newspaper Publishers,All Occupations,40470,23090,28420,34970,45940,60700
Alaska,Newspaper Publishers,All Occupations,49600,30100,38310,43780,60180,72840
Arizona,Newspaper Publishers,All Occupations,57740,31630,34670,46660,64280,98220
Arkansas,Newspaper Publishers,All Occupations,40600,24600,28760,35770,44460,60940
California,Newspaper Publishers,All Occupations,86200,38470,46860,68640,106550,158620
California,Newspaper Publishers,Computer and Mathematical Occupations,119920,64250,81140,115900,155750,176300
Colorado,Newspaper Publishers,All Occupations,71210,33720,44450,59980,79850,138630
Colorado,Newspaper Publishers,Computer and Mathematical Occupations,145910,76410,111870,156640,166160,195380
Connecticut,Newspaper Publishers,All Occupations,63910,34830,38390,46870,73430,100390
Connecticut,Newspaper Publishers,Computer and Mathematical Occupations,87660,34010,46310,84450,99700,127680
Delaware,Newspaper Publishers,All Occupations,54590,31200,34650,44390,62730,92590
District of Columbia,Newspaper Publishers,All Occupations,122480,46350,67080,109360,169080,214650
Florida,Newspaper Publishers,All Occupations,70630,35610,46670,56890,79440,118060
Florida,Newspaper Publishers,Computer and Mathematical Occupations,96660,49880,86590,97110,103540,129700
Georgia,Newspaper Publishers,All Occupations,78330,31600,39610,61470,101990,138690
Georgia,Newspaper Publishers,Computer and Mathematical Occupations,100920,59860,78330,101870,123200,127290
Hawaii,Newspaper Publishers,All Occupations,47480,30070,39400,46850,53810,56690
Idaho,Newspaper Publishers,All Occupations,55850,30640,36860,49060,66000,82410
Illinois,Newspaper Publishers,All Occupations,55140,31200,35930,46710,62440,86870
Illinois,Newspaper Publishers,Computer and Mathematical Occupations,83060,54440,61770,82390,96900,141230
Indiana,Newspaper Publishers,All Occupations,48450,28010,31970,39530,52390,73700
Iowa,Newspaper Publishers,All Occupations,49720,26220,33360,42720,52000,74920
Kansas,Newspaper Publishers,All Occupations,45760,22930,28220,37440,48010,73440
Kansas,Newspaper Publishers,Computer and Mathematical Occupations,113060,118600,118600,118600,118600,133870
Kentucky,Newspaper Publishers,All Occupations,42730,24630,29320,37350,46460,63490
Louisiana,Newspaper Publishers,All Occupations,47480,22210,27080,38730,62410,87490
Maine,Newspaper Publishers,All Occupations,46630,32610,36780,46410,51400,61970
Maryland,Newspaper Publishers,All Occupations,77500,36810,47480,63970,93690,123960
Maryland,Newspaper Publishers,Computer and Mathematical Occupations,96720,46060,67710,111400,114350,123110
Massachusetts,Newspaper Publishers,All Occupations,74710,36930,43410,61490,88560,133270
Massachusetts,Newspaper Publishers,Computer and Mathematical Occupations,134840,79100,110080,132180,169690,170920
Michigan,Newspaper Publishers,All Occupations,61550,27870,35880,47980,76880,107790
Minnesota,Newspaper Publishers,All Occupations,51900,29290,35470,45500,61660,76160
Mississippi,Newspaper Publishers,All Occupations,45040,21690,27950,37800,52580,77530
Missouri,Newspaper Publishers,All Occupations,50610,28600,30970,39710,56120,89800
Montana,Newspaper Publishers,All Occupations,47700,31840,35280,44410,54300,72480
Nebraska,Newspaper Publishers,All Occupations,46710,30890,36280,41550,47500,64880
Nevada,Newspaper Publishers,All Occupations,62740,31200,41400,51110,69990,99170
New Hampshire,Newspaper Publishers,All Occupations,51250,29200,34230,45510,56150,80560
New Jersey,Newspaper Publishers,All Occupations,73910,36050,43710,63020,85980,118540
New Mexico,Newspaper Publishers,All Occupations,55130,30060,35930,44180,58060,99180
New York,Newspaper Publishers,All Occupations,118840,43510,67430,105730,160340,207750
New York,Newspaper Publishers,Computer and Mathematical Occupations,140420,78350,110670,138660,174500,174500
New York,Newspaper Publishers,Data Scientists,126350,97300,104610,127990,140390,169380
North Carolina,Newspaper Publishers,All Occupations,49720,26780,31250,41630,59260,83020
North Dakota,Newspaper Publishers,All Occupations,51100,29950,37490,43710,60600,72850
Ohio,Newspaper Publishers,All Occupations,64560,28930,37120,49580,76970,108930
Ohio,Newspaper Publishers,Computer and Mathematical Occupations,109810,58700,102120,107660,134140,140220
Oklahoma,Newspaper Publishers,All Occupations,46860,22230,28890,36240,53250,83660
Oregon,Newspaper Publishers,All Occupations,46860,30070,32310,38240,55880,72510
Pennsylvania,Newspaper Publishers,All Occupations,50880,24960,31870,44650,58520,81900
Pennsylvania,Newspaper Publishers,Computer and Mathematical Occupations,73440,45930,49480,69690,86660,116860
Rhode Island,Newspaper Publishers,All Occupations,67930,41000,49880,66230,77570,95080
South Carolina,Newspaper Publishers,All Occupations,50670,22060,33530,42900,57080,83660
South Dakota,Newspaper Publishers,All Occupations,44850,30730,35380,43900,51940,60300
Tennessee,Newspaper Publishers,All Occupations,42730,22890,27940,35050,45380,70940
Tennessee,Newspaper Publishers,Computer and Mathematical Occupations,47350,22780,27270,40490,52300,75860
Texas,Newspaper Publishers,All Occupations,52240,26620,32010,43280,60360,86150
Texas,Newspaper Publishers,Computer and Mathematical Occupations,138960,65940,123050,137140,168920,175640
Utah,Newspaper Publishers,All Occupations,64550,34700,39210,57990,75920,101830
Vermont,Newspaper Publishers,All Occupations,50550,32260,38220,45330,55620,74150
Virginia,Newspaper Publishers,All Occupations,72680,31200,38500,50470,83800,136210
Virginia,Newspaper Publishers,Computer and Mathematical Occupations,112340,31200,40790,125040,170970,183240
Washington,Newspaper Publishers,All Occupations,83850,37890,46030,63160,94120,141390
Washington,Newspaper Publishers,Computer and Mathematical Occupations,132060,63810,79490,124570,161730,255920
West Virginia,Newspaper Publishers,All Occupations,37500,21390,24100,31770,45290,61270
Wisconsin,Newspaper Publishers,All Occupations,53180,29010,37420,45830,60780,84150
Wyoming,Newspaper Publishers,All Occupations,41930,25820,31220,36990,46550,64100
Puerto Rico,Newspaper Publishers,All Occupations,48620,22400,30460,44310,59660,78960
Alabama,Software Publishers,All Occupations,104880,47190,68330,79230,133440,185730
Alabama,Software Publishers,Computer and Mathematical Occupations,105540,48070,71590,99730,133580,174580
Alabama,Software Publishers,Data Scientists,117980,80210,102450,122290,129260,154660
Arizona,Software Publishers,All Occupations,115580,46370,68790,101100,146980,192030
Arizona,Software Publishers,Computer and Mathematical Occupations,119350,58700,79640,108610,154020,189990
Arkansas,Software Publishers,All Occupations,95500,40390,53100,79280,127150,171720
Arkansas,Software Publishers,Computer and Mathematical Occupations,95040,37700,59990,83860,124990,153630
California,Software Publishers,All Occupations,172150,78760,111770,167300,215380,283410
California,Software Publishers,Computer and Mathematical Occupations,168180,84400,126340,170570,213280,250540
California,Software Publishers,Computer and Information Research Scientists,186790,114990,136710,170180,203920,298320
California,Software Publishers,Database Administrators,125170,59350,73850,117160,155610,214830
California,Software Publishers,Database Architects,187090,122890,148230,176180,209990,276830
California,Software Publishers,Data Scientists,178620,117380,139150,174100,216480,269830
Colorado,Software Publishers,All Occupations,144080,64550,98180,134080,172070,218590
Colorado,Software Publishers,Computer and Mathematical Occupations,150110,77420,102660,150540,180300,216210
Colorado,Software Publishers,Database Architects,160800,113370,132350,170600,188890,202120
Colorado,Software Publishers,Data Scientists,147330,82060,109990,139290,201220,209500
Connecticut,Software Publishers,All Occupations,114840,47290,64270,92820,158660,213730
Connecticut,Software Publishers,Computer and Mathematical Occupations,113480,59290,80590,94030,143020,183720
Delaware,Software Publishers,All Occupations,151580,73730,100820,128930,232750,232750
Delaware,Software Publishers,Computer and Mathematical Occupations,177590,78310,102990,232750,232750,232750
District of Columbia,Software Publishers,All Occupations,146890,85930,100240,134050,176240,200510
District of Columbia,Software Publishers,Computer and Mathematical Occupations,138080,86200,96350,133290,177030,200320
Florida,Software Publishers,All Occupations,128140,51890,76310,113360,166550,218330
Florida,Software Publishers,Computer and Mathematical Occupations,130050,51550,77630,123550,169370,218330
Florida,Software Publishers,Database Architects,145600,123640,132520,152680,155880,168120
Florida,Software Publishers,Data Scientists,116160,50220,81170,129720,142160,155170
Georgia,Software Publishers,All Occupations,119670,52000,68990,103730,157840,200430
Georgia,Software Publishers,Computer and Mathematical Occupations,112590,52000,64600,105650,156310,172870
Georgia,Software Publishers,Database Administrators,138380,105040,121600,139160,169040,170150
Georgia,Software Publishers,Database Architects,137190,103390,122660,128280,152400,166460
Georgia,Software Publishers,Data Scientists,100600,61310,84280,90960,106730,133800
Idaho,Software Publishers,All Occupations,129250,63000,72080,114630,164120,237950
Idaho,Software Publishers,Computer and Mathematical Occupations,122590,67550,71030,127570,161680,165860
Illinois,Software Publishers,All Occupations,124390,55790,72790,115990,162880,208290
Illinois,Software Publishers,Computer and Mathematical Occupations,122570,61760,84360,122720,161410,193160
Illinois,Software Publishers,Database Administrators,72600,36830,36830,36830,124560,146640
Illinois,Software Publishers,Data Scientists,128960,81270,91390,130600,170000,185300
Indiana,Software Publishers,All Occupations,99960,45170,65230,93090,123880,165420
Indiana,Software Publishers,Computer and Mathematical Occupations,103580,52690,72790,97980,123170,171750
Indiana,Software Publishers,Data Scientists,117380,82070,91990,102480,104410,200700
Iowa,Software Publishers,All Occupations,104860,46550,62290,82220,129040,203040
Iowa,Software Publishers,Computer and Mathematical Occupations,98980,45950,62080,80680,121290,166990
Kansas,Software Publishers,All Occupations,136100,51570,77870,131150,159990,212700
Kansas,Software Publishers,Computer and Mathematical Occupations,110950,64900,74680,104350,138390,170530
Kansas,Software Publishers,Database Architects,114460,75140,80620,101090,126570,168290
Kentucky,Software Publishers,All Occupations,107010,47900,64990,82270,128100,185390
Kentucky,Software Publishers,Computer and Mathematical Occupations,122940,44230,75340,104180,138480,222180
Louisiana,Software Publishers,All Occupations,91150,34220,47250,77700,128210,157660
Louisiana,Software Publishers,Computer and Mathematical Occupations,100770,46790,52140,108260,130530,149290
Maine,Software Publishers,All Occupations,125190,64120,83760,105380,162560,201470
Maine,Software Publishers,Computer and Mathematical Occupations,123000,62200,91150,123790,162740,185130
Maryland,Software Publishers,All Occupations,139590,62060,92720,134960,175380,213300
Maryland,Software Publishers,Computer and Mathematical Occupations,149740,72210,101670,149280,191100,222360
Massachusetts,Software Publishers,All Occupations,159040,74480,101290,144810,202560,260110
Massachusetts,Software Publishers,Computer and Mathematical Occupations,150130,80740,124010,156730,173670,213130
Massachusetts,Software Publishers,Computer and Information Research Scientists,180540,123740,166440,169840,171500,221860
Massachusetts,Software Publishers,Database Administrators,155720,134760,139900,166900,166900,166900
Massachusetts,Software Publishers,Database Architects,181550,156670,162780,171270,209830,227810
Massachusetts,Software Publishers,Data Scientists,153010,101630,106050,163820,176730,217800
Michigan,Software Publishers,All Occupations,107070,50680,65750,101750,127240,172480
Michigan,Software Publishers,Computer and Mathematical Occupations,105230,53180,73370,98800,130630,171150
Michigan,Software Publishers,Database Architects,135740,104450,111830,134280,165140,176830
Michigan,Software Publishers,Data Scientists,100060,62390,67870,98730,124530,133300
Minnesota,Software Publishers,All Occupations,114400,51270,72280,100220,152600,187320
Minnesota,Software Publishers,Computer and Mathematical Occupations,109640,59230,73970,102850,152600,166170
Minnesota,Software Publishers,Data Scientists,170530,108510,163900,179640,179640,218680
Mississippi,Software Publishers,All Occupations,73120,38020,48120,61210,84390,132420
Mississippi,Software Publishers,Computer and Mathematical Occupations,66630,36080,40200,61210,80900,99530
Missouri,Software Publishers,All Occupations,104240,50810,66860,91870,130260,169530
Missouri,Software Publishers,Computer and Mathematical Occupations,115280,61380,78760,119710,136980,169310
Montana,Software Publishers,All Occupations,119520,51970,77850,114460,162400,171150
Montana,Software Publishers,Computer and Mathematical Occupations,116980,57050,95220,107790,165060,169180
Nebraska,Software Publishers,All Occupations,100200,49030,64050,93740,128860,161650
Nebraska,Software Publishers,Computer and Mathematical Occupations,95680,49250,65030,95540,126440,138940
Nebraska,Software Publishers,Database Architects,129140,83500,105710,134250,161650,161730
Nevada,Software Publishers,All Occupations,113650,45520,77570,91790,122920,208810
Nevada,Software Publishers,Database Architects,192040,189740,189740,189770,194880,196750
Nevada,Software Publishers,Data Scientists,75470,55220,55220,55220,97850,118800
New Hampshire,Software Publishers,All Occupations,146040,64570,95530,129940,173790,209010
New Hampshire,Software Publishers,Computer and Mathematical Occupations,141320,67260,99030,135160,169540,206970
New Jersey,Software Publishers,All Occupations,152060,63460,92920,142000,187930,269450
New Jersey,Software Publishers,Computer and Mathematical Occupations,143870,76010,94990,134620,172990,214770
New Jersey,Software Publishers,Database Architects,111590,94730,94730,97150,141220,156020
New Jersey,Software Publishers,Data Scientists,132240,108590,108590,144790,144790,167080
New Mexico,Software Publishers,All Occupations,139860,65200,101780,135720,194990,205410
New Mexico,Software Publishers,Computer and Mathematical Occupations,130040,83880,109650,128750,138650,168370
New York,Software Publishers,All Occupations,159440,77200,102210,151400,204990,276850
New York,Software Publishers,Computer and Mathematical Occupations,150270,79490,105130,144440,176450,216030
New York,Software Publishers,Computer and Information Research Scientists,227150,191370,205450,215500,272840,293340
New York,Software Publishers,Database Administrators,158860,64130,109500,170460,191050,211990
New York,Software Publishers,Database Architects,155610,144440,144440,144440,144990,209480
New York,Software Publishers,Data Scientists,148690,85250,100750,134140,176940,220410
North Carolina,Software Publishers,All Occupations,125110,55710,77440,118320,161670,203730
North Carolina,Software Publishers,Computer and Mathematical Occupations,120920,59520,81940,118620,159480,193540
North Carolina,Software Publishers,Database Administrators,126890,68150,97180,128220,150260,161800
North Carolina,Software Publishers,Database Architects,144340,80220,112480,146370,164910,202490
North Carolina,Software Publishers,Data Scientists,135320,80170,95550,133330,161900,192910
North Dakota,Software Publishers,All Occupations,89960,51460,62540,85110,111490,125000
North Dakota,Software Publishers,Computer and Mathematical Occupations,88680,60190,63060,85110,110570,121420
Ohio,Software Publishers,All Occupations,116410,50120,70930,102060,155810,190660
Ohio,Software Publishers,Computer and Mathematical Occupations,107750,58800,74990,101350,127840,176150
Ohio,Software Publishers,Data Scientists,91380,60000,60000,76900,101990,175850
Oklahoma,Software Publishers,All Occupations,102380,44470,69000,82900,153130,173330
Oklahoma,Software Publishers,Computer and Mathematical Occupations,96720,34670,64280,90040,111090,174910
Oregon,Software Publishers,All Occupations,129090,58990,80420,130320,162280,206560
Oregon,Software Publishers,Computer and Mathematical Occupations,123120,59060,82870,132030,156000,166250
Oregon,Software Publishers,Database Administrators,79000,64660,77210,77210,77210,101430
Oregon,Software Publishers,Data Scientists,106470,78110,78110,84290,134770,159360
Pennsylvania,Software Publishers,All Occupations,118640,57560,77000,104960,155320,192990
Pennsylvania,Software Publishers,Computer and Mathematical Occupations,116720,60160,79210,113550,155230,170690
Pennsylvania,Software Publishers,Data Scientists,120340,73440,82740,102750,160220,178140
Rhode Island,Software Publishers,All Occupations,154850,82040,103890,137200,212650,239690
Rhode Island,Software Publishers,Computer and Mathematical Occupations,127610,81950,93100,125930,167350,202550
South Carolina,Software Publishers,All Occupations,128200,62400,83680,123850,164220,191850
South Carolina,Software Publishers,Computer and Mathematical Occupations,133950,72140,98870,130180,177570,187500
South Carolina,Software Publishers,Database Architects,182460,128520,157690,169100,209380,225790
South Carolina,Software Publishers,Data Scientists,122090,64240,77470,115990,130180,171150
South Dakota,Software Publishers,All Occupations,126640,58830,101250,126440,145340,200240
South Dakota,Software Publishers,Computer and Mathematical Occupations,120530,61000,101300,126440,140830,152870
Tennessee,Software Publishers,All Occupations,105600,50440,63510,84810,132640,173220
Tennessee,Software Publishers,Computer and Mathematical Occupations,104180,63510,63510,84810,129570,170770
Tennessee,Software Publishers,Data Scientists,91520,47640,47640,93310,101820,132040
Texas,Software Publishers,All Occupations,135710,56400,77570,119690,163830,218680
Texas,Software Publishers,Computer and Mathematical Occupations,119540,59800,80180,122240,156420,173990
Texas,Software Publishers,Database Administrators,117470,45040,104700,131860,149610,159330
Texas,Software Publishers,Database Architects,147880,80850,122880,135790,175290,216030
Texas,Software Publishers,Data Scientists,115920,60440,72620,107100,160790,168690
Utah,Software Publishers,All Occupations,132580,60540,83980,125400,167190,212080
Utah,Software Publishers,Computer and Mathematical Occupations,130520,63520,88650,127440,167190,202660
Utah,Software Publishers,Database Architects,169400,100080,113960,164750,239990,239990
Utah,Software Publishers,Data Scientists,135240,79400,101120,135240,170240,182850
Vermont,Software Publishers,All Occupations,119700,49550,60150,104170,166520,209420
Vermont,Software Publishers,Computer and Mathematical Occupations,111190,49550,53490,83100,159490,209420
Vermont,Software Publishers,Data Scientists,127610,98450,131070,131820,131820,131820
Virginia,Software Publishers,All Occupations,136010,63500,89820,123720,169170,219990
Virginia,Software Publishers,Computer and Mathematical Occupations,134640,77750,102960,123720,166970,213060
Virginia,Software Publishers,Database Architects,112740,91630,96720,106010,118820,142750
Virginia,Software Publishers,Data Scientists,170270,61910,84500,167120,229340,288840
Washington,Software Publishers,All Occupations,165220,74330,129050,166540,211860,257960
Washington,Software Publishers,Computer and Mathematical Occupations,166750,75570,130690,166540,211860,255810
Washington,Software Publishers,Computer and Information Research Scientists,223030,177200,211270,221730,267060,275050
Washington,Software Publishers,Database Administrators,159060,82480,128710,169590,198840,204180
West Virginia,Software Publishers,All Occupations,114990,45480,59740,97510,166720,189910
West Virginia,Software Publishers,Computer and Mathematical Occupations,146700,55320,81110,166720,168620,204990
Wisconsin,Software Publishers,All Occupations,120230,59590,76600,103580,156030,198760
Wisconsin,Software Publishers,Computer and Mathematical Occupations,117380,65440,80820,107690,153810,166200
Wisconsin,Software Publishers,Database Administrators,131140,121830,129380,129380,129380,166150
Wisconsin,Software Publishers,Database Architects,160530,156030,159310,162550,162550,162550
Wyoming,Software Publishers,All Occupations,165950,71230,153090,153740,202820,249160
Wyoming,Software Publishers,Computer and Mathematical Occupations,180210,153090,153090,155110,204200,249160
Alabama,Broadcasting and Content Providers,All Occupations,60600,27990,38700,47580,69790,101950
Alaska,Broadcasting and Content Providers,All Occupations,71680,37380,45610,59040,81130,118770
Arizona,Broadcasting and Content Providers,All Occupations,92450,35830,47760,66350,123160,163010
Arizona,Broadcasting and Content Providers,Computer and Mathematical Occupations,103770,46570,63310,100140,135920,168860
Arkansas,Broadcasting and Content Providers,All Occupations,48120,25270,33610,39000,54390,80880
California,Broadcasting and Content Providers,All Occupations,155620,54750,80600,131010,208660,292240
California,Broadcasting and Content Providers,Computer and Mathematical Occupations,180720,91710,129900,173810,221770,276530
California,Broadcasting and Content Providers,Computer and Information Research Scientists,221200,147340,170830,219610,303830,315700
California,Broadcasting and Content Providers,Database Administrators,152850,98840,120390,124230,199670,227630
California,Broadcasting and Content Providers,Database Architects,213350,142310,170150,212750,219020,285740
California,Broadcasting and Content Providers,Statisticians,197380,111370,158290,215760,259860,265290
California,Broadcasting and Content Providers,Data Scientists,194590,101890,163600,202200,221870,279700
Colorado,Broadcasting and Content Providers,All Occupations,97070,43670,51710,79170,123240,172810
Colorado,Broadcasting and Content Providers,Computer and Mathematical Occupations,134250,72490,103740,135130,167010,195620
Connecticut,Broadcasting and Content Providers,All Occupations,112150,46200,57360,83550,127620,181750
Connecticut,Broadcasting and Content Providers,Computer and Mathematical Occupations,93190,39330,53240,79030,122090,167740
Delaware,Broadcasting and Content Providers,All Occupations,77980,36410,52280,71850,94890,137930
District of Columbia,Broadcasting and Content Providers,All Occupations,137040,59990,81980,106310,149330,215700
District of Columbia,Broadcasting and Content Providers,Computer and Mathematical Occupations,139260,76680,96930,133070,166320,216780
Florida,Broadcasting and Content Providers,All Occupations,84570,36460,46990,65010,98720,153000
Florida,Broadcasting and Content Providers,Computer and Mathematical Occupations,114520,47920,65930,103740,153780,207770
Georgia,Broadcasting and Content Providers,All Occupations,91090,36000,49130,74720,105140,164430
Georgia,Broadcasting and Content Providers,Computer and Mathematical Occupations,112560,46060,71800,119100,141060,163520
Georgia,Broadcasting and Content Providers,Data Scientists,126880,100190,120830,134390,134480,135050
Hawaii,Broadcasting and Content Providers,All Occupations,88510,38260,48780,62400,98730,178140
Hawaii,Broadcasting and Content Providers,Computer and Mathematical Occupations,175050,151970,151970,155570,219050,219070
Idaho,Broadcasting and Content Providers,All Occupations,66320,31310,39850,50010,74660,114750
Illinois,Broadcasting and Content Providers,All Occupations,92340,36170,46030,76740,113630,172350
Illinois,Broadcasting and Content Providers,Computer and Mathematical Occupations,102400,61380,76780,83650,129990,166130
Indiana,Broadcasting and Content Providers,All Occupations,62930,31520,37630,48340,74410,107590
Indiana,Broadcasting and Content Providers,Computer and Mathematical Occupations,77940,35390,46850,63980,99110,122490
Iowa,Broadcasting and Content Providers,All Occupations,58600,30380,38180,48890,68090,100720
Iowa,Broadcasting and Content Providers,Computer and Mathematical Occupations,70610,37110,39720,63030,87500,130570
Kansas,Broadcasting and Content Providers,All Occupations,63010,28080,35620,47170,70840,136490
Kansas,Broadcasting and Content Providers,Computer and Mathematical Occupations,69600,34110,48100,55120,99990,103290
Kentucky,Broadcasting and Content Providers,All Occupations,62280,25700,39550,50380,71210,103730
Louisiana,Broadcasting and Content Providers,All Occupations,60880,28730,38110,49130,72200,113640
Louisiana,Broadcasting and Content Providers,Computer and Mathematical Occupations,88500,37440,45770,77710,147660,165190
Maine,Broadcasting and Content Providers,All Occupations,62230,33830,41390,49090,70240,100420
Maryland,Broadcasting and Content Providers,All Occupations,89940,37380,50030,72200,101680,163950
Maryland,Broadcasting and Content Providers,Computer and Mathematical Occupations,149010,51220,76820,102460,285480,293000
Massachusetts,Broadcasting and Content Providers,All Occupations,102420,42550,52700,79930,126630,201590
Massachusetts,Broadcasting and Content Providers,Computer and Mathematical Occupations,172340,75820,100560,168880,259270,290500
Michigan,Broadcasting and Content Providers,All Occupations,76810,30960,39690,60990,93400,144420
Michigan,Broadcasting and Content Providers,Computer and Mathematical Occupations,70480,42660,50220,58440,92790,125220
Minnesota,Broadcasting and Content Providers,All Occupations,69240,31540,37350,50380,79780,118300
Minnesota,Broadcasting and Content Providers,Computer and Mathematical Occupations,91160,36020,67300,79280,105070,145450
Mississippi,Broadcasting and Content Providers,All Occupations,57630,23310,33000,44570,61930,119280
Missouri,Broadcasting and Content Providers,All Occupations,66710,34460,45660,53970,78970,107540
Missouri,Broadcasting and Content Providers,Computer and Mathematical Occupations,90250,51770,62330,83780,105540,134020
Montana,Broadcasting and Content Providers,All Occupations,55870,30140,35470,48250,69110,97360
Montana,Broadcasting and Content Providers,Computer and Mathematical Occupations,76930,62290,69110,69990,70990,124070
Nebraska,Broadcasting and Content Providers,All Occupations,66490,33280,42560,55730,78110,114910
Nebraska,Broadcasting and Content Providers,Computer and Mathematical Occupations,78990,47390,58590,76420,92270,138850
Nevada,Broadcasting and Content Providers,All Occupations,79480,36940,44350,62110,99990,136480
Nevada,Broadcasting and Content Providers,Computer and Mathematical Occupations,124540,59060,75110,105880,190520,195670
New Hampshire,Broadcasting and Content Providers,All Occupations,73270,37590,45390,62540,78630,123710
New Jersey,Broadcasting and Content Providers,All Occupations,150970,56270,86780,145310,200360,274890
New Jersey,Broadcasting and Content Providers,Computer and Mathematical Occupations,171170,94740,131120,167450,217820,270660
New Jersey,Broadcasting and Content Providers,Database Architects,114340,86780,98210,98470,131540,166930
New Jersey,Broadcasting and Content Providers,Data Scientists,174460,131330,137480,167450,214130,220210
New Mexico,Broadcasting and Content Providers,All Occupations,64200,26590,36280,47950,73660,127950
New York,Broadcasting and Content Providers,All Occupations,156680,59660,81660,128480,174990,279910
New York,Broadcasting and Content Providers,Computer and Mathematical Occupations,162770,78540,124350,167440,210200,224550
New York,Broadcasting and Content Providers,Database Architects,147230,104260,104350,131180,180440,212360
New York,Broadcasting and Content Providers,Data Scientists,170510,100410,133660,167010,214080,223690
North Carolina,Broadcasting and Content Providers,All Occupations,82710,33540,45420,61950,96170,155990
North Carolina,Broadcasting and Content Providers,Computer and Mathematical Occupations,131510,57920,76940,128750,173810,214040
North Dakota,Broadcasting and Content Providers,All Occupations,65510,29870,38820,52700,79210,105210
Ohio,Broadcasting and Content Providers,All Occupations,74220,31470,43700,61620,83760,129640
Ohio,Broadcasting and Content Providers,Computer and Mathematical Occupations,94880,46880,67310,89220,107160,132700
Oklahoma,Broadcasting and Content Providers,All Occupations,63230,29540,38180,50190,76500,102990
Oregon,Broadcasting and Content Providers,All Occupations,89300,38520,48000,70720,99840,153030
Oregon,Broadcasting and Content Providers,Computer and Mathematical Occupations,102250,61970,78250,100170,119470,139530
Oregon,Broadcasting and Content Providers,Data Scientists,98390,77770,80790,109320,110300,114610
Pennsylvania,Broadcasting and Content Providers,All Occupations,84890,31190,46210,64960,100600,159520
Pennsylvania,Broadcasting and Content Providers,Computer and Mathematical Occupations,111860,33300,48250,120680,160290,169630
Rhode Island,Broadcasting and Content Providers,All Occupations,85660,36440,47350,67090,104550,149800
South Carolina,Broadcasting and Content Providers,All Occupations,68380,30960,38760,47680,79250,133930
South Carolina,Broadcasting and Content Providers,Computer and Mathematical Occupations,120190,66410,78380,134290,149780,160100
South Dakota,Broadcasting and Content Providers,All Occupations,58670,29480,37070,46080,63650,110230
Tennessee,Broadcasting and Content Providers,All Occupations,71900,30840,40440,57340,80300,132380
Tennessee,Broadcasting and Content Providers,Computer and Mathematical Occupations,89170,47230,53260,67020,130410,183580
Texas,Broadcasting and Content Providers,All Occupations,82370,34920,43200,58890,97340,160240
Texas,Broadcasting and Content Providers,Computer and Mathematical Occupations,110480,52600,64460,119390,136480,165890
Texas,Broadcasting and Content Providers,Data Scientists,115500,39670,79400,115330,155930,183190
Utah,Broadcasting and Content Providers,All Occupations,81400,35290,45850,61800,100160,165990
Utah,Broadcasting and Content Providers,Computer and Mathematical Occupations,137050,72760,93160,138370,170260,196160
Vermont,Broadcasting and Content Providers,All Occupations,75640,34330,42430,51400,82470,127490
Virginia,Broadcasting and Content Providers,All Occupations,80610,35950,45620,62490,99410,143080
Virginia,Broadcasting and Content Providers,Computer and Mathematical Occupations,110550,58170,76020,107190,143080,168200
Washington,Broadcasting and Content Providers,All Occupations,180670,59030,92680,161510,213250,345400
Washington,Broadcasting and Content Providers,Computer and Mathematical Occupations,199220,84060,129330,168590,213600,345400
Washington,Broadcasting and Content Providers,Statisticians,143100,101020,123080,133610,167290,181370
Washington,Broadcasting and Content Providers,Data Scientists,205210,75290,129680,171390,214690,394480
West Virginia,Broadcasting and Content Providers,All Occupations,57900,25410,33540,41650,67250,100560
West Virginia,Broadcasting and Content Providers,Computer and Mathematical Occupations,92950,41680,52070,67660,132750,168280
Wisconsin,Broadcasting and Content Providers,All Occupations,72210,34040,41600,60510,87560,125830
Wisconsin,Broadcasting and Content Providers,Computer and Mathematical Occupations,91930,46910,57570,84340,108540,139200
Wyoming,Broadcasting and Content Providers,All Occupations,53540,27850,33330,44540,60880,85680
Guam,Broadcasting and Content Providers,All Occupations,37240,22110,25310,28460,44130,63430
Puerto Rico,Broadcasting and Content Providers,All Occupations,46400,22160,24560,33990,47210,68080
Puerto Rico,Broadcasting and Content Providers,Computer and Mathematical Occupations,38670,22370,30600,31790,40210,58640
Alabama,Radio and Television Broadcasting Stations,All Occupations,60220,27990,38840,47360,66700,101320
Alaska,Radio and Television Broadcasting Stations,All Occupations,71490,37310,45230,58500,79420,122820
Arizona,Radio and Television Broadcasting Stations,All Occupations,84490,34400,41800,60270,93880,165740
Arizona,Radio and Television Broadcasting Stations,Computer and Mathematical Occupations,91470,62290,69020,87620,109990,142650
Arkansas,Radio and Television Broadcasting Stations,All Occupations,47640,25550,33770,40860,56890,77570
California,Radio and Television Broadcasting Stations,All Occupations,98350,37940,48550,74380,111000,170920
California,Radio and Television Broadcasting Stations,Computer and Mathematical Occupations,92470,47920,61320,79800,110880,155470
Colorado,Radio and Television Broadcasting Stations,All Occupations,74730,37440,44890,59580,84540,125240
Connecticut,Radio and Television Broadcasting Stations,All Occupations,76040,34680,46200,58830,83240,138710
District of Columbia,Radio and Television Broadcasting Stations,All Occupations,123330,50090,74700,104270,141410,215300
District of Columbia,Radio and Television Broadcasting Stations,Computer and Mathematical Occupations,117730,72670,91540,122080,133070,164860
Florida,Radio and Television Broadcasting Stations,All Occupations,78390,34190,42040,61390,95070,133340
Florida,Radio and Television Broadcasting Stations,Computer and Mathematical Occupations,114390,52370,74230,97550,164900,201820
Georgia,Radio and Television Broadcasting Stations,All Occupations,88660,34210,47010,73800,99580,164590
Georgia,Radio and Television Broadcasting Stations,Computer and Mathematical Occupations,91430,67170,67300,76480,98580,141060
Hawaii,Radio and Television Broadcasting Stations,All Occupations,78970,38260,48530,61550,82420,140320
Idaho,Radio and Television Broadcasting Stations,All Occupations,59620,30960,38740,47180,65660,98630
Illinois,Radio and Television Broadcasting Stations,All Occupations,92680,34810,45370,78190,110340,164400
Illinois,Radio and Television Broadcasting Stations,Computer and Mathematical Occupations,96990,45690,75660,90720,137010,142460
Indiana,Radio and Television Broadcasting Stations,All Occupations,58010,29330,36750,46290,64640,97260
Iowa,Radio and Television Broadcasting Stations,All Occupations,58580,31040,38410,48990,66270,100720
Kansas,Radio and Television Broadcasting Stations,All Occupations,53320,27510,34040,42750,58530,102330
Kentucky,Radio and Television Broadcasting Stations,All Occupations,59370,25000,37670,49930,67700,98490
Louisiana,Radio and Television Broadcasting Stations,All Occupations,59470,25350,35570,47390,71890,108300
Louisiana,Radio and Television Broadcasting Stations,Computer and Mathematical Occupations,61990,37380,41080,55780,73950,93410
Maine,Radio and Television Broadcasting Stations,All Occupations,62420,33440,41190,48730,72350,101090
Maryland,Radio and Television Broadcasting Stations,All Occupations,93480,45860,55760,76690,102950,163930
Maryland,Radio and Television Broadcasting Stations,Computer and Mathematical Occupations,100390,60680,73480,106780,121660,137400
Massachusetts,Radio and Television Broadcasting Stations,All Occupations,89360,39940,48260,75820,104390,158340
Massachusetts,Radio and Television Broadcasting Stations,Computer and Mathematical Occupations,101460,64250,81750,96570,108380,159120
Michigan,Radio and Television Broadcasting Stations,All Occupations,64870,28780,36480,48340,76170,122540
Minnesota,Radio and Television Broadcasting Stations,All Occupations,70440,31450,36820,49970,78800,133750
Minnesota,Radio and Television Broadcasting Stations,Computer and Mathematical Occupations,71710,32670,57030,76760,92100,102930
Mississippi,Radio and Television Broadcasting Stations,All Occupations,51580,22500,30650,41380,55320,94310
Missouri,Radio and Television Broadcasting Stations,All Occupations,59030,29960,35560,46630,73610,97460
Montana,Radio and Television Broadcasting Stations,All Occupations,52770,29140,35140,47110,61920,83580
Nebraska,Radio and Television Broadcasting Stations,All Occupations,56510,28710,38190,45490,62480,97930
Nevada,Radio and Television Broadcasting Stations,All Occupations,65110,33120,39490,51750,78750,102780
New Hampshire,Radio and Television Broadcasting Stations,All Occupations,73480,35540,43650,57600,79490,130410
New Jersey,Radio and Television Broadcasting Stations,All Occupations,86990,35560,50640,65910,97630,160620
New Mexico,Radio and Television Broadcasting Stations,All Occupations,63190,28210,37350,47200,70920,105930
New York,Radio and Television Broadcasting Stations,All Occupations,116640,43510,60340,93010,127370,198610
New York,Radio and Television Broadcasting Stations,Computer and Mathematical Occupations,97380,49010,75070,97490,114510,125650
North Carolina,Radio and Television Broadcasting Stations,All Occupations,57300,26610,31130,47620,66490,98730
North Dakota,Radio and Television Broadcasting Stations,All Occupations,63780,29540,38210,50010,76530,104000
Ohio,Radio and Television Broadcasting Stations,All Occupations,73300,30440,43890,61240,82100,128140
Ohio,Radio and Television Broadcasting Stations,Computer and Mathematical Occupations,91580,71760,77720,86050,99780,125590
Oklahoma,Radio and Television Broadcasting Stations,All Occupations,51000,23960,30120,41750,60260,95690
Oregon,Radio and Television Broadcasting Stations,All Occupations,71580,35850,44160,57700,78150,124120
Pennsylvania,Radio and Television Broadcasting Stations,All Occupations,80120,28480,43040,60750,96370,135570
Pennsylvania,Radio and Television Broadcasting Stations,Computer and Mathematical Occupations,84440,41180,55530,60320,97210,182230
Rhode Island,Radio and Television Broadcasting Stations,All Occupations,83100,35880,46480,62800,93480,150720
South Carolina,Radio and Television Broadcasting Stations,All Occupations,61630,27400,37910,45090,73270,117500
South Dakota,Radio and Television Broadcasting Stations,All Occupations,52850,28880,37250,45680,60610,83410
Tennessee,Radio and Television Broadcasting Stations,All Occupations,61420,29850,34970,49580,71360,103650
Tennessee,Radio and Television Broadcasting Stations,Computer and Mathematical Occupations,58190,37350,50640,57730,64950,79580
Texas,Radio and Television Broadcasting Stations,All Occupations,63960,29580,38460,47320,66560,107360
Texas,Radio and Television Broadcasting Stations,Computer and Mathematical Occupations,103870,39200,76000,97930,132870,161940
Texas,Radio and Television Broadcasting Stations,Data Scientists,149290,97930,135060,151320,161940,183190
Utah,Radio and Television Broadcasting Stations,All Occupations,80090,37590,45260,59990,95020,165710
Utah,Radio and Television Broadcasting Stations,Computer and Mathematical Occupations,135120,68800,78870,132660,176130,208820
Vermont,Radio and Television Broadcasting Stations,All Occupations,53600,34180,38490,46440,58820,83510
Virginia,Radio and Television Broadcasting Stations,All Occupations,60080,30390,39800,45840,71180,98470
Virginia,Radio and Television Broadcasting Stations,Computer and Mathematical Occupations,90290,56280,87420,93130,98970,114990
Washington,Radio and Television Broadcasting Stations,All Occupations,81110,42330,48350,69360,94420,139070
Washington,Radio and Television Broadcasting Stations,Computer and Mathematical Occupations,118020,63700,72610,103610,160600,213090
West Virginia,Radio and Television Broadcasting Stations,All Occupations,54140,23260,31080,40000,62740,92820
Wisconsin,Radio and Television Broadcasting Stations,All Occupations,66970,31840,39620,57080,80510,111150
Wisconsin,Radio and Television Broadcasting Stations,Computer and Mathematical Occupations,64750,39710,46060,63250,71450,100380
Wyoming,Radio and Television Broadcasting Stations,All Occupations,49800,27640,32810,41250,57610,72480
Guam,Radio and Television Broadcasting Stations,All Occupations,37160,22110,25260,28170,42300,63430
Puerto Rico,Radio and Television Broadcasting Stations,All Occupations,46140,21840,23560,35420,48160,75050
Alabama,Radio Broadcasting Stations,All Occupations,55110,22220,30040,43150,60710,85680
Alaska,Radio Broadcasting Stations,All Occupations,69210,36580,45020,58500,77420,114200
Arizona,Radio Broadcasting Stations,All Occupations,77780,32530,36680,52350,85330,166640
Arkansas,Radio Broadcasting Stations,All Occupations,44530,25340,29200,38480,51570,66560
California,Radio Broadcasting Stations,All Occupations,85930,37460,44740,60520,94920,162930
California,Radio Broadcasting Stations,Computer and Mathematical Occupations,97860,47340,60060,81070,128790,165390
Colorado,Radio Broadcasting Stations,All Occupations,73880,34860,40320,57370,83020,123720
Connecticut,Radio Broadcasting Stations,All Occupations,67240,34190,34980,49390,74990,127490
Florida,Radio Broadcasting Stations,All Occupations,87350,31220,42300,62180,101190,164910
Florida,Radio Broadcasting Stations,Computer and Mathematical Occupations,144890,59950,111690,159260,164910,208990
Georgia,Radio Broadcasting Stations,All Occupations,59480,23340,29970,44630,66300,124990
Hawaii,Radio Broadcasting Stations,All Occupations,76250,34390,44140,54940,77860,140320
Idaho,Radio Broadcasting Stations,All Occupations,55350,31200,38310,44500,61230,93510
Illinois,Radio Broadcasting Stations,All Occupations,61350,31200,34040,46760,64790,109820
Indiana,Radio Broadcasting Stations,All Occupations,50090,24450,32300,42760,61470,87000
Iowa,Radio Broadcasting Stations,All Occupations,54460,28820,35710,48820,60530,99020
Kansas,Radio Broadcasting Stations,All Occupations,50160,23530,30490,42950,54920,82710
Kentucky,Radio Broadcasting Stations,All Occupations,50120,22160,28830,43040,58850,86210
Louisiana,Radio Broadcasting Stations,All Occupations,54920,22690,25790,38920,68510,119510
Maine,Radio Broadcasting Stations,All Occupations,55600,30470,37630,46540,62400,86430
Maryland,Radio Broadcasting Stations,All Occupations,94350,44210,55290,70530,104380,163860
Massachusetts,Radio Broadcasting Stations,All Occupations,92790,36290,47330,73020,104870,164780
Michigan,Radio Broadcasting Stations,All Occupations,62190,27650,32900,46520,73320,111690
Minnesota,Radio Broadcasting Stations,All Occupations,61550,30940,35580,45650,63980,105220
Mississippi,Radio Broadcasting Stations,All Occupations,36010,19690,22110,30630,43180,57100
Missouri,Radio Broadcasting Stations,All Occupations,61260,29120,33560,46230,75680,101720
Montana,Radio Broadcasting Stations,All Occupations,49280,28440,34140,39710,55290,79440
Nebraska,Radio Broadcasting Stations,All Occupations,53800,28080,35530,44370,61220,94050
Nevada,Radio Broadcasting Stations,All Occupations,60050,29910,33120,49420,72400,99880
New Hampshire,Radio Broadcasting Stations,All Occupations,73630,35540,42310,57600,84400,130410
New Jersey,Radio Broadcasting Stations,All Occupations,85740,32220,46450,64620,96410,169740
New Mexico,Radio Broadcasting Stations,All Occupations,50320,26310,29930,39000,55560,88400
New York,Radio Broadcasting Stations,All Occupations,99640,35360,46630,75200,113370,166380
New York,Radio Broadcasting Stations,Computer and Mathematical Occupations,102680,65150,78720,97470,125990,144190
North Carolina,Radio Broadcasting Stations,All Occupations,54520,25810,30630,46570,64230,93050
North Dakota,Radio Broadcasting Stations,All Occupations,54910,27560,31190,46700,65670,101460
Ohio,Radio Broadcasting Stations,All Occupations,55980,26330,31200,46240,63630,96560
Oklahoma,Radio Broadcasting Stations,All Occupations,47080,22230,29230,36570,56610,93090
Oregon,Radio Broadcasting Stations,All Occupations,63760,35750,41770,50820,72460,111700
Pennsylvania,Radio Broadcasting Stations,All Occupations,70410,25730,36090,53300,79720,131810
Rhode Island,Radio Broadcasting Stations,All Occupations,69210,31200,35880,48860,80080,129710
South Carolina,Radio Broadcasting Stations,All Occupations,60640,21800,25590,40500,75570,135930
South Dakota,Radio Broadcasting Stations,All Occupations,49740,28410,33640,45380,55590,75230
Tennessee,Radio Broadcasting Stations,All Occupations,55900,28380,31020,46050,63780,97120
Tennessee,Radio Broadcasting Stations,Computer and Mathematical Occupations,62000,31190,47200,62060,82870,83370
Texas,Radio Broadcasting Stations,All Occupations,71860,23910,31570,45970,81990,136980
Texas,Radio Broadcasting Stations,Computer and Mathematical Occupations,107040,38830,79400,105760,134960,161950
Texas,Radio Broadcasting Stations,Data Scientists,149290,97930,135060,151320,161940,183190
Utah,Radio Broadcasting Stations,All Occupations,76050,34130,40340,53370,87550,135740
Vermont,Radio Broadcasting Stations,All Occupations,51610,32760,35180,45230,55280,83520
Virginia,Radio Broadcasting Stations,All Occupations,59470,27010,31030,45810,74840,104730
Washington,Radio Broadcasting Stations,All Occupations,85110,38150,46110,73650,95150,159710
West Virginia,Radio Broadcasting Stations,All Occupations,45150,21790,27930,36640,50380,79920
Wisconsin,Radio Broadcasting Stations,All Occupations,62330,28980,36980,47740,76660,108330
Wyoming,Radio Broadcasting Stations,All Occupations,45770,27640,29600,42520,55280,66970
Guam,Radio Broadcasting Stations,All Occupations,34050,22060,23800,26560,39980,58440
Puerto Rico,Radio Broadcasting Stations,All Occupations,31080,21840,22340,23530,31080,46910
Alabama,Television Broadcasting Stations,All Occupations,63000,37580,40620,48110,71380,104450
Arizona,Television Broadcasting Stations,All Occupations,90730,36800,47320,64530,102520,165740
Arkansas,Television Broadcasting Stations,All Occupations,50830,26760,37110,43300,59030,81300
California,Television Broadcasting Stations,All Occupations,106060,39090,58140,79660,125330,174260
California,Television Broadcasting Stations,Computer and Mathematical Occupations,89160,47920,63600,79800,106060,132970
Colorado,Television Broadcasting Stations,All Occupations,75530,39400,45790,62030,86280,126050
District of Columbia,Television Broadcasting Stations,All Occupations,118150,47630,64600,97950,133180,215300
Florida,Television Broadcasting Stations,All Occupations,72810,36250,41620,60950,84480,123870
Florida,Television Broadcasting Stations,Computer and Mathematical Occupations,81060,51090,60200,81330,91150,105980
Georgia,Television Broadcasting Stations,All Occupations,95820,39550,54810,76770,103140,166490
Georgia,Television Broadcasting Stations,Computer and Mathematical Occupations,83590,67170,67300,71140,98530,137890
Hawaii,Television Broadcasting Stations,All Occupations,81390,47000,50130,63260,93560,136520
Idaho,Television Broadcasting Stations,All Occupations,64280,30880,39720,49530,75820,102980
Illinois,Television Broadcasting Stations,All Occupations,105300,39030,60180,94640,126430,175230
Illinois,Television Broadcasting Stations,Computer and Mathematical Occupations,104030,69020,79130,97430,137030,145570
Indiana,Television Broadcasting Stations,All Occupations,66550,36250,38750,47180,71940,108880
Iowa,Television Broadcasting Stations,All Occupations,65920,37540,41360,48990,77660,113750
Kansas,Television Broadcasting Stations,All Occupations,58820,33530,35900,42750,66250,108030
Kentucky,Television Broadcasting Stations,All Occupations,69990,42590,47510,59600,77980,104590
Louisiana,Television Broadcasting Stations,All Occupations,62160,32550,38810,48840,73440,101860
Louisiana,Television Broadcasting Stations,Computer and Mathematical Occupations,67380,37440,46340,60300,81340,93410
Maryland,Television Broadcasting Stations,All Occupations,92800,46170,57800,77310,101460,164720
Massachusetts,Television Broadcasting Stations,All Occupations,87500,41570,49170,78170,104390,139000
Michigan,Television Broadcasting Stations,All Occupations,68680,34010,37060,52540,80760,133130
Minnesota,Television Broadcasting Stations,All Occupations,97530,34700,54750,81950,109420,164800
Minnesota,Television Broadcasting Stations,Computer and Mathematical Occupations,70950,32670,36020,73520,102150,102930
Mississippi,Television Broadcasting Stations,All Occupations,59490,29930,36670,44820,61930,119280
Missouri,Television Broadcasting Stations,All Occupations,55730,31380,37080,46630,64190,91410
Montana,Television Broadcasting Stations,All Occupations,55380,29420,36420,48960,63690,88460
Nebraska,Television Broadcasting Stations,All Occupations,60800,38320,41470,46370,64010,102960
Nevada,Television Broadcasting Stations,All Occupations,68400,38670,44100,55530,79280,106350
New Hampshire,Television Broadcasting Stations,All Occupations,72770,31200,45760,59490,75270,163490
New Jersey,Television Broadcasting Stations,All Occupations,88690,46040,55720,68350,98660,151780
New Mexico,Television Broadcasting Stations,All Occupations,76710,38000,45840,57060,79660,131130
New York,Television Broadcasting Stations,All Occupations,125770,48930,65170,93820,131170,221090
New York,Television Broadcasting Stations,Computer and Mathematical Occupations,95630,48850,74830,100420,114510,116950
North Dakota,Television Broadcasting Stations,All Occupations,72560,37970,43640,58720,82930,124930
Ohio,Television Broadcasting Stations,All Occupations,86510,44800,51410,71110,99010,161990
Ohio,Television Broadcasting Stations,Computer and Mathematical Occupations,93550,75490,78700,90310,99780,125590
Oklahoma,Television Broadcasting Stations,All Occupations,60120,36270,42020,44530,65200,97910
Oregon,Television Broadcasting Stations,All Occupations,83670,36310,46090,62670,95800,160440
Pennsylvania,Television Broadcasting Stations,All Occupations,88780,36520,48070,70570,100460,148500
Pennsylvania,Television Broadcasting Stations,Computer and Mathematical Occupations,88100,40880,58090,59480,97230,211700
South Carolina,Television Broadcasting Stations,All Occupations,62060,35840,38760,45380,67670,106580
South Dakota,Television Broadcasting Stations,All Occupations,60310,36750,39600,46960,71730,97750
Tennessee,Television Broadcasting Stations,All Occupations,68120,32220,44870,57360,77240,110970
Tennessee,Television Broadcasting Stations,Computer and Mathematical Occupations,56990,45040,50640,57360,63600,71350
Texas,Television Broadcasting Stations,All Occupations,57570,36240,41940,47460,63280,89320
Utah,Television Broadcasting Stations,All Occupations,86090,43840,49090,61470,102210,176090
Utah,Television Broadcasting Stations,Computer and Mathematical Occupations,155640,77750,112570,169020,176130,217550
Vermont,Television Broadcasting Stations,All Occupations,56310,41600,45860,51400,63960,83050
Virginia,Television Broadcasting Stations,All Occupations,60430,36280,44260,45900,67060,94620
Washington,Television Broadcasting Stations,All Occupations,77120,46340,50560,64180,93180,129090
Washington,Television Broadcasting Stations,Computer and Mathematical Occupations,115460,63700,72480,80990,165540,213100
Wisconsin,Television Broadcasting Stations,All Occupations,71880,38670,46180,62350,80850,122500
Wyoming,Television Broadcasting Stations,All Occupations,60780,33040,35940,39390,59770,127840
Alabama,"Media Streaming Distribution Services, Social Networks, and Other Media Networks and Content Providers",All Occupations,62670,30680,37300,59410,76710,113170
Arizona,"Media Streaming Distribution Services, Social Networks, and Other Media Networks and Content Providers",All Occupations,98190,40780,54070,79760,131830,162960
Arizona,"Media Streaming Distribution Services, Social Networks, and Other Media Networks and Content Providers",Computer and Mathematical Occupations,104860,46570,61480,102930,135920,171320
Arkansas,"Media Streaming Distribution Services, Social Networks, and Other Media Networks and Content Providers",All Occupations,49220,24960,32600,37130,48210,91000
California,"Media Streaming Distribution Services, Social Networks, and Other Media Networks and Content Providers",All Occupations,164280,63190,94910,142390,214970,294040
California,"Media Streaming Distribution Services, Social Networks, and Other Media Networks and Content Providers",Computer and Mathematical Occupations,182750,96060,131910,174980,221770,276530
California,"Media Streaming Distribution Services, Social Networks, and Other Media Networks and Content Providers",Computer and Information Research Scientists,221200,147340,170830,219610,303830,315700
California,"Media Streaming Distribution Services, Social Networks, and Other Media Networks and Content Providers",Database Administrators,158720,102990,121830,129100,202860,227630
California,"Media Streaming Distribution Services, Social Networks, and Other Media Networks and Content Providers",Database Architects,214970,153870,170150,212750,219020,285740
California,"Media Streaming Distribution Services, Social Networks, and Other Media Networks and Content Providers",Statisticians,197380,111370,158290,215760,259860,265290
California,"Media Streaming Distribution Services, Social Networks, and Other Media Networks and Content Providers",Data Scientists,194970,101890,163600,204760,221870,279700
Colorado,"Media Streaming Distribution Services, Social Networks, and Other Media Networks and Content Providers",All Occupations,107570,48750,62100,84080,133920,184990
Colorado,"Media Streaming Distribution Services, Social Networks, and Other Media Networks and Content Providers",Computer and Mathematical Occupations,135830,72490,103740,135260,167040,201960
Connecticut,"Media Streaming Distribution Services, Social Networks, and Other Media Networks and Content Providers",All Occupations,117880,46200,60790,85760,135880,193180
Connecticut,"Media Streaming Distribution Services, Social Networks, and Other Media Networks and Content Providers",Computer and Mathematical Occupations,93180,39330,53240,79030,122100,167740
Delaware,"Media Streaming Distribution Services, Social Networks, and Other Media Networks and Content Providers",All Occupations,83280,52280,54990,78930,97130,137930
District of Columbia,"Media Streaming Distribution Services, Social Networks, and Other Media Networks and Content Providers",All Occupations,147410,68360,84600,107780,152430,216000
District of Columbia,"Media Streaming Distribution Services, Social Networks, and Other Media Networks and Content Providers",Computer and Mathematical Occupations,153870,76720,97160,139140,206630,271900
Florida,"Media Streaming Distribution Services, Social Networks, and Other Media Networks and Content Providers",All Occupations,89770,39380,49500,72220,99750,159770
Florida,"Media Streaming Distribution Services, Social Networks, and Other Media Networks and Content Providers",Computer and Mathematical Occupations,114560,47200,65400,103740,153510,207770
Georgia,"Media Streaming Distribution Services, Social Networks, and Other Media Networks and Content Providers",All Occupations,94030,39320,51290,76420,115630,164240
Georgia,"Media Streaming Distribution Services, Social Networks, and Other Media Networks and Content Providers",Computer and Mathematical Occupations,116360,46060,78850,125240,142370,163520
Georgia,"Media Streaming Distribution Services, Social Networks, and Other Media Networks and Content Providers",Data Scientists,126880,100190,120830,134390,134480,135050
Hawaii,"Media Streaming Distribution Services, Social Networks, and Other Media Networks and Content Providers",All Occupations,121880,38800,49760,90270,178140,219060
Hawaii,"Media Streaming Distribution Services, Social Networks, and Other Media Networks and Content Providers",Computer and Mathematical Occupations,184790,151970,151970,204740,219050,219070
Idaho,"Media Streaming Distribution Services, Social Networks, and Other Media Networks and Content Providers",All Occupations,78390,32340,43300,57060,85040,197960
Illinois,"Media Streaming Distribution Services, Social Networks, and Other Media Networks and Content Providers",All Occupations,92000,37150,47480,75380,121210,174210
Illinois,"Media Streaming Distribution Services, Social Networks, and Other Media Networks and Content Providers",Computer and Mathematical Occupations,103670,61390,76780,83150,127130,185300
Indiana,"Media Streaming Distribution Services, Social Networks, and Other Media Networks and Content Providers",All Occupations,74320,35820,43700,53150,92720,131640
Indiana,"Media Streaming Distribution Services, Social Networks, and Other Media Networks and Content Providers",Computer and Mathematical Occupations,77680,35390,40810,57800,99100,132360
Iowa,"Media Streaming Distribution Services, Social Networks, and Other Media Networks and Content Providers",All Occupations,58620,26760,37270,48560,70230,102660
Iowa,"Media Streaming Distribution Services, Social Networks, and Other Media Networks and Content Providers",Computer and Mathematical Occupations,69140,37110,39720,63030,87500,141950
Kansas,"Media Streaming Distribution Services, Social Networks, and Other Media Networks and Content Providers",All Occupations,88670,35620,49570,66060,136490,170340
Kentucky,"Media Streaming Distribution Services, Social Networks, and Other Media Networks and Content Providers",All Occupations,69550,29440,42640,53790,75550,132640
Louisiana,"Media Streaming Distribution Services, Social Networks, and Other Media Networks and Content Providers",All Occupations,63630,38290,41890,51050,72490,119790
Maine,"Media Streaming Distribution Services, Social Networks, and Other Media Networks and Content Providers",All Occupations,61740,34380,42280,51110,67360,98050
Maryland,"Media Streaming Distribution Services, Social Networks, and Other Media Networks and Content Providers",All Occupations,86280,35810,43600,63340,99200,164950
Maryland,"Media Streaming Distribution Services, Social Networks, and Other Media Networks and Content Providers",Computer and Mathematical Occupations,163180,51220,76820,102460,293000,293000
Massachusetts,"Media Streaming Distribution Services, Social Networks, and Other Media Networks and Content Providers",All Occupations,114340,44680,54920,82290,144180,238030
Massachusetts,"Media Streaming Distribution Services, Social Networks, and Other Media Networks and Content Providers",Computer and Mathematical Occupations,193690,83240,131230,180170,290450,290740
Michigan,"Media Streaming Distribution Services, Social Networks, and Other Media Networks and Content Providers",All Occupations,86860,34710,45600,70830,101880,157320
Michigan,"Media Streaming Distribution Services, Social Networks, and Other Media Networks and Content Providers",Computer and Mathematical Occupations,72260,42660,51430,57950,98760,125220
Minnesota,"Media Streaming Distribution Services, Social Networks, and Other Media Networks and Content Providers",All Occupations,67510,32130,37400,50870,83980,105070
Minnesota,"Media Streaming Distribution Services, Social Networks, and Other Media Networks and Content Providers",Computer and Mathematical Occupations,114050,67300,67320,105070,145430,211160
Mississippi,"Media Streaming Distribution Services, Social Networks, and Other Media Networks and Content Providers",All Occupations,76770,36130,45540,55660,74990,160340
Missouri,"Media Streaming Distribution Services, Social Networks, and Other Media Networks and Content Providers",All Occupations,70670,44960,45690,58590,80740,113900
Missouri,"Media Streaming Distribution Services, Social Networks, and Other Media Networks and Content Providers",Computer and Mathematical Occupations,91100,52150,62340,90980,105540,134020
Montana,"Media Streaming Distribution Services, Social Networks, and Other Media Networks and Content Providers",All Occupations,63010,31450,36400,54620,85360,100000
Nebraska,"Media Streaming Distribution Services, Social Networks, and Other Media Networks and Content Providers",All Occupations,73120,38070,49820,63240,81390,128530
Nebraska,"Media Streaming Distribution Services, Social Networks, and Other Media Networks and Content Providers",Computer and Mathematical Occupations,79940,49120,58590,76420,92290,138850
Nevada,"Media Streaming Distribution Services, Social Networks, and Other Media Networks and Content Providers",All Occupations,101180,42300,58230,95190,105660,175510
Nevada,"Media Streaming Distribution Services, Social Networks, and Other Media Networks and Content Providers",Computer and Mathematical Occupations,138720,75110,88990,139150,195670,195670
New Hampshire,"Media Streaming Distribution Services, Social Networks, and Other Media Networks and Content Providers",All Occupations,73030,38730,48630,71360,77930,113420
New Jersey,"Media Streaming Distribution Services, Social Networks, and Other Media Networks and Content Providers",All Occupations,157830,59810,98540,155850,206770,283660
New Jersey,"Media Streaming Distribution Services, Social Networks, and Other Media Networks and Content Providers",Computer and Mathematical Occupations,171830,98210,131120,167580,217820,270660
New Jersey,"Media Streaming Distribution Services, Social Networks, and Other Media Networks and Content Providers",Database Architects,114340,86780,98210,98470,131540,166930
New Jersey,"Media Streaming Distribution Services, Social Networks, and Other Media Networks and Content Providers",Data Scientists,174460,131330,137480,167450,214130,220210
New Mexico,"Media Streaming Distribution Services, Social Networks, and Other Media Networks and Content Providers",All Occupations,70970,24960,24960,63660,127950,145530
New York,"Media Streaming Distribution Services, Social Networks, and Other Media Networks and Content Providers",All Occupations,166600,64550,90160,132690,191340,298570
New York,"Media Streaming Distribution Services, Social Networks, and Other Media Networks and Content Providers",Computer and Mathematical Occupations,165660,80420,131180,168430,211040,224800
New York,"Media Streaming Distribution Services, Social Networks, and Other Media Networks and Content Providers",Database Architects,147230,104260,104350,131180,180440,212360
New York,"Media Streaming Distribution Services, Social Networks, and Other Media Networks and Content Providers",Data Scientists,172270,101440,133940,167010,214780,223690
North Carolina,"Media Streaming Distribution Services, Social Networks, and Other Media Networks and Content Providers",All Occupations,89010,38550,48120,65040,104500,167670
North Carolina,"Media Streaming Distribution Services, Social Networks, and Other Media Networks and Content Providers",Computer and Mathematical Occupations,133100,58340,79960,132160,173810,214040
North Dakota,"Media Streaming Distribution Services, Social Networks, and Other Media Networks and Content Providers",All Occupations,81200,48650,57500,75640,88870,109850
Ohio,"Media Streaming Distribution Services, Social Networks, and Other Media Networks and Content Providers",All Occupations,75670,33960,43140,63340,90820,131830
Ohio,"Media Streaming Distribution Services, Social Networks, and Other Media Networks and Content Providers",Computer and Mathematical Occupations,96790,46160,63160,95920,118680,167010
Oklahoma,"Media Streaming Distribution Services, Social Networks, and Other Media Networks and Content Providers",All Occupations,69550,35190,44320,58030,78840,109030
Oregon,"Media Streaming Distribution Services, Social Networks, and Other Media Networks and Content Providers",All Occupations,97090,42840,49740,78570,102410,174790
Oregon,"Media Streaming Distribution Services, Social Networks, and Other Media Networks and Content Providers",Computer and Mathematical Occupations,103930,68340,80790,101390,120300,139550
Oregon,"Media Streaming Distribution Services, Social Networks, and Other Media Networks and Content Providers",Data Scientists,98390,77770,80790,109320,110300,114610
Pennsylvania,"Media Streaming Distribution Services, Social Networks, and Other Media Networks and Content Providers",All Occupations,91020,36330,49530,74850,112120,168290
Pennsylvania,"Media Streaming Distribution Services, Social Networks, and Other Media Networks and Content Providers",Computer and Mathematical Occupations,116710,32230,43520,130000,161250,169630
Rhode Island,"Media Streaming Distribution Services, Social Networks, and Other Media Networks and Content Providers",All Occupations,92260,38580,52570,78380,124150,149800
South Carolina,"Media Streaming Distribution Services, Social Networks, and Other Media Networks and Content Providers",All Occupations,87400,40200,52830,68400,97790,163630
South Carolina,"Media Streaming Distribution Services, Social Networks, and Other Media Networks and Content Providers",Computer and Mathematical Occupations,121410,74780,79270,135340,149780,160100
South Dakota,"Media Streaming Distribution Services, Social Networks, and Other Media Networks and Content Providers",All Occupations,100610,31780,32350,106230,163020,199800
Tennessee,"Media Streaming Distribution Services, Social Networks, and Other Media Networks and Content Providers",All Occupations,85640,36230,49260,60920,98920,164750
Tennessee,"Media Streaming Distribution Services, Social Networks, and Other Media Networks and Content Providers",Computer and Mathematical Occupations,120630,49390,70780,130420,178120,198800
Texas,"Media Streaming Distribution Services, Social Networks, and Other Media Networks and Content Providers",All Occupations,100780,39380,49580,76360,120450,169490
Texas,"Media Streaming Distribution Services, Social Networks, and Other Media Networks and Content Providers",Computer and Mathematical Occupations,111770,52600,62080,119390,136480,167360
Texas,"Media Streaming Distribution Services, Social Networks, and Other Media Networks and Content Providers",Data Scientists,92500,39670,41010,103500,110130,165140
Utah,"Media Streaming Distribution Services, Social Networks, and Other Media Networks and Content Providers",All Occupations,83080,33380,46380,72760,100160,166120
Utah,"Media Streaming Distribution Services, Social Networks, and Other Media Networks and Content Providers",Computer and Mathematical Occupations,137830,73010,93160,138370,170260,189300
Vermont,"Media Streaming Distribution Services, Social Networks, and Other Media Networks and Content Providers",All Occupations,124280,39160,57700,97190,143630,172870
Virginia,"Media Streaming Distribution Services, Social Networks, and Other Media Networks and Content Providers",All Occupations,92420,40320,53640,77600,109830,166650
Virginia,"Media Streaming Distribution Services, Social Networks, and Other Media Networks and Content Providers",Computer and Mathematical Occupations,113380,59120,74790,118000,143080,171870
Washington,"Media Streaming Distribution Services, Social Networks, and Other Media Networks and Content Providers",All Occupations,192850,63800,100940,167900,213330,362460
Washington,"Media Streaming Distribution Services, Social Networks, and Other Media Networks and Content Providers",Computer and Mathematical Occupations,200000,85010,129530,168590,213610,362460
Washington,"Media Streaming Distribution Services, Social Networks, and Other Media Networks and Content Providers",Statisticians,143100,101020,123080,133610,167290,181370
Washington,"Media Streaming Distribution Services, Social Networks, and Other Media Networks and Content Providers",Data Scientists,205150,75290,126180,171390,214690,394480
West Virginia,"Media Streaming Distribution Services, Social Networks, and Other Media Networks and Content Providers",All Occupations,71730,30260,40560,55490,79840,143390
Wisconsin,"Media Streaming Distribution Services, Social Networks, and Other Media Networks and Content Providers",All Occupations,94940,42230,57820,87560,115420,149990
Wisconsin,"Media Streaming Distribution Services, Social Networks, and Other Media Networks and Content Providers",Computer and Mathematical Occupations,104560,56150,77460,99870,137130,164850
Puerto Rico,"Media Streaming Distribution Services, Social Networks, and Other Media Networks and Content Providers",All Occupations,46650,22430,25300,32150,44770,65620
Alabama,Telecommunications,All Occupations,75160,40300,49840,66080,91380,121210
Alabama,Telecommunications,All Occupations,75160,40300,49840,66080,91380,121210
Alabama,Telecommunications,Computer and Mathematical Occupations,102500,47390,64620,100320,134260,167730
Alabama,Telecommunications,Computer and Mathematical Occupations,102500,47390,64620,100320,134260,167730
Alaska,Telecommunications,All Occupations,98520,58620,74120,99470,108560,136280
Alaska,Telecommunications,All Occupations,98520,58620,74120,99470,108560,136280
Alaska,Telecommunications,Computer and Mathematical Occupations,104220,80070,101050,103250,110230,135470
Alaska,Telecommunications,Computer and Mathematical Occupations,104220,80070,101050,103250,110230,135470
Arizona,Telecommunications,All Occupations,93040,47120,60850,81210,108210,164470
Arizona,Telecommunications,All Occupations,93040,47120,60850,81210,108210,164470
Arizona,Telecommunications,Computer and Mathematical Occupations,104580,50670,74850,99850,131950,165100
Arizona,Telecommunications,Computer and Mathematical Occupations,104580,50670,74850,99850,131950,165100
Arkansas,Telecommunications,All Occupations,64520,34820,42170,58090,79990,99990
Arkansas,Telecommunications,All Occupations,64520,34820,42170,58090,79990,99990
Arkansas,Telecommunications,Computer and Mathematical Occupations,72790,44320,46360,63230,97590,103460
Arkansas,Telecommunications,Computer and Mathematical Occupations,72790,44320,46360,63230,97590,103460
California,Telecommunications,All Occupations,101990,47700,65040,93640,118630,169200
California,Telecommunications,All Occupations,101990,47700,65040,93640,118630,169200
California,Telecommunications,Computer and Mathematical Occupations,139110,71590,97410,131230,172710,215550
California,Telecommunications,Computer and Mathematical Occupations,139110,71590,97410,131230,172710,215550
California,Telecommunications,Database Administrators,130160,85240,103620,128460,157680,160650
California,Telecommunications,Database Administrators,130160,85240,103620,128460,157680,160650
California,Telecommunications,Database Architects,98420,58100,58740,60870,136150,181410
California,Telecommunications,Database Architects,98420,58100,58740,60870,136150,181410
California,Telecommunications,Data Scientists,148670,95510,108620,137890,181520,213810
California,Telecommunications,Data Scientists,148670,95510,108620,137890,181520,213810
Colorado,Telecommunications,All Occupations,109590,54140,76930,99890,132950,172090
Colorado,Telecommunications,All Occupations,109590,54140,76930,99890,132950,172090
Colorado,Telecommunications,Computer and Mathematical Occupations,121670,76040,98780,126270,142000,167050
Colorado,Telecommunications,Computer and Mathematical Occupations,121670,76040,98780,126270,142000,167050
Colorado,Telecommunications,Database Administrators,129000,97190,112400,134180,140300,153970
Colorado,Telecommunications,Database Administrators,129000,97190,112400,134180,140300,153970
Colorado,Telecommunications,Database Architects,162810,130710,136500,167920,184780,186210
Colorado,Telecommunications,Database Architects,162810,130710,136500,167920,184780,186210
Colorado,Telecommunications,Data Scientists,114340,73010,98040,116470,124270,154750
Colorado,Telecommunications,Data Scientists,114340,73010,98040,116470,124270,154750
Connecticut,Telecommunications,All Occupations,87450,47230,60970,79350,101480,122590
Connecticut,Telecommunications,All Occupations,87450,47230,60970,79350,101480,122590
Connecticut,Telecommunications,Computer and Mathematical Occupations,102600,60850,82250,108120,119140,133010
Connecticut,Telecommunications,Computer and Mathematical Occupations,102600,60850,82250,108120,119140,133010
Delaware,Telecommunications,All Occupations,79850,38980,50470,77010,97750,122880
Delaware,Telecommunications,All Occupations,79850,38980,50470,77010,97750,122880
Delaware,Telecommunications,Computer and Mathematical Occupations,92350,54670,60500,81650,114510,149350
Delaware,Telecommunications,Computer and Mathematical Occupations,92350,54670,60500,81650,114510,149350
District of Columbia,Telecommunications,All Occupations,129180,53330,94590,99120,160520,229780
District of Columbia,Telecommunications,All Occupations,129180,53330,94590,99120,160520,229780
District of Columbia,Telecommunications,Computer and Mathematical Occupations,136220,82650,102610,129360,161700,204400
District of Columbia,Telecommunications,Computer and Mathematical Occupations,136220,82650,102610,129360,161700,204400
Florida,Telecommunications,All Occupations,76250,39490,46110,62730,91840,130630
Florida,Telecommunications,All Occupations,76250,39490,46110,62730,91840,130630
Florida,Telecommunications,Computer and Mathematical Occupations,97570,48990,68880,90000,127880,161050
Florida,Telecommunications,Computer and Mathematical Occupations,97570,48990,68880,90000,127880,161050
Florida,Telecommunications,Database Administrators,127800,93350,112340,136600,141250,164140
Florida,Telecommunications,Database Administrators,127800,93350,112340,136600,141250,164140
Florida,Telecommunications,Database Architects,120920,104020,106550,118060,123870,158190
Florida,Telecommunications,Database Architects,120920,104020,106550,118060,123870,158190
Florida,Telecommunications,Data Scientists,105410,66780,76890,100950,134090,155800
Florida,Telecommunications,Data Scientists,105410,66780,76890,100950,134090,155800
Georgia,Telecommunications,All Occupations,101800,46120,61690,94600,131970,165570
Georgia,Telecommunications,All Occupations,101800,46120,61690,94600,131970,165570
Georgia,Telecommunications,Computer and Mathematical Occupations,114150,58900,86290,111150,138350,163580
Georgia,Telecommunications,Computer and Mathematical Occupations,114150,58900,86290,111150,138350,163580
Georgia,Telecommunications,Database Administrators,118390,61700,103500,122730,137370,162050
Georgia,Telecommunications,Database Administrators,118390,61700,103500,122730,137370,162050
Georgia,Telecommunications,Database Architects,143840,126820,128840,140090,154200,177100
Georgia,Telecommunications,Database Architects,143840,126820,128840,140090,154200,177100
Georgia,Telecommunications,Data Scientists,130100,67600,101000,123930,171770,198460
Georgia,Telecommunications,Data Scientists,130100,67600,101000,123930,171770,198460
Hawaii,Telecommunications,All Occupations,85160,47050,61020,81020,99930,124190
Hawaii,Telecommunications,All Occupations,85160,47050,61020,81020,99930,124190
Hawaii,Telecommunications,Computer and Mathematical Occupations,98020,76600,78980,98080,112260,126550
Hawaii,Telecommunications,Computer and Mathematical Occupations,98020,76600,78980,98080,112260,126550
Idaho,Telecommunications,All Occupations,72660,39140,47710,62320,83660,107990
Idaho,Telecommunications,All Occupations,72660,39140,47710,62320,83660,107990
Idaho,Telecommunications,Computer and Mathematical Occupations,84470,47460,58100,72850,99880,136580
Idaho,Telecommunications,Computer and Mathematical Occupations,84470,47460,58100,72850,99880,136580
Illinois,Telecommunications,All Occupations,87120,42000,56090,76380,102810,148660
Illinois,Telecommunications,All Occupations,87120,42000,56090,76380,102810,148660
Illinois,Telecommunications,Computer and Mathematical Occupations,109350,57780,77490,103830,134670,165500
Illinois,Telecommunications,Computer and Mathematical Occupations,109350,57780,77490,103830,134670,165500
Illinois,Telecommunications,Database Administrators,109000,79430,82540,109910,132660,148810
Illinois,Telecommunications,Database Administrators,109000,79430,82540,109910,132660,148810
Illinois,Telecommunications,Data Scientists,143570,84990,131360,141520,169820,181540
Illinois,Telecommunications,Data Scientists,143570,84990,131360,141520,169820,181540
Indiana,Telecommunications,All Occupations,69440,35880,45700,61560,79490,108010
Indiana,Telecommunications,All Occupations,69440,35880,45700,61560,79490,108010
Indiana,Telecommunications,Computer and Mathematical Occupations,80790,45970,57060,78750,96680,129590
Indiana,Telecommunications,Computer and Mathematical Occupations,80790,45970,57060,78750,96680,129590
Iowa,Telecommunications,All Occupations,74820,42140,49700,67600,83360,116630
Iowa,Telecommunications,All Occupations,74820,42140,49700,67600,83360,116630
Iowa,Telecommunications,Computer and Mathematical Occupations,76420,47240,53060,64890,91600,121860
Iowa,Telecommunications,Computer and Mathematical Occupations,76420,47240,53060,64890,91600,121860
Kansas,Telecommunications,All Occupations,80820,43460,47590,64310,96550,135770
Kansas,Telecommunications,All Occupations,80820,43460,47590,64310,96550,135770
Kansas,Telecommunications,Computer and Mathematical Occupations,87520,51030,57560,77450,104070,135130
Kansas,Telecommunications,Computer and Mathematical Occupations,87520,51030,57560,77450,104070,135130
Kentucky,Telecommunications,All Occupations,71290,38870,48160,64010,82580,103590
Kentucky,Telecommunications,All Occupations,71290,38870,48160,64010,82580,103590
Kentucky,Telecommunications,Computer and Mathematical Occupations,89970,47980,71920,83950,107420,146490
Kentucky,Telecommunications,Computer and Mathematical Occupations,89970,47980,71920,83950,107420,146490
Louisiana,Telecommunications,All Occupations,76530,41850,55910,73880,93510,104660
Louisiana,Telecommunications,All Occupations,76530,41850,55910,73880,93510,104660
Louisiana,Telecommunications,Computer and Mathematical Occupations,98020,56870,72700,96130,123310,138790
Louisiana,Telecommunications,Computer and Mathematical Occupations,98020,56870,72700,96130,123310,138790
Maine,Telecommunications,All Occupations,77940,48760,50330,79750,94120,104210
Maine,Telecommunications,All Occupations,77940,48760,50330,79750,94120,104210
Maine,Telecommunications,Computer and Mathematical Occupations,74380,48080,50330,63430,93680,114410
Maine,Telecommunications,Computer and Mathematical Occupations,74380,48080,50330,63430,93680,114410
Maryland,Telecommunications,All Occupations,101180,48420,70860,92300,110500,164170
Maryland,Telecommunications,All Occupations,101180,48420,70860,92300,110500,164170
Maryland,Telecommunications,Computer and Mathematical Occupations,107510,61620,82650,98310,128040,164700
Maryland,Telecommunications,Computer and Mathematical Occupations,107510,61620,82650,98310,128040,164700
Massachusetts,Telecommunications,All Occupations,97130,45740,63720,94950,108680,155560
Massachusetts,Telecommunications,All Occupations,97130,45740,63720,94950,108680,155560
Massachusetts,Telecommunications,Computer and Mathematical Occupations,118100,77410,95580,108250,135640,171590
Massachusetts,Telecommunications,Computer and Mathematical Occupations,118100,77410,95580,108250,135640,171590
Massachusetts,Telecommunications,Data Scientists,140380,120210,130430,131260,165140,178850
Massachusetts,Telecommunications,Data Scientists,140380,120210,130430,131260,165140,178850
Michigan,Telecommunications,All Occupations,76960,39430,50920,72390,95100,119790
Michigan,Telecommunications,All Occupations,76960,39430,50920,72390,95100,119790
Michigan,Telecommunications,Computer and Mathematical Occupations,92080,51360,60080,89120,107680,137130
Michigan,Telecommunications,Computer and Mathematical Occupations,92080,51360,60080,89120,107680,137130
Minnesota,Telecommunications,All Occupations,81130,45220,57460,75810,93250,123600
Minnesota,Telecommunications,All Occupations,81130,45220,57460,75810,93250,123600
Minnesota,Telecommunications,Computer and Mathematical Occupations,97320,55130,69560,93720,120690,151920
Minnesota,Telecommunications,Computer and Mathematical Occupations,97320,55130,69560,93720,120690,151920
Mississippi,Telecommunications,All Occupations,63040,31490,39140,56660,80830,95330
Mississippi,Telecommunications,All Occupations,63040,31490,39140,56660,80830,95330
Mississippi,Telecommunications,Computer and Mathematical Occupations,73360,35270,47450,66720,92890,106610
Mississippi,Telecommunications,Computer and Mathematical Occupations,73360,35270,47450,66720,92890,106610
Missouri,Telecommunications,All Occupations,78330,37840,47640,62940,96130,130490
Missouri,Telecommunications,All Occupations,78330,37840,47640,62940,96130,130490
Missouri,Telecommunications,Computer and Mathematical Occupations,93450,49560,58540,92650,127350,143350
Missouri,Telecommunications,Computer and Mathematical Occupations,93450,49560,58540,92650,127350,143350
Missouri,Telecommunications,Data Scientists,89950,66740,77610,89260,98790,106560
Missouri,Telecommunications,Data Scientists,89950,66740,77610,89260,98790,106560
Montana,Telecommunications,All Occupations,75460,44660,59530,76750,88790,101610
Montana,Telecommunications,All Occupations,75460,44660,59530,76750,88790,101610
Montana,Telecommunications,Computer and Mathematical Occupations,92750,52230,80950,100430,101470,126180
Montana,Telecommunications,Computer and Mathematical Occupations,92750,52230,80950,100430,101470,126180
Nebraska,Telecommunications,All Occupations,65710,41180,45910,59350,78500,93660
Nebraska,Telecommunications,All Occupations,65710,41180,45910,59350,78500,93660
Nebraska,Telecommunications,Computer and Mathematical Occupations,83650,41300,49510,81010,101860,142180
Nebraska,Telecommunications,Computer and Mathematical Occupations,83650,41300,49510,81010,101860,142180
Nevada,Telecommunications,All Occupations,86700,45790,56860,77130,100620,138130
Nevada,Telecommunications,All Occupations,86700,45790,56860,77130,100620,138130
Nevada,Telecommunications,Computer and Mathematical Occupations,106780,53140,78540,102920,128310,157520
Nevada,Telecommunications,Computer and Mathematical Occupations,106780,53140,78540,102920,128310,157520
New Hampshire,Telecommunications,All Occupations,90000,46530,60230,85240,100720,130450
New Hampshire,Telecommunications,All Occupations,90000,46530,60230,85240,100720,130450
New Hampshire,Telecommunications,Computer and Mathematical Occupations,84060,54960,59850,79170,99820,123740
New Hampshire,Telecommunications,Computer and Mathematical Occupations,84060,54960,59850,79170,99820,123740
New Jersey,Telecommunications,All Occupations,112000,48290,76640,102630,135200,183510
New Jersey,Telecommunications,All Occupations,112000,48290,76640,102630,135200,183510
New Jersey,Telecommunications,Computer and Mathematical Occupations,141310,80000,104340,135470,170890,206360
New Jersey,Telecommunications,Computer and Mathematical Occupations,141310,80000,104340,135470,170890,206360
New Jersey,Telecommunications,Data Scientists,156450,103870,108260,168590,172750,202780
New Jersey,Telecommunications,Data Scientists,156450,103870,108260,168590,172750,202780
New Mexico,Telecommunications,All Occupations,66000,38610,45620,58530,80270,99230
New Mexico,Telecommunications,All Occupations,66000,38610,45620,58530,80270,99230
New Mexico,Telecommunications,Computer and Mathematical Occupations,69940,48810,49020,57090,84840,117800
New Mexico,Telecommunications,Computer and Mathematical Occupations,69940,48810,49020,57090,84840,117800
New York,Telecommunications,All Occupations,91750,45180,55790,85180,110330,133790
New York,Telecommunications,All Occupations,91750,45180,55790,85180,110330,133790
New York,Telecommunications,Computer and Mathematical Occupations,99630,61150,77510,98480,119300,137650
New York,Telecommunications,Computer and Mathematical Occupations,99630,61150,77510,98480,119300,137650
New York,Telecommunications,Data Scientists,115320,78620,92110,108260,128800,165510
New York,Telecommunications,Data Scientists,115320,78620,92110,108260,128800,165510
North Carolina,Telecommunications,All Occupations,85800,44680,51730,73480,103690,145120
North Carolina,Telecommunications,All Occupations,85800,44680,51730,73480,103690,145120
North Carolina,Telecommunications,Computer and Mathematical Occupations,107940,60330,80120,103730,131300,160640
North Carolina,Telecommunications,Computer and Mathematical Occupations,107940,60330,80120,103730,131300,160640
North Carolina,Telecommunications,Database Administrators,112830,82120,97230,113780,136110,137920
North Carolina,Telecommunications,Database Administrators,112830,82120,97230,113780,136110,137920
North Carolina,Telecommunications,Data Scientists,109300,77070,79770,104330,131230,147340
North Carolina,Telecommunications,Data Scientists,109300,77070,79770,104330,131230,147340
North Dakota,Telecommunications,All Occupations,89420,56550,66860,83130,99580,120970
North Dakota,Telecommunications,All Occupations,89420,56550,66860,83130,99580,120970
North Dakota,Telecommunications,Computer and Mathematical Occupations,96050,69990,78150,98410,101660,122060
North Dakota,Telecommunications,Computer and Mathematical Occupations,96050,69990,78150,98410,101660,122060
Ohio,Telecommunications,All Occupations,80600,44570,54530,76690,98550,122670
Ohio,Telecommunications,All Occupations,80600,44570,54530,76690,98550,122670
Ohio,Telecommunications,Computer and Mathematical Occupations,96240,57790,75580,92910,117170,137120
Ohio,Telecommunications,Computer and Mathematical Occupations,96240,57790,75580,92910,117170,137120
Ohio,Telecommunications,Data Scientists,113600,70720,76160,95900,137380,178070
Ohio,Telecommunications,Data Scientists,113600,70720,76160,95900,137380,178070
Oklahoma,Telecommunications,All Occupations,71180,36330,47160,63020,84380,106890
Oklahoma,Telecommunications,All Occupations,71180,36330,47160,63020,84380,106890
Oklahoma,Telecommunications,Computer and Mathematical Occupations,81790,47390,62030,78180,98430,120520
Oklahoma,Telecommunications,Computer and Mathematical Occupations,81790,47390,62030,78180,98430,120520
Oregon,Telecommunications,All Occupations,76850,43130,55780,73220,87920,116260
Oregon,Telecommunications,All Occupations,76850,43130,55780,73220,87920,116260
Oregon,Telecommunications,Computer and Mathematical Occupations,86390,48550,59500,78060,99180,137200
Oregon,Telecommunications,Computer and Mathematical Occupations,86390,48550,59500,78060,99180,137200
Pennsylvania,Telecommunications,All Occupations,104050,46940,63150,93280,130510,170560
Pennsylvania,Telecommunications,All Occupations,104050,46940,63150,93280,130510,170560
Pennsylvania,Telecommunications,Computer and Mathematical Occupations,118600,58280,82370,125200,150120,166520
Pennsylvania,Telecommunications,Computer and Mathematical Occupations,118600,58280,82370,125200,150120,166520
Pennsylvania,Telecommunications,Database Architects,141810,98690,130510,137400,161510,167160
Pennsylvania,Telecommunications,Database Architects,141810,98690,130510,137400,161510,167160
Pennsylvania,Telecommunications,Data Scientists,147490,81410,97120,152100,205180,206280
Pennsylvania,Telecommunications,Data Scientists,147490,81410,97120,152100,205180,206280
Rhode Island,Telecommunications,All Occupations,114440,63180,94760,103810,128460,176420
Rhode Island,Telecommunications,All Occupations,114440,63180,94760,103810,128460,176420
Rhode Island,Telecommunications,Computer and Mathematical Occupations,125390,85260,101270,127350,141100,167580
Rhode Island,Telecommunications,Computer and Mathematical Occupations,125390,85260,101270,127350,141100,167580
South Carolina,Telecommunications,All Occupations,71440,39930,46490,61510,87250,105970
South Carolina,Telecommunications,All Occupations,71440,39930,46490,61510,87250,105970
South Carolina,Telecommunications,Computer and Mathematical Occupations,85090,49400,61950,79700,100240,127260
South Carolina,Telecommunications,Computer and Mathematical Occupations,85090,49400,61950,79700,100240,127260
South Dakota,Telecommunications,All Occupations,70380,38750,48030,61980,81880,105490
South Dakota,Telecommunications,All Occupations,70380,38750,48030,61980,81880,105490
South Dakota,Telecommunications,Computer and Mathematical Occupations,74410,41180,48260,64390,97580,116310
South Dakota,Telecommunications,Computer and Mathematical Occupations,74410,41180,48260,64390,97580,116310
Tennessee,Telecommunications,All Occupations,75190,38890,51000,67870,91350,119870
Tennessee,Telecommunications,All Occupations,75190,38890,51000,67870,91350,119870
Tennessee,Telecommunications,Computer and Mathematical Occupations,100100,56430,76230,97380,123400,149830
Tennessee,Telecommunications,Computer and Mathematical Occupations,100100,56430,76230,97380,123400,149830
Texas,Telecommunications,All Occupations,86470,39880,48540,74340,105390,158050
Texas,Telecommunications,All Occupations,86470,39880,48540,74340,105390,158050
Texas,Telecommunications,Computer and Mathematical Occupations,118580,65050,89600,121310,152480,167440
Texas,Telecommunications,Computer and Mathematical Occupations,118580,65050,89600,121310,152480,167440
Texas,Telecommunications,Database Administrators,111950,76810,88080,100580,128590,163650
Texas,Telecommunications,Database Administrators,111950,76810,88080,100580,128590,163650
Texas,Telecommunications,Database Architects,144900,118070,129370,138150,162900,163080
Texas,Telecommunications,Database Architects,144900,118070,129370,138150,162900,163080
Texas,Telecommunications,Data Scientists,151590,106750,140670,158720,169050,171510
Texas,Telecommunications,Data Scientists,151590,106750,140670,158720,169050,171510
Utah,Telecommunications,All Occupations,76620,37440,48730,64780,88880,127250
Utah,Telecommunications,All Occupations,76620,37440,48730,64780,88880,127250
Utah,Telecommunications,Computer and Mathematical Occupations,95250,52950,61650,79650,101850,165990
Utah,Telecommunications,Computer and Mathematical Occupations,95250,52950,61650,79650,101850,165990
Vermont,Telecommunications,All Occupations,82290,48860,61470,80420,90680,107430
Vermont,Telecommunications,All Occupations,82290,48860,61470,80420,90680,107430
Vermont,Telecommunications,Computer and Mathematical Occupations,87260,49620,62400,85440,106620,133900
Vermont,Telecommunications,Computer and Mathematical Occupations,87260,49620,62400,85440,106620,133900
Virginia,Telecommunications,All Occupations,112210,46400,66070,99290,139950,186370
Virginia,Telecommunications,All Occupations,112210,46400,66070,99290,139950,186370
Virginia,Telecommunications,Computer and Mathematical Occupations,125220,58470,83860,124750,165030,185470
Virginia,Telecommunications,Computer and Mathematical Occupations,125220,58470,83860,124750,165030,185470
Virginia,Telecommunications,Database Architects,170380,124970,133760,155570,186270,228150
Virginia,Telecommunications,Database Architects,170380,124970,133760,155570,186270,228150
Virginia,Telecommunications,Data Scientists,176360,114670,133340,170880,204930,258130
Virginia,Telecommunications,Data Scientists,176360,114670,133340,170880,204930,258130
Washington,Telecommunications,All Occupations,112290,50130,71440,100460,157690,178920
Washington,Telecommunications,All Occupations,112290,50130,71440,100460,157690,178920
Washington,Telecommunications,Computer and Mathematical Occupations,140920,74460,105740,148280,170600,200900
Washington,Telecommunications,Computer and Mathematical Occupations,140920,74460,105740,148280,170600,200900
Washington,Telecommunications,Database Administrators,148820,98950,102420,166390,178920,179450
Washington,Telecommunications,Database Administrators,148820,98950,102420,166390,178920,179450
West Virginia,Telecommunications,All Occupations,78880,43280,58720,81050,92190,103810
West Virginia,Telecommunications,All Occupations,78880,43280,58720,81050,92190,103810
West Virginia,Telecommunications,Computer and Mathematical Occupations,80730,47820,53660,81950,99520,121400
West Virginia,Telecommunications,Computer and Mathematical Occupations,80730,47820,53660,81950,99520,121400
Wisconsin,Telecommunications,All Occupations,73780,45760,48650,63060,90310,105240
Wisconsin,Telecommunications,All Occupations,73780,45760,48650,63060,90310,105240
Wisconsin,Telecommunications,Computer and Mathematical Occupations,86720,57000,66520,83610,100060,125020
Wisconsin,Telecommunications,Computer and Mathematical Occupations,86720,57000,66520,83610,100060,125020
Wyoming,Telecommunications,All Occupations,73900,38250,46510,64650,87420,113920
Wyoming,Telecommunications,All Occupations,73900,38250,46510,64650,87420,113920
Wyoming,Telecommunications,Computer and Mathematical Occupations,82930,42850,62930,81950,101410,121680
Wyoming,Telecommunications,Computer and Mathematical Occupations,82930,42850,62930,81950,101410,121680
Guam,Telecommunications,All Occupations,51190,26990,29670,37270,60270,88120
Guam,Telecommunications,All Occupations,51190,26990,29670,37270,60270,88120
Guam,Telecommunications,Computer and Mathematical Occupations,47420,26840,29460,35460,53840,104230
Guam,Telecommunications,Computer and Mathematical Occupations,47420,26840,29460,35460,53840,104230
Puerto Rico,Telecommunications,All Occupations,47010,24220,29320,34540,48400,80280
Puerto Rico,Telecommunications,All Occupations,47010,24220,29320,34540,48400,80280
Puerto Rico,Telecommunications,Computer and Mathematical Occupations,45100,26920,29740,38290,52950,62570
Puerto Rico,Telecommunications,Computer and Mathematical Occupations,45100,26920,29740,38290,52950,62570
Virgin Islands,Telecommunications,All Occupations,65600,35320,45350,56940,72070,101710
Virgin Islands,Telecommunications,All Occupations,65600,35320,45350,56940,72070,101710
Alabama,"Computing Infrastructure Providers, Data Processing, Web Hosting, and Related Services",All Occupations,88350,31910,37310,67250,134450,169000
Alabama,"Computing Infrastructure Providers, Data Processing, Web Hosting, and Related Services",Computer and Mathematical Occupations,114100,25440,73310,127600,161930,173920
Alaska,"Computing Infrastructure Providers, Data Processing, Web Hosting, and Related Services",All Occupations,103370,48480,62410,85910,111970,200830
Arizona,"Computing Infrastructure Providers, Data Processing, Web Hosting, and Related Services",All Occupations,93710,37210,48740,78620,129150,171020
Arizona,"Computing Infrastructure Providers, Data Processing, Web Hosting, and Related Services",Computer and Mathematical Occupations,90170,48680,48870,78820,118590,164260
Arizona,"Computing Infrastructure Providers, Data Processing, Web Hosting, and Related Services",Database Architects,172380,114150,129560,189190,204000,204000
Arizona,"Computing Infrastructure Providers, Data Processing, Web Hosting, and Related Services",Data Scientists,102620,48510,56120,105580,127450,147920
Arkansas,"Computing Infrastructure Providers, Data Processing, Web Hosting, and Related Services",All Occupations,86000,29750,50140,69850,116500,163020
Arkansas,"Computing Infrastructure Providers, Data Processing, Web Hosting, and Related Services",Computer and Mathematical Occupations,82450,28750,39640,72940,108490,156000
California,"Computing Infrastructure Providers, Data Processing, Web Hosting, and Related Services",All Occupations,166530,65780,101560,161450,214560,277000
California,"Computing Infrastructure Providers, Data Processing, Web Hosting, and Related Services",Computer and Mathematical Occupations,175870,78710,126290,170280,214850,270850
California,"Computing Infrastructure Providers, Data Processing, Web Hosting, and Related Services",Computer and Information Research Scientists,217720,134470,172450,219810,280410,295270
California,"Computing Infrastructure Providers, Data Processing, Web Hosting, and Related Services",Database Administrators,123590,90730,102990,102990,128120,191640
California,"Computing Infrastructure Providers, Data Processing, Web Hosting, and Related Services",Database Architects,184100,123050,160020,188090,214650,233380
California,"Computing Infrastructure Providers, Data Processing, Web Hosting, and Related Services",Data Scientists,189970,102600,163070,204820,216210,273910
Colorado,"Computing Infrastructure Providers, Data Processing, Web Hosting, and Related Services",All Occupations,135530,64540,86160,127160,170720,213130
Colorado,"Computing Infrastructure Providers, Data Processing, Web Hosting, and Related Services",Computer and Mathematical Occupations,132320,65920,93090,129360,169190,209090
Colorado,"Computing Infrastructure Providers, Data Processing, Web Hosting, and Related Services",Database Administrators,131770,106610,106840,126040,160940,174410
Colorado,"Computing Infrastructure Providers, Data Processing, Web Hosting, and Related Services",Database Architects,165820,127380,149880,155840,176500,227390
Colorado,"Computing Infrastructure Providers, Data Processing, Web Hosting, and Related Services",Data Scientists,122700,57350,99900,104850,135130,194810
Connecticut,"Computing Infrastructure Providers, Data Processing, Web Hosting, and Related Services",All Occupations,155840,66080,95330,140750,177350,283650
Connecticut,"Computing Infrastructure Providers, Data Processing, Web Hosting, and Related Services",Computer and Mathematical Occupations,133650,82870,102760,132500,153030,179990
Delaware,"Computing Infrastructure Providers, Data Processing, Web Hosting, and Related Services",All Occupations,129350,42220,87990,134010,165720,193190
Delaware,"Computing Infrastructure Providers, Data Processing, Web Hosting, and Related Services",Computer and Mathematical Occupations,130160,82750,105880,135420,159020,166110
District of Columbia,"Computing Infrastructure Providers, Data Processing, Web Hosting, and Related Services",All Occupations,152190,51970,96330,145330,209260,264230
District of Columbia,"Computing Infrastructure Providers, Data Processing, Web Hosting, and Related Services",Computer and Mathematical Occupations,179160,127140,139530,184540,211130,226480
District of Columbia,"Computing Infrastructure Providers, Data Processing, Web Hosting, and Related Services",Data Scientists,194430,112290,184540,184540,226490,264230
Florida,"Computing Infrastructure Providers, Data Processing, Web Hosting, and Related Services",All Occupations,113440,42880,61960,99550,155160,201380
Florida,"Computing Infrastructure Providers, Data Processing, Web Hosting, and Related Services",Computer and Mathematical Occupations,119500,58520,79230,118470,159480,190110
Florida,"Computing Infrastructure Providers, Data Processing, Web Hosting, and Related Services",Database Administrators,125740,77690,105010,135200,146500,158090
Florida,"Computing Infrastructure Providers, Data Processing, Web Hosting, and Related Services",Database Architects,138880,95360,97540,127340,190600,208530
Florida,"Computing Infrastructure Providers, Data Processing, Web Hosting, and Related Services",Data Scientists,133330,94170,123780,127450,127450,215910
Georgia,"Computing Infrastructure Providers, Data Processing, Web Hosting, and Related Services",All Occupations,111860,38930,59760,100030,153340,190880
Georgia,"Computing Infrastructure Providers, Data Processing, Web Hosting, and Related Services",Computer and Mathematical Occupations,120680,62840,81670,115170,158290,185580
Georgia,"Computing Infrastructure Providers, Data Processing, Web Hosting, and Related Services",Database Administrators,111100,91330,102070,102070,136650,142410
Georgia,"Computing Infrastructure Providers, Data Processing, Web Hosting, and Related Services",Database Architects,168620,127920,147940,187350,187410,187410
Georgia,"Computing Infrastructure Providers, Data Processing, Web Hosting, and Related Services",Data Scientists,96780,71900,71900,80350,119800,158370
Hawaii,"Computing Infrastructure Providers, Data Processing, Web Hosting, and Related Services",All Occupations,122920,48690,65380,120950,151820,245490
Hawaii,"Computing Infrastructure Providers, Data Processing, Web Hosting, and Related Services",Computer and Mathematical Occupations,146150,58760,120230,126230,158900,245490
Idaho,"Computing Infrastructure Providers, Data Processing, Web Hosting, and Related Services",All Occupations,90510,40080,50520,87720,97900,175720
Idaho,"Computing Infrastructure Providers, Data Processing, Web Hosting, and Related Services",Computer and Mathematical Occupations,87880,47710,50610,87720,92230,149890
Illinois,"Computing Infrastructure Providers, Data Processing, Web Hosting, and Related Services",All Occupations,110710,48610,69360,97360,137130,177400
Illinois,"Computing Infrastructure Providers, Data Processing, Web Hosting, and Related Services",Computer and Mathematical Occupations,116180,58640,77460,104350,148770,183520
Illinois,"Computing Infrastructure Providers, Data Processing, Web Hosting, and Related Services",Database Administrators,123270,109770,115280,120880,131570,131570
Illinois,"Computing Infrastructure Providers, Data Processing, Web Hosting, and Related Services",Data Scientists,159070,123130,135360,167440,184070,184070
Illinois,"Computing Infrastructure Providers, Data Processing, Web Hosting, and Related Services","Mathematical Science Occupations, All Other",103830,58010,69990,79830,149310,161680
Indiana,"Computing Infrastructure Providers, Data Processing, Web Hosting, and Related Services",All Occupations,109880,43910,61140,89110,129350,170900
Indiana,"Computing Infrastructure Providers, Data Processing, Web Hosting, and Related Services",Computer and Mathematical Occupations,104540,48780,73090,95680,130570,169480
Indiana,"Computing Infrastructure Providers, Data Processing, Web Hosting, and Related Services",Data Scientists,109920,81220,89820,120210,134470,134470
Iowa,"Computing Infrastructure Providers, Data Processing, Web Hosting, and Related Services",All Occupations,83110,41040,46050,65970,108520,149400
Iowa,"Computing Infrastructure Providers, Data Processing, Web Hosting, and Related Services",Computer and Mathematical Occupations,98070,48240,67430,91490,120880,165880
Kansas,"Computing Infrastructure Providers, Data Processing, Web Hosting, and Related Services",All Occupations,96370,45420,58830,86780,124530,158660
Kansas,"Computing Infrastructure Providers, Data Processing, Web Hosting, and Related Services",Computer and Mathematical Occupations,102230,63910,77620,96210,127480,154080
Kentucky,"Computing Infrastructure Providers, Data Processing, Web Hosting, and Related Services",All Occupations,89420,36850,41290,66200,125320,160030
Kentucky,"Computing Infrastructure Providers, Data Processing, Web Hosting, and Related Services",Computer and Mathematical Occupations,114020,49150,65620,100530,133080,169540
Kentucky,"Computing Infrastructure Providers, Data Processing, Web Hosting, and Related Services",Data Scientists,85070,63130,65620,72490,106000,116600
Louisiana,"Computing Infrastructure Providers, Data Processing, Web Hosting, and Related Services",All Occupations,83160,36740,44440,62820,97010,148260
Maine,"Computing Infrastructure Providers, Data Processing, Web Hosting, and Related Services",All Occupations,123710,56600,79310,114580,167730,176030
Maine,"Computing Infrastructure Providers, Data Processing, Web Hosting, and Related Services",Computer and Mathematical Occupations,121740,56600,98170,121690,161770,172490
Maine,"Computing Infrastructure Providers, Data Processing, Web Hosting, and Related Services",Data Scientists,112440,67960,102910,102930,133370,146570
Maryland,"Computing Infrastructure Providers, Data Processing, Web Hosting, and Related Services",All Occupations,116660,36950,69180,111560,151200,198010
Maryland,"Computing Infrastructure Providers, Data Processing, Web Hosting, and Related Services",Computer and Mathematical Occupations,114190,48010,80150,111470,139620,169080
Maryland,"Computing Infrastructure Providers, Data Processing, Web Hosting, and Related Services",Database Administrators,124480,120550,123730,123730,123730,164270
Maryland,"Computing Infrastructure Providers, Data Processing, Web Hosting, and Related Services",Database Architects,158490,124100,133690,153740,173540,226720
Maryland,"Computing Infrastructure Providers, Data Processing, Web Hosting, and Related Services",Data Scientists,154340,92520,107870,137060,221420,227250
Massachusetts,"Computing Infrastructure Providers, Data Processing, Web Hosting, and Related Services",All Occupations,150450,61500,99470,136440,201640,267120
Massachusetts,"Computing Infrastructure Providers, Data Processing, Web Hosting, and Related Services",Computer and Mathematical Occupations,163420,86840,109440,160130,206500,267120
Massachusetts,"Computing Infrastructure Providers, Data Processing, Web Hosting, and Related Services",Database Administrators,156030,134470,159760,160290,160300,160320
Massachusetts,"Computing Infrastructure Providers, Data Processing, Web Hosting, and Related Services",Database Architects,154160,150440,157620,159240,164310,164310
Massachusetts,"Computing Infrastructure Providers, Data Processing, Web Hosting, and Related Services",Data Scientists,149320,97250,112380,138530,172070,205710
Michigan,"Computing Infrastructure Providers, Data Processing, Web Hosting, and Related Services",All Occupations,94800,37690,51060,79150,124890,169250
Michigan,"Computing Infrastructure Providers, Data Processing, Web Hosting, and Related Services",Computer and Mathematical Occupations,99690,45940,61720,81710,129030,169250
Michigan,"Computing Infrastructure Providers, Data Processing, Web Hosting, and Related Services",Database Architects,134790,99630,114910,119090,160220,209990
Michigan,"Computing Infrastructure Providers, Data Processing, Web Hosting, and Related Services",Data Scientists,83040,41350,60020,70940,99520,146160
Minnesota,"Computing Infrastructure Providers, Data Processing, Web Hosting, and Related Services",All Occupations,116940,49140,77900,102110,155520,201300
Minnesota,"Computing Infrastructure Providers, Data Processing, Web Hosting, and Related Services",Computer and Mathematical Occupations,112060,49080,81750,103050,134670,170790
Mississippi,"Computing Infrastructure Providers, Data Processing, Web Hosting, and Related Services",All Occupations,60840,28360,41280,48470,62490,114990
Mississippi,"Computing Infrastructure Providers, Data Processing, Web Hosting, and Related Services",Computer and Mathematical Occupations,84670,45500,51850,75490,104020,158240
Missouri,"Computing Infrastructure Providers, Data Processing, Web Hosting, and Related Services",All Occupations,113880,45800,66830,105960,155960,171350
Missouri,"Computing Infrastructure Providers, Data Processing, Web Hosting, and Related Services",Computer and Mathematical Occupations,117530,59470,81160,123780,158310,167580
Missouri,"Computing Infrastructure Providers, Data Processing, Web Hosting, and Related Services",Database Administrators,114060,85650,100070,106330,129990,158560
Missouri,"Computing Infrastructure Providers, Data Processing, Web Hosting, and Related Services",Database Architects,101470,66090,67450,80620,127650,163680
Missouri,"Computing Infrastructure Providers, Data Processing, Web Hosting, and Related Services",Data Scientists,97490,59470,77080,98230,127520,130090
Montana,"Computing Infrastructure Providers, Data Processing, Web Hosting, and Related Services",All Occupations,121950,37180,55040,96890,167620,213970
Montana,"Computing Infrastructure Providers, Data Processing, Web Hosting, and Related Services",Computer and Mathematical Occupations,124860,53520,63500,134990,193410,198640
Nebraska,"Computing Infrastructure Providers, Data Processing, Web Hosting, and Related Services",All Occupations,83090,37570,49280,72420,107230,136740
Nebraska,"Computing Infrastructure Providers, Data Processing, Web Hosting, and Related Services",Computer and Mathematical Occupations,81490,40450,60700,75260,104860,131490
Nevada,"Computing Infrastructure Providers, Data Processing, Web Hosting, and Related Services",All Occupations,102070,37140,49280,74050,134990,205600
Nevada,"Computing Infrastructure Providers, Data Processing, Web Hosting, and Related Services",Computer and Mathematical Occupations,125730,52000,68670,106560,166710,221460
Nevada,"Computing Infrastructure Providers, Data Processing, Web Hosting, and Related Services",Database Architects,194010,169040,200190,200190,200290,207370
New Hampshire,"Computing Infrastructure Providers, Data Processing, Web Hosting, and Related Services",All Occupations,94840,32130,39950,72870,137350,169240
New Hampshire,"Computing Infrastructure Providers, Data Processing, Web Hosting, and Related Services",Computer and Mathematical Occupations,118780,40310,93750,126450,147270,165710
New Hampshire,"Computing Infrastructure Providers, Data Processing, Web Hosting, and Related Services",Data Scientists,124680,94070,128260,128610,128610,128610
New Jersey,"Computing Infrastructure Providers, Data Processing, Web Hosting, and Related Services",All Occupations,140100,61400,85680,131450,170220,216180
New Jersey,"Computing Infrastructure Providers, Data Processing, Web Hosting, and Related Services",Computer and Mathematical Occupations,128910,78810,95020,129750,159400,181370
New Jersey,"Computing Infrastructure Providers, Data Processing, Web Hosting, and Related Services",Database Administrators,153230,116010,142920,160680,167700,174890
New Jersey,"Computing Infrastructure Providers, Data Processing, Web Hosting, and Related Services",Database Architects,153030,100930,138360,158910,159120,186850
New Jersey,"Computing Infrastructure Providers, Data Processing, Web Hosting, and Related Services",Data Scientists,131660,100360,110100,132370,145330,172710
New Mexico,"Computing Infrastructure Providers, Data Processing, Web Hosting, and Related Services",All Occupations,91550,46840,55140,80680,109890,149500
New Mexico,"Computing Infrastructure Providers, Data Processing, Web Hosting, and Related Services",Computer and Mathematical Occupations,103110,46020,62000,88940,129180,194820
New York,"Computing Infrastructure Providers, Data Processing, Web Hosting, and Related Services",All Occupations,146420,54490,94880,137640,178050,222550
New York,"Computing Infrastructure Providers, Data Processing, Web Hosting, and Related Services",Computer and Mathematical Occupations,143530,74210,101300,137150,170490,214940
New York,"Computing Infrastructure Providers, Data Processing, Web Hosting, and Related Services",Database Administrators,148300,100380,125690,144820,167530,208270
New York,"Computing Infrastructure Providers, Data Processing, Web Hosting, and Related Services",Database Architects,142850,77340,88910,145560,191960,191970
New York,"Computing Infrastructure Providers, Data Processing, Web Hosting, and Related Services",Data Scientists,136580,63460,102550,129600,169350,207780
North Carolina,"Computing Infrastructure Providers, Data Processing, Web Hosting, and Related Services",All Occupations,88150,35290,43700,67880,122540,174780
North Carolina,"Computing Infrastructure Providers, Data Processing, Web Hosting, and Related Services",Computer and Mathematical Occupations,88540,27810,46540,74200,124730,164470
North Carolina,"Computing Infrastructure Providers, Data Processing, Web Hosting, and Related Services",Computer and Information Research Scientists,142530,108680,127750,132660,157810,172420
North Carolina,"Computing Infrastructure Providers, Data Processing, Web Hosting, and Related Services",Database Administrators,141070,85230,142600,150060,164020,164740
North Carolina,"Computing Infrastructure Providers, Data Processing, Web Hosting, and Related Services",Database Architects,139600,64990,109710,141930,171000,179400
North Carolina,"Computing Infrastructure Providers, Data Processing, Web Hosting, and Related Services",Data Scientists,92160,67870,67880,74040,123440,142240
North Dakota,"Computing Infrastructure Providers, Data Processing, Web Hosting, and Related Services",All Occupations,112490,44310,61680,96330,174740,176790
North Dakota,"Computing Infrastructure Providers, Data Processing, Web Hosting, and Related Services",Computer and Mathematical Occupations,94420,46460,69960,88470,111660,158290
Ohio,"Computing Infrastructure Providers, Data Processing, Web Hosting, and Related Services",All Occupations,100670,45190,61900,81240,131540,173110
Ohio,"Computing Infrastructure Providers, Data Processing, Web Hosting, and Related Services",Computer and Mathematical Occupations,98520,48880,64930,87660,127260,164440
Ohio,"Computing Infrastructure Providers, Data Processing, Web Hosting, and Related Services",Database Administrators,136250,66930,119860,130690,169330,171970
Ohio,"Computing Infrastructure Providers, Data Processing, Web Hosting, and Related Services",Database Architects,158340,100550,110620,158250,177750,201660
Ohio,"Computing Infrastructure Providers, Data Processing, Web Hosting, and Related Services",Data Scientists,105800,62970,73490,105590,143700,146630
Oklahoma,"Computing Infrastructure Providers, Data Processing, Web Hosting, and Related Services",All Occupations,91510,43620,58600,77570,112070,165200
Oklahoma,"Computing Infrastructure Providers, Data Processing, Web Hosting, and Related Services",Computer and Mathematical Occupations,89570,49290,62630,77570,104280,165660
Oklahoma,"Computing Infrastructure Providers, Data Processing, Web Hosting, and Related Services",Database Architects,173700,165660,169800,185600,186900,186900
Oregon,"Computing Infrastructure Providers, Data Processing, Web Hosting, and Related Services",All Occupations,100090,35040,58640,84180,123780,171660
Oregon,"Computing Infrastructure Providers, Data Processing, Web Hosting, and Related Services",Computer and Mathematical Occupations,99130,46870,65490,94310,124860,161530
Oregon,"Computing Infrastructure Providers, Data Processing, Web Hosting, and Related Services",Database Administrators,101450,70450,84650,94960,121490,130010
Oregon,"Computing Infrastructure Providers, Data Processing, Web Hosting, and Related Services",Data Scientists,136140,56980,100060,134010,198140,198160
Pennsylvania,"Computing Infrastructure Providers, Data Processing, Web Hosting, and Related Services",All Occupations,109250,35290,55980,99590,159090,188120
Pennsylvania,"Computing Infrastructure Providers, Data Processing, Web Hosting, and Related Services",Computer and Mathematical Occupations,110170,49300,69950,102270,149340,188120
Pennsylvania,"Computing Infrastructure Providers, Data Processing, Web Hosting, and Related Services",Data Scientists,129530,74430,103300,123340,137750,182330
Rhode Island,"Computing Infrastructure Providers, Data Processing, Web Hosting, and Related Services",All Occupations,112040,47340,83150,119330,124260,163380
Rhode Island,"Computing Infrastructure Providers, Data Processing, Web Hosting, and Related Services",Computer and Mathematical Occupations,110790,47340,72680,113420,147410,189490
South Carolina,"Computing Infrastructure Providers, Data Processing, Web Hosting, and Related Services",All Occupations,103010,37950,59550,97500,129150,171880
South Carolina,"Computing Infrastructure Providers, Data Processing, Web Hosting, and Related Services",Computer and Mathematical Occupations,105440,49490,79560,97500,124400,163660
South Carolina,"Computing Infrastructure Providers, Data Processing, Web Hosting, and Related Services",Database Architects,140820,106880,118140,156700,166570,169340
South Dakota,"Computing Infrastructure Providers, Data Processing, Web Hosting, and Related Services",All Occupations,87980,42970,58690,81650,92320,155510
South Dakota,"Computing Infrastructure Providers, Data Processing, Web Hosting, and Related Services",Computer and Mathematical Occupations,83870,42970,57390,81650,92320,155510
Tennessee,"Computing Infrastructure Providers, Data Processing, Web Hosting, and Related Services",All Occupations,107370,45940,62780,92940,134690,177570
Tennessee,"Computing Infrastructure Providers, Data Processing, Web Hosting, and Related Services",Computer and Mathematical Occupations,103060,51180,71360,99110,132530,159990
Tennessee,"Computing Infrastructure Providers, Data Processing, Web Hosting, and Related Services",Database Administrators,70780,51420,64570,64570,71660,71680
Tennessee,"Computing Infrastructure Providers, Data Processing, Web Hosting, and Related Services",Data Scientists,86650,62980,70190,85700,95290,114990
Texas,"Computing Infrastructure Providers, Data Processing, Web Hosting, and Related Services",All Occupations,109540,35530,52070,101220,155860,192460
Texas,"Computing Infrastructure Providers, Data Processing, Web Hosting, and Related Services",Computer and Mathematical Occupations,123380,61160,79630,124360,158650,177070
Texas,"Computing Infrastructure Providers, Data Processing, Web Hosting, and Related Services",Database Administrators,126260,96840,100990,127480,150660,162400
Texas,"Computing Infrastructure Providers, Data Processing, Web Hosting, and Related Services",Database Architects,157110,138860,151370,151370,157010,168100
Texas,"Computing Infrastructure Providers, Data Processing, Web Hosting, and Related Services",Data Scientists,97150,64120,74640,79630,123520,150640
Utah,"Computing Infrastructure Providers, Data Processing, Web Hosting, and Related Services",All Occupations,106910,38780,54230,96370,156980,178690
Utah,"Computing Infrastructure Providers, Data Processing, Web Hosting, and Related Services",Computer and Mathematical Occupations,115360,46910,72880,115970,157060,174840
Utah,"Computing Infrastructure Providers, Data Processing, Web Hosting, and Related Services",Database Architects,136510,82940,107000,130470,169030,206890
Utah,"Computing Infrastructure Providers, Data Processing, Web Hosting, and Related Services",Data Scientists,144360,87520,157060,157060,157060,157060
Vermont,"Computing Infrastructure Providers, Data Processing, Web Hosting, and Related Services",All Occupations,116870,58900,70790,103900,156110,195910
Vermont,"Computing Infrastructure Providers, Data Processing, Web Hosting, and Related Services",Computer and Mathematical Occupations,127940,64480,95160,118300,156110,195910
Virginia,"Computing Infrastructure Providers, Data Processing, Web Hosting, and Related Services",All Occupations,115680,48980,73820,102310,154310,199660
Virginia,"Computing Infrastructure Providers, Data Processing, Web Hosting, and Related Services",Computer and Mathematical Occupations,118920,67650,79380,111480,158270,172970
Virginia,"Computing Infrastructure Providers, Data Processing, Web Hosting, and Related Services",Database Administrators,115240,81430,93320,96940,137070,186640
Virginia,"Computing Infrastructure Providers, Data Processing, Web Hosting, and Related Services",Database Architects,166630,117210,129320,170850,207940,217050
Virginia,"Computing Infrastructure Providers, Data Processing, Web Hosting, and Related Services",Data Scientists,114480,69990,97400,110430,132040,162290
Washington,"Computing Infrastructure Providers, Data Processing, Web Hosting, and Related Services",All Occupations,139640,58090,77890,132280,171300,221420
Washington,"Computing Infrastructure Providers, Data Processing, Web Hosting, and Related Services",Computer and Mathematical Occupations,145120,60970,96060,150070,176110,215650
Washington,"Computing Infrastructure Providers, Data Processing, Web Hosting, and Related Services",Database Architects,146310,131260,135280,140450,157130,175240
Washington,"Computing Infrastructure Providers, Data Processing, Web Hosting, and Related Services",Statisticians,136980,59070,85670,111180,171650,210140
Washington,"Computing Infrastructure Providers, Data Processing, Web Hosting, and Related Services",Data Scientists,138890,60420,103710,155380,165110,204920
West Virginia,"Computing Infrastructure Providers, Data Processing, Web Hosting, and Related Services",All Occupations,91000,37260,57440,81240,116060,164130
West Virginia,"Computing Infrastructure Providers, Data Processing, Web Hosting, and Related Services",Computer and Mathematical Occupations,98940,63180,64440,90670,116140,164040
Wisconsin,"Computing Infrastructure Providers, Data Processing, Web Hosting, and Related Services",All Occupations,96200,39000,55020,82360,128040,167080
Wisconsin,"Computing Infrastructure Providers, Data Processing, Web Hosting, and Related Services",Computer and Mathematical Occupations,106570,57990,78080,100990,132040,166720
Wisconsin,"Computing Infrastructure Providers, Data Processing, Web Hosting, and Related Services",Database Administrators,106880,84620,96920,102220,125230,133370
Wisconsin,"Computing Infrastructure Providers, Data Processing, Web Hosting, and Related Services",Data Scientists,121860,93800,100040,127390,139950,153900
Wyoming,"Computing Infrastructure Providers, Data Processing, Web Hosting, and Related Services",All Occupations,77730,36070,41560,52760,117520,151180
Wyoming,"Computing Infrastructure Providers, Data Processing, Web Hosting, and Related Services",Computer and Mathematical Occupations,82200,48460,52760,52760,131560,168800
Puerto Rico,"Computing Infrastructure Providers, Data Processing, Web Hosting, and Related Services",All Occupations,56180,23660,29820,48600,67440,95720
Puerto Rico,"Computing Infrastructure Providers, Data Processing, Web Hosting, and Related Services",Computer and Mathematical Occupations,54270,24000,37020,50630,64680,81760
Alabama,"Computing Infrastructure Providers, Data Processing, Web Hosting, and Related Services",All Occupations,88350,31910,37310,67250,134450,169000
Alabama,"Computing Infrastructure Providers, Data Processing, Web Hosting, and Related Services",Computer and Mathematical Occupations,114100,25440,73310,127600,161930,173920
Alaska,"Computing Infrastructure Providers, Data Processing, Web Hosting, and Related Services",All Occupations,103370,48480,62410,85910,111970,200830
Arizona,"Computing Infrastructure Providers, Data Processing, Web Hosting, and Related Services",All Occupations,93710,37210,48740,78620,129150,171020
Arizona,"Computing Infrastructure Providers, Data Processing, Web Hosting, and Related Services",Computer and Mathematical Occupations,90170,48680,48870,78820,118590,164260
Arizona,"Computing Infrastructure Providers, Data Processing, Web Hosting, and Related Services",Database Architects,172380,114150,129560,189190,204000,204000
Arizona,"Computing Infrastructure Providers, Data Processing, Web Hosting, and Related Services",Data Scientists,102620,48510,56120,105580,127450,147920
Arkansas,"Computing Infrastructure Providers, Data Processing, Web Hosting, and Related Services",All Occupations,86000,29750,50140,69850,116500,163020
Arkansas,"Computing Infrastructure Providers, Data Processing, Web Hosting, and Related Services",Computer and Mathematical Occupations,82450,28750,39640,72940,108490,156000
California,"Computing Infrastructure Providers, Data Processing, Web Hosting, and Related Services",All Occupations,166530,65780,101560,161450,214560,277000
California,"Computing Infrastructure Providers, Data Processing, Web Hosting, and Related Services",Computer and Mathematical Occupations,175870,78710,126290,170280,214850,270850
California,"Computing Infrastructure Providers, Data Processing, Web Hosting, and Related Services",Computer and Information Research Scientists,217720,134470,172450,219810,280410,295270
California,"Computing Infrastructure Providers, Data Processing, Web Hosting, and Related Services",Database Administrators,123590,90730,102990,102990,128120,191640
California,"Computing Infrastructure Providers, Data Processing, Web Hosting, and Related Services",Database Architects,184100,123050,160020,188090,214650,233380
California,"Computing Infrastructure Providers, Data Processing, Web Hosting, and Related Services",Data Scientists,189970,102600,163070,204820,216210,273910
Colorado,"Computing Infrastructure Providers, Data Processing, Web Hosting, and Related Services",All Occupations,135530,64540,86160,127160,170720,213130
Colorado,"Computing Infrastructure Providers, Data Processing, Web Hosting, and Related Services",Computer and Mathematical Occupations,132320,65920,93090,129360,169190,209090
Colorado,"Computing Infrastructure Providers, Data Processing, Web Hosting, and Related Services",Database Administrators,131770,106610,106840,126040,160940,174410
Colorado,"Computing Infrastructure Providers, Data Processing, Web Hosting, and Related Services",Database Architects,165820,127380,149880,155840,176500,227390
Colorado,"Computing Infrastructure Providers, Data Processing, Web Hosting, and Related Services",Data Scientists,122700,57350,99900,104850,135130,194810
Connecticut,"Computing Infrastructure Providers, Data Processing, Web Hosting, and Related Services",All Occupations,155840,66080,95330,140750,177350,283650
Connecticut,"Computing Infrastructure Providers, Data Processing, Web Hosting, and Related Services",Computer and Mathematical Occupations,133650,82870,102760,132500,153030,179990
Delaware,"Computing Infrastructure Providers, Data Processing, Web Hosting, and Related Services",All Occupations,129350,42220,87990,134010,165720,193190
Delaware,"Computing Infrastructure Providers, Data Processing, Web Hosting, and Related Services",Computer and Mathematical Occupations,130160,82750,105880,135420,159020,166110
District of Columbia,"Computing Infrastructure Providers, Data Processing, Web Hosting, and Related Services",All Occupations,152190,51970,96330,145330,209260,264230
District of Columbia,"Computing Infrastructure Providers, Data Processing, Web Hosting, and Related Services",Computer and Mathematical Occupations,179160,127140,139530,184540,211130,226480
District of Columbia,"Computing Infrastructure Providers, Data Processing, Web Hosting, and Related Services",Data Scientists,194430,112290,184540,184540,226490,264230
Florida,"Computing Infrastructure Providers, Data Processing, Web Hosting, and Related Services",All Occupations,113440,42880,61960,99550,155160,201380
Florida,"Computing Infrastructure Providers, Data Processing, Web Hosting, and Related Services",Computer and Mathematical Occupations,119500,58520,79230,118470,159480,190110
Florida,"Computing Infrastructure Providers, Data Processing, Web Hosting, and Related Services",Database Administrators,125740,77690,105010,135200,146500,158090
Florida,"Computing Infrastructure Providers, Data Processing, Web Hosting, and Related Services",Database Architects,138880,95360,97540,127340,190600,208530
Florida,"Computing Infrastructure Providers, Data Processing, Web Hosting, and Related Services",Data Scientists,133330,94170,123780,127450,127450,215910
Georgia,"Computing Infrastructure Providers, Data Processing, Web Hosting, and Related Services",All Occupations,111860,38930,59760,100030,153340,190880
Georgia,"Computing Infrastructure Providers, Data Processing, Web Hosting, and Related Services",Computer and Mathematical Occupations,120680,62840,81670,115170,158290,185580
Georgia,"Computing Infrastructure Providers, Data Processing, Web Hosting, and Related Services",Database Administrators,111100,91330,102070,102070,136650,142410
Georgia,"Computing Infrastructure Providers, Data Processing, Web Hosting, and Related Services",Database Architects,168620,127920,147940,187350,187410,187410
Georgia,"Computing Infrastructure Providers, Data Processing, Web Hosting, and Related Services",Data Scientists,96780,71900,71900,80350,119800,158370
Hawaii,"Computing Infrastructure Providers, Data Processing, Web Hosting, and Related Services",All Occupations,122920,48690,65380,120950,151820,245490
Hawaii,"Computing Infrastructure Providers, Data Processing, Web Hosting, and Related Services",Computer and Mathematical Occupations,146150,58760,120230,126230,158900,245490
Idaho,"Computing Infrastructure Providers, Data Processing, Web Hosting, and Related Services",All Occupations,90510,40080,50520,87720,97900,175720
Idaho,"Computing Infrastructure Providers, Data Processing, Web Hosting, and Related Services",Computer and Mathematical Occupations,87880,47710,50610,87720,92230,149890
Illinois,"Computing Infrastructure Providers, Data Processing, Web Hosting, and Related Services",All Occupations,110710,48610,69360,97360,137130,177400
Illinois,"Computing Infrastructure Providers, Data Processing, Web Hosting, and Related Services",Computer and Mathematical Occupations,116180,58640,77460,104350,148770,183520
Illinois,"Computing Infrastructure Providers, Data Processing, Web Hosting, and Related Services",Database Administrators,123270,109770,115280,120880,131570,131570
Illinois,"Computing Infrastructure Providers, Data Processing, Web Hosting, and Related Services",Data Scientists,159070,123130,135360,167440,184070,184070
Illinois,"Computing Infrastructure Providers, Data Processing, Web Hosting, and Related Services","Mathematical Science Occupations, All Other",103830,58010,69990,79830,149310,161680
Indiana,"Computing Infrastructure Providers, Data Processing, Web Hosting, and Related Services",All Occupations,109880,43910,61140,89110,129350,170900
Indiana,"Computing Infrastructure Providers, Data Processing, Web Hosting, and Related Services",Computer and Mathematical Occupations,104540,48780,73090,95680,130570,169480
Indiana,"Computing Infrastructure Providers, Data Processing, Web Hosting, and Related Services",Data Scientists,109920,81220,89820,120210,134470,134470
Iowa,"Computing Infrastructure Providers, Data Processing, Web Hosting, and Related Services",All Occupations,83110,41040,46050,65970,108520,149400
Iowa,"Computing Infrastructure Providers, Data Processing, Web Hosting, and Related Services",Computer and Mathematical Occupations,98070,48240,67430,91490,120880,165880
Kansas,"Computing Infrastructure Providers, Data Processing, Web Hosting, and Related Services",All Occupations,96370,45420,58830,86780,124530,158660
Kansas,"Computing Infrastructure Providers, Data Processing, Web Hosting, and Related Services",Computer and Mathematical Occupations,102230,63910,77620,96210,127480,154080
Kentucky,"Computing Infrastructure Providers, Data Processing, Web Hosting, and Related Services",All Occupations,89420,36850,41290,66200,125320,160030
Kentucky,"Computing Infrastructure Providers, Data Processing, Web Hosting, and Related Services",Computer and Mathematical Occupations,114020,49150,65620,100530,133080,169540
Kentucky,"Computing Infrastructure Providers, Data Processing, Web Hosting, and Related Services",Data Scientists,85070,63130,65620,72490,106000,116600
Louisiana,"Computing Infrastructure Providers, Data Processing, Web Hosting, and Related Services",All Occupations,83160,36740,44440,62820,97010,148260
Maine,"Computing Infrastructure Providers, Data Processing, Web Hosting, and Related Services",All Occupations,123710,56600,79310,114580,167730,176030
Maine,"Computing Infrastructure Providers, Data Processing, Web Hosting, and Related Services",Computer and Mathematical Occupations,121740,56600,98170,121690,161770,172490
Maine,"Computing Infrastructure Providers, Data Processing, Web Hosting, and Related Services",Data Scientists,112440,67960,102910,102930,133370,146570
Maryland,"Computing Infrastructure Providers, Data Processing, Web Hosting, and Related Services",All Occupations,116660,36950,69180,111560,151200,198010
Maryland,"Computing Infrastructure Providers, Data Processing, Web Hosting, and Related Services",Computer and Mathematical Occupations,114190,48010,80150,111470,139620,169080
Maryland,"Computing Infrastructure Providers, Data Processing, Web Hosting, and Related Services",Database Administrators,124480,120550,123730,123730,123730,164270
Maryland,"Computing Infrastructure Providers, Data Processing, Web Hosting, and Related Services",Database Architects,158490,124100,133690,153740,173540,226720
Maryland,"Computing Infrastructure Providers, Data Processing, Web Hosting, and Related Services",Data Scientists,154340,92520,107870,137060,221420,227250
Massachusetts,"Computing Infrastructure Providers, Data Processing, Web Hosting, and Related Services",All Occupations,150450,61500,99470,136440,201640,267120
Massachusetts,"Computing Infrastructure Providers, Data Processing, Web Hosting, and Related Services",Computer and Mathematical Occupations,163420,86840,109440,160130,206500,267120
Massachusetts,"Computing Infrastructure Providers, Data Processing, Web Hosting, and Related Services",Database Administrators,156030,134470,159760,160290,160300,160320
Massachusetts,"Computing Infrastructure Providers, Data Processing, Web Hosting, and Related Services",Database Architects,154160,150440,157620,159240,164310,164310
Massachusetts,"Computing Infrastructure Providers, Data Processing, Web Hosting, and Related Services",Data Scientists,149320,97250,112380,138530,172070,205710
Michigan,"Computing Infrastructure Providers, Data Processing, Web Hosting, and Related Services",All Occupations,94800,37690,51060,79150,124890,169250
Michigan,"Computing Infrastructure Providers, Data Processing, Web Hosting, and Related Services",Computer and Mathematical Occupations,99690,45940,61720,81710,129030,169250
Michigan,"Computing Infrastructure Providers, Data Processing, Web Hosting, and Related Services",Database Architects,134790,99630,114910,119090,160220,209990
Michigan,"Computing Infrastructure Providers, Data Processing, Web Hosting, and Related Services",Data Scientists,83040,41350,60020,70940,99520,146160
Minnesota,"Computing Infrastructure Providers, Data Processing, Web Hosting, and Related Services",All Occupations,116940,49140,77900,102110,155520,201300
Minnesota,"Computing Infrastructure Providers, Data Processing, Web Hosting, and Related Services",Computer and Mathematical Occupations,112060,49080,81750,103050,134670,170790
Mississippi,"Computing Infrastructure Providers, Data Processing, Web Hosting, and Related Services",All Occupations,60840,28360,41280,48470,62490,114990
Mississippi,"Computing Infrastructure Providers, Data Processing, Web Hosting, and Related Services",Computer and Mathematical Occupations,84670,45500,51850,75490,104020,158240
Missouri,"Computing Infrastructure Providers, Data Processing, Web Hosting, and Related Services",All Occupations,113880,45800,66830,105960,155960,171350
Missouri,"Computing Infrastructure Providers, Data Processing, Web Hosting, and Related Services",Computer and Mathematical Occupations,117530,59470,81160,123780,158310,167580
Missouri,"Computing Infrastructure Providers, Data Processing, Web Hosting, and Related Services",Database Administrators,114060,85650,100070,106330,129990,158560
Missouri,"Computing Infrastructure Providers, Data Processing, Web Hosting, and Related Services",Database Architects,101470,66090,67450,80620,127650,163680
Missouri,"Computing Infrastructure Providers, Data Processing, Web Hosting, and Related Services",Data Scientists,97490,59470,77080,98230,127520,130090
Montana,"Computing Infrastructure Providers, Data Processing, Web Hosting, and Related Services",All Occupations,121950,37180,55040,96890,167620,213970
Montana,"Computing Infrastructure Providers, Data Processing, Web Hosting, and Related Services",Computer and Mathematical Occupations,124860,53520,63500,134990,193410,198640
Nebraska,"Computing Infrastructure Providers, Data Processing, Web Hosting, and Related Services",All Occupations,83090,37570,49280,72420,107230,136740
Nebraska,"Computing Infrastructure Providers, Data Processing, Web Hosting, and Related Services",Computer and Mathematical Occupations,81490,40450,60700,75260,104860,131490
Nevada,"Computing Infrastructure Providers, Data Processing, Web Hosting, and Related Services",All Occupations,102070,37140,49280,74050,134990,205600
Nevada,"Computing Infrastructure Providers, Data Processing, Web Hosting, and Related Services",Computer and Mathematical Occupations,125730,52000,68670,106560,166710,221460
Nevada,"Computing Infrastructure Providers, Data Processing, Web Hosting, and Related Services",Database Architects,194010,169040,200190,200190,200290,207370
New Hampshire,"Computing Infrastructure Providers, Data Processing, Web Hosting, and Related Services",All Occupations,94840,32130,39950,72870,137350,169240
New Hampshire,"Computing Infrastructure Providers, Data Processing, Web Hosting, and Related Services",Computer and Mathematical Occupations,118780,40310,93750,126450,147270,165710
New Hampshire,"Computing Infrastructure Providers, Data Processing, Web Hosting, and Related Services",Data Scientists,124680,94070,128260,128610,128610,128610
New Jersey,"Computing Infrastructure Providers, Data Processing, Web Hosting, and Related Services",All Occupations,140100,61400,85680,131450,170220,216180
New Jersey,"Computing Infrastructure Providers, Data Processing, Web Hosting, and Related Services",Computer and Mathematical Occupations,128910,78810,95020,129750,159400,181370
New Jersey,"Computing Infrastructure Providers, Data Processing, Web Hosting, and Related Services",Database Administrators,153230,116010,142920,160680,167700,174890
New Jersey,"Computing Infrastructure Providers, Data Processing, Web Hosting, and Related Services",Database Architects,153030,100930,138360,158910,159120,186850
New Jersey,"Computing Infrastructure Providers, Data Processing, Web Hosting, and Related Services",Data Scientists,131660,100360,110100,132370,145330,172710
New Mexico,"Computing Infrastructure Providers, Data Processing, Web Hosting, and Related Services",All Occupations,91550,46840,55140,80680,109890,149500
New Mexico,"Computing Infrastructure Providers, Data Processing, Web Hosting, and Related Services",Computer and Mathematical Occupations,103110,46020,62000,88940,129180,194820
New York,"Computing Infrastructure Providers, Data Processing, Web Hosting, and Related Services",All Occupations,146420,54490,94880,137640,178050,222550
New York,"Computing Infrastructure Providers, Data Processing, Web Hosting, and Related Services",Computer and Mathematical Occupations,143530,74210,101300,137150,170490,214940
New York,"Computing Infrastructure Providers, Data Processing, Web Hosting, and Related Services",Database Administrators,148300,100380,125690,144820,167530,208270
New York,"Computing Infrastructure Providers, Data Processing, Web Hosting, and Related Services",Database Architects,142850,77340,88910,145560,191960,191970
New York,"Computing Infrastructure Providers, Data Processing, Web Hosting, and Related Services",Data Scientists,136580,63460,102550,129600,169350,207780
North Carolina,"Computing Infrastructure Providers, Data Processing, Web Hosting, and Related Services",All Occupations,88150,35290,43700,67880,122540,174780
North Carolina,"Computing Infrastructure Providers, Data Processing, Web Hosting, and Related Services",Computer and Mathematical Occupations,88540,27810,46540,74200,124730,164470
North Carolina,"Computing Infrastructure Providers, Data Processing, Web Hosting, and Related Services",Computer and Information Research Scientists,142530,108680,127750,132660,157810,172420
North Carolina,"Computing Infrastructure Providers, Data Processing, Web Hosting, and Related Services",Database Administrators,141070,85230,142600,150060,164020,164740
North Carolina,"Computing Infrastructure Providers, Data Processing, Web Hosting, and Related Services",Database Architects,139600,64990,109710,141930,171000,179400
North Carolina,"Computing Infrastructure Providers, Data Processing, Web Hosting, and Related Services",Data Scientists,92160,67870,67880,74040,123440,142240
North Dakota,"Computing Infrastructure Providers, Data Processing, Web Hosting, and Related Services",All Occupations,112490,44310,61680,96330,174740,176790
North Dakota,"Computing Infrastructure Providers, Data Processing, Web Hosting, and Related Services",Computer and Mathematical Occupations,94420,46460,69960,88470,111660,158290
Ohio,"Computing Infrastructure Providers, Data Processing, Web Hosting, and Related Services",All Occupations,100670,45190,61900,81240,131540,173110
Ohio,"Computing Infrastructure Providers, Data Processing, Web Hosting, and Related Services",Computer and Mathematical Occupations,98520,48880,64930,87660,127260,164440
Ohio,"Computing Infrastructure Providers, Data Processing, Web Hosting, and Related Services",Database Administrators,136250,66930,119860,130690,169330,171970
Ohio,"Computing Infrastructure Providers, Data Processing, Web Hosting, and Related Services",Database Architects,158340,100550,110620,158250,177750,201660
Ohio,"Computing Infrastructure Providers, Data Processing, Web Hosting, and Related Services",Data Scientists,105800,62970,73490,105590,143700,146630
Oklahoma,"Computing Infrastructure Providers, Data Processing, Web Hosting, and Related Services",All Occupations,91510,43620,58600,77570,112070,165200
Oklahoma,"Computing Infrastructure Providers, Data Processing, Web Hosting, and Related Services",Computer and Mathematical Occupations,89570,49290,62630,77570,104280,165660
Oklahoma,"Computing Infrastructure Providers, Data Processing, Web Hosting, and Related Services",Database Architects,173700,165660,169800,185600,186900,186900
Oregon,"Computing Infrastructure Providers, Data Processing, Web Hosting, and Related Services",All Occupations,100090,35040,58640,84180,123780,171660
Oregon,"Computing Infrastructure Providers, Data Processing, Web Hosting, and Related Services",Computer and Mathematical Occupations,99130,46870,65490,94310,124860,161530
Oregon,"Computing Infrastructure Providers, Data Processing, Web Hosting, and Related Services",Database Administrators,101450,70450,84650,94960,121490,130010
Oregon,"Computing Infrastructure Providers, Data Processing, Web Hosting, and Related Services",Data Scientists,136140,56980,100060,134010,198140,198160
Pennsylvania,"Computing Infrastructure Providers, Data Processing, Web Hosting, and Related Services",All Occupations,109250,35290,55980,99590,159090,188120
Pennsylvania,"Computing Infrastructure Providers, Data Processing, Web Hosting, and Related Services",Computer and Mathematical Occupations,110170,49300,69950,102270,149340,188120
Pennsylvania,"Computing Infrastructure Providers, Data Processing, Web Hosting, and Related Services",Data Scientists,129530,74430,103300,123340,137750,182330
Rhode Island,"Computing Infrastructure Providers, Data Processing, Web Hosting, and Related Services",All Occupations,112040,47340,83150,119330,124260,163380
Rhode Island,"Computing Infrastructure Providers, Data Processing, Web Hosting, and Related Services",Computer and Mathematical Occupations,110790,47340,72680,113420,147410,189490
South Carolina,"Computing Infrastructure Providers, Data Processing, Web Hosting, and Related Services",All Occupations,103010,37950,59550,97500,129150,171880
South Carolina,"Computing Infrastructure Providers, Data Processing, Web Hosting, and Related Services",Computer and Mathematical Occupations,105440,49490,79560,97500,124400,163660
South Carolina,"Computing Infrastructure Providers, Data Processing, Web Hosting, and Related Services",Database Architects,140820,106880,118140,156700,166570,169340
South Dakota,"Computing Infrastructure Providers, Data Processing, Web Hosting, and Related Services",All Occupations,87980,42970,58690,81650,92320,155510
South Dakota,"Computing Infrastructure Providers, Data Processing, Web Hosting, and Related Services",Computer and Mathematical Occupations,83870,42970,57390,81650,92320,155510
Tennessee,"Computing Infrastructure Providers, Data Processing, Web Hosting, and Related Services",All Occupations,107370,45940,62780,92940,134690,177570
Tennessee,"Computing Infrastructure Providers, Data Processing, Web Hosting, and Related Services",Computer and Mathematical Occupations,103060,51180,71360,99110,132530,159990
Tennessee,"Computing Infrastructure Providers, Data Processing, Web Hosting, and Related Services",Database Administrators,70780,51420,64570,64570,71660,71680
Tennessee,"Computing Infrastructure Providers, Data Processing, Web Hosting, and Related Services",Data Scientists,86650,62980,70190,85700,95290,114990
Texas,"Computing Infrastructure Providers, Data Processing, Web Hosting, and Related Services",All Occupations,109540,35530,52070,101220,155860,192460
Texas,"Computing Infrastructure Providers, Data Processing, Web Hosting, and Related Services",Computer and Mathematical Occupations,123380,61160,79630,124360,158650,177070
Texas,"Computing Infrastructure Providers, Data Processing, Web Hosting, and Related Services",Database Administrators,126260,96840,100990,127480,150660,162400
Texas,"Computing Infrastructure Providers, Data Processing, Web Hosting, and Related Services",Database Architects,157110,138860,151370,151370,157010,168100
Texas,"Computing Infrastructure Providers, Data Processing, Web Hosting, and Related Services",Data Scientists,97150,64120,74640,79630,123520,150640
Utah,"Computing Infrastructure Providers, Data Processing, Web Hosting, and Related Services",All Occupations,106910,38780,54230,96370,156980,178690
Utah,"Computing Infrastructure Providers, Data Processing, Web Hosting, and Related Services",Computer and Mathematical Occupations,115360,46910,72880,115970,157060,174840
Utah,"Computing Infrastructure Providers, Data Processing, Web Hosting, and Related Services",Database Architects,136510,82940,107000,130470,169030,206890
Utah,"Computing Infrastructure Providers, Data Processing, Web Hosting, and Related Services",Data Scientists,144360,87520,157060,157060,157060,157060
Vermont,"Computing Infrastructure Providers, Data Processing, Web Hosting, and Related Services",All Occupations,116870,58900,70790,103900,156110,195910
Vermont,"Computing Infrastructure Providers, Data Processing, Web Hosting, and Related Services",Computer and Mathematical Occupations,127940,64480,95160,118300,156110,195910
Virginia,"Computing Infrastructure Providers, Data Processing, Web Hosting, and Related Services",All Occupations,115680,48980,73820,102310,154310,199660
Virginia,"Computing Infrastructure Providers, Data Processing, Web Hosting, and Related Services",Computer and Mathematical Occupations,118920,67650,79380,111480,158270,172970
Virginia,"Computing Infrastructure Providers, Data Processing, Web Hosting, and Related Services",Database Administrators,115240,81430,93320,96940,137070,186640
Virginia,"Computing Infrastructure Providers, Data Processing, Web Hosting, and Related Services",Database Architects,166630,117210,129320,170850,207940,217050
Virginia,"Computing Infrastructure Providers, Data Processing, Web Hosting, and Related Services",Data Scientists,114480,69990,97400,110430,132040,162290
Washington,"Computing Infrastructure Providers, Data Processing, Web Hosting, and Related Services",All Occupations,139640,58090,77890,132280,171300,221420
Washington,"Computing Infrastructure Providers, Data Processing, Web Hosting, and Related Services",Computer and Mathematical Occupations,145120,60970,96060,150070,176110,215650
Washington,"Computing Infrastructure Providers, Data Processing, Web Hosting, and Related Services",Database Architects,146310,131260,135280,140450,157130,175240
Washington,"Computing Infrastructure Providers, Data Processing, Web Hosting, and Related Services",Statisticians,136980,59070,85670,111180,171650,210140
Washington,"Computing Infrastructure Providers, Data Processing, Web Hosting, and Related Services",Data Scientists,138890,60420,103710,155380,165110,204920
West Virginia,"Computing Infrastructure Providers, Data Processing, Web Hosting, and Related Services",All Occupations,91000,37260,57440,81240,116060,164130
West Virginia,"Computing Infrastructure Providers, Data Processing, Web Hosting, and Related Services",Computer and Mathematical Occupations,98940,63180,64440,90670,116140,164040
Wisconsin,"Computing Infrastructure Providers, Data Processing, Web Hosting, and Related Services",All Occupations,96200,39000,55020,82360,128040,167080
Wisconsin,"Computing Infrastructure Providers, Data Processing, Web Hosting, and Related Services",Computer and Mathematical Occupations,106570,57990,78080,100990,132040,166720
Wisconsin,"Computing Infrastructure Providers, Data Processing, Web Hosting, and Related Services",Database Administrators,106880,84620,96920,102220,125230,133370
Wisconsin,"Computing Infrastructure Providers, Data Processing, Web Hosting, and Related Services",Data Scientists,121860,93800,100040,127390,139950,153900
Wyoming,"Computing Infrastructure Providers, Data Processing, Web Hosting, and Related Services",All Occupations,77730,36070,41560,52760,117520,151180
Wyoming,"Computing Infrastructure Providers, Data Processing, Web Hosting, and Related Services",Computer and Mathematical Occupations,82200,48460,52760,52760,131560,168800
Puerto Rico,"Computing Infrastructure Providers, Data Processing, Web Hosting, and Related Services",All Occupations,56180,23660,29820,48600,67440,95720
Puerto Rico,"Computing Infrastructure Providers, Data Processing, Web Hosting, and Related Services",Computer and Mathematical Occupations,54270,24000,37020,50630,64680,81760
Alabama,"Web Search Portals, Libraries, Archives, and Other Information Services",All Occupations,96180,33010,45240,72690,130800,237180
Alabama,"Web Search Portals, Libraries, Archives, and Other Information Services",Computer and Mathematical Occupations,123720,45470,63330,81120,236330,240800
Alaska,"Web Search Portals, Libraries, Archives, and Other Information Services",All Occupations,91940,36460,54480,83190,126380,150140
Arizona,"Web Search Portals, Libraries, Archives, and Other Information Services",All Occupations,82970,38390,45590,62500,100620,173100
Arizona,"Web Search Portals, Libraries, Archives, and Other Information Services",Computer and Mathematical Occupations,110150,59200,62560,86180,160860,178200
California,"Web Search Portals, Libraries, Archives, and Other Information Services",All Occupations,215270,133660,176870,214410,262230,296280
California,"Web Search Portals, Libraries, Archives, and Other Information Services",Computer and Mathematical Occupations,218850,173440,181810,214410,229340,289320
California,"Web Search Portals, Libraries, Archives, and Other Information Services",Computer and Information Research Scientists,241880,177620,218420,218560,303240,310610
California,"Web Search Portals, Libraries, Archives, and Other Information Services",Database Administrators,142000,86980,99560,127640,172660,248830
California,"Web Search Portals, Libraries, Archives, and Other Information Services",Database Architects,243630,170390,174060,226600,303900,347750
California,"Web Search Portals, Libraries, Archives, and Other Information Services",Data Scientists,218450,161680,178300,212750,243730,292620
Colorado,"Web Search Portals, Libraries, Archives, and Other Information Services",All Occupations,109770,47840,65090,94340,131510,199910
Colorado,"Web Search Portals, Libraries, Archives, and Other Information Services",Computer and Mathematical Occupations,134370,63530,91070,117280,172350,218450
Connecticut,"Web Search Portals, Libraries, Archives, and Other Information Services",All Occupations,87080,36990,57650,75790,99120,138600
Connecticut,"Web Search Portals, Libraries, Archives, and Other Information Services",Computer and Mathematical Occupations,112620,49610,68310,99170,142410,215970
Delaware,"Web Search Portals, Libraries, Archives, and Other Information Services",All Occupations,58630,31200,35590,37620,63810,119070
District of Columbia,"Web Search Portals, Libraries, Archives, and Other Information Services",All Occupations,125830,60000,82580,115680,159680,193660
District of Columbia,"Web Search Portals, Libraries, Archives, and Other Information Services",Computer and Mathematical Occupations,135190,95610,101190,129320,161970,193660
Florida,"Web Search Portals, Libraries, Archives, and Other Information Services",All Occupations,116990,42650,59800,91770,132580,206590
Florida,"Web Search Portals, Libraries, Archives, and Other Information Services",Computer and Mathematical Occupations,125120,63010,82050,116850,164820,207900
Georgia,"Web Search Portals, Libraries, Archives, and Other Information Services",All Occupations,114860,35730,58000,105610,156670,211740
Georgia,"Web Search Portals, Libraries, Archives, and Other Information Services",Computer and Mathematical Occupations,140670,81450,107010,135910,170910,210470
Georgia,"Web Search Portals, Libraries, Archives, and Other Information Services",Data Scientists,142070,106350,118850,135260,167860,167860
Hawaii,"Web Search Portals, Libraries, Archives, and Other Information Services",All Occupations,106790,44840,57410,81870,146720,204020
Idaho,"Web Search Portals, Libraries, Archives, and Other Information Services",All Occupations,96620,35940,50810,77440,109290,192380
Idaho,"Web Search Portals, Libraries, Archives, and Other Information Services",Computer and Mathematical Occupations,102040,74610,78450,97130,124490,157060
Illinois,"Web Search Portals, Libraries, Archives, and Other Information Services",All Occupations,123160,37410,60580,103830,167720,211580
Illinois,"Web Search Portals, Libraries, Archives, and Other Information Services",Computer and Mathematical Occupations,122970,58370,78970,104500,164550,203560
Indiana,"Web Search Portals, Libraries, Archives, and Other Information Services",All Occupations,65030,24010,37550,50610,80680,133110
Indiana,"Web Search Portals, Libraries, Archives, and Other Information Services",Computer and Mathematical Occupations,103570,58120,69700,102670,139440,147330
Iowa,"Web Search Portals, Libraries, Archives, and Other Information Services",All Occupations,73160,36480,46710,67770,99990,113650
Iowa,"Web Search Portals, Libraries, Archives, and Other Information Services",Computer and Mathematical Occupations,85590,60420,70250,93410,99990,99990
Kansas,"Web Search Portals, Libraries, Archives, and Other Information Services",All Occupations,79500,21930,37910,63150,132210,158090
Kentucky,"Web Search Portals, Libraries, Archives, and Other Information Services",All Occupations,79370,48360,54950,70030,94950,123120
Maine,"Web Search Portals, Libraries, Archives, and Other Information Services",All Occupations,52670,36520,38360,47480,59740,80080
Maryland,"Web Search Portals, Libraries, Archives, and Other Information Services",All Occupations,115420,38190,61580,94320,163890,214220
Maryland,"Web Search Portals, Libraries, Archives, and Other Information Services",Computer and Mathematical Occupations,102460,34560,61580,68900,164880,207200
Massachusetts,"Web Search Portals, Libraries, Archives, and Other Information Services",All Occupations,165970,60140,104010,168950,214630,259000
Massachusetts,"Web Search Portals, Libraries, Archives, and Other Information Services",Computer and Mathematical Occupations,207620,144320,173220,212410,215840,287160
Massachusetts,"Web Search Portals, Libraries, Archives, and Other Information Services",Computer and Information Research Scientists,330690,184770,185490,454270,461350,461400
Massachusetts,"Web Search Portals, Libraries, Archives, and Other Information Services",Database Architects,216410,204990,220910,220910,220910,220910
Massachusetts,"Web Search Portals, Libraries, Archives, and Other Information Services",Data Scientists,191330,134470,167550,173820,216930,229420
Michigan,"Web Search Portals, Libraries, Archives, and Other Information Services",All Occupations,94330,31640,41150,73510,134530,189270
Michigan,"Web Search Portals, Libraries, Archives, and Other Information Services",Computer and Mathematical Occupations,122640,34320,72570,125640,165730,206440
Michigan,"Web Search Portals, Libraries, Archives, and Other Information Services",Database Architects,186110,163750,168920,196880,206040,208490
Michigan,"Web Search Portals, Libraries, Archives, and Other Information Services",Data Scientists,137140,96620,100060,160220,165930,171960
Minnesota,"Web Search Portals, Libraries, Archives, and Other Information Services",All Occupations,92500,37200,50160,74070,117970,172990
Minnesota,"Web Search Portals, Libraries, Archives, and Other Information Services",Computer and Mathematical Occupations,120120,51740,75070,117970,170840,171700
Mississippi,"Web Search Portals, Libraries, Archives, and Other Information Services",All Occupations,66250,26510,37440,37440,78190,138620
Missouri,"Web Search Portals, Libraries, Archives, and Other Information Services",All Occupations,90780,28960,45660,83480,105340,172030
Missouri,"Web Search Portals, Libraries, Archives, and Other Information Services",Computer and Mathematical Occupations,101340,47660,67580,74780,155730,163960
Montana,"Web Search Portals, Libraries, Archives, and Other Information Services",All Occupations,119600,43280,50270,82580,179180,260040
Nebraska,"Web Search Portals, Libraries, Archives, and Other Information Services",All Occupations,82340,38150,51200,68700,112140,129570
Nevada,"Web Search Portals, Libraries, Archives, and Other Information Services",All Occupations,117640,35220,50920,104490,169900,207320
Nevada,"Web Search Portals, Libraries, Archives, and Other Information Services",Computer and Mathematical Occupations,157090,78040,120720,144540,174480,211030
New Hampshire,"Web Search Portals, Libraries, Archives, and Other Information Services",All Occupations,78710,32550,39330,59680,93490,170920
New Hampshire,"Web Search Portals, Libraries, Archives, and Other Information Services",Computer and Mathematical Occupations,126860,76430,95500,117310,135440,194000
New Jersey,"Web Search Portals, Libraries, Archives, and Other Information Services",All Occupations,130750,37770,63790,102670,204660,245460
New Jersey,"Web Search Portals, Libraries, Archives, and Other Information Services",Computer and Mathematical Occupations,161760,79650,98520,164270,216040,252270
New Jersey,"Web Search Portals, Libraries, Archives, and Other Information Services",Database Architects,120640,86880,90970,93280,131050,209250
New Jersey,"Web Search Portals, Libraries, Archives, and Other Information Services",Data Scientists,130170,76040,100400,123040,154660,210360
New Mexico,"Web Search Portals, Libraries, Archives, and Other Information Services",All Occupations,89820,29990,43320,71760,138100,176150
New Mexico,"Web Search Portals, Libraries, Archives, and Other Information Services",Computer and Mathematical Occupations,147140,105880,138100,143310,167580,179800
New York,"Web Search Portals, Libraries, Archives, and Other Information Services",All Occupations,139360,39140,63310,132130,205020,235020
New York,"Web Search Portals, Libraries, Archives, and Other Information Services",Computer and Mathematical Occupations,184430,105300,164650,180980,220520,227730
New York,"Web Search Portals, Libraries, Archives, and Other Information Services",Database Architects,142490,104500,126880,136060,153540,200130
New York,"Web Search Portals, Libraries, Archives, and Other Information Services",Data Scientists,166440,88990,149510,165290,197660,206790
North Carolina,"Web Search Portals, Libraries, Archives, and Other Information Services",All Occupations,147770,43080,66750,135620,175070,288660
North Carolina,"Web Search Portals, Libraries, Archives, and Other Information Services",Computer and Mathematical Occupations,166370,57000,128200,135620,175070,306020
North Dakota,"Web Search Portals, Libraries, Archives, and Other Information Services",All Occupations,101080,51300,61060,71930,128250,239570
Ohio,"Web Search Portals, Libraries, Archives, and Other Information Services",All Occupations,100220,43980,61640,87920,138010,170890
Ohio,"Web Search Portals, Libraries, Archives, and Other Information Services",Computer and Mathematical Occupations,117300,80250,84930,114130,140260,173990
Ohio,"Web Search Portals, Libraries, Archives, and Other Information Services",Database Architects,168010,141400,147890,174160,174390,206000
Oklahoma,"Web Search Portals, Libraries, Archives, and Other Information Services",All Occupations,95030,45750,68580,85060,111250,160180
Oklahoma,"Web Search Portals, Libraries, Archives, and Other Information Services",Computer and Mathematical Occupations,89400,68580,68580,68580,103440,121600
Oregon,"Web Search Portals, Libraries, Archives, and Other Information Services",All Occupations,130830,37760,55400,134520,182490,218640
Pennsylvania,"Web Search Portals, Libraries, Archives, and Other Information Services",All Occupations,54130,23450,29190,39690,60040,96260
Pennsylvania,"Web Search Portals, Libraries, Archives, and Other Information Services",Computer and Mathematical Occupations,101060,24440,49980,93090,129820,206730
Rhode Island,"Web Search Portals, Libraries, Archives, and Other Information Services",All Occupations,72210,34910,37420,57950,79860,146450
Rhode Island,"Web Search Portals, Libraries, Archives, and Other Information Services",Computer and Mathematical Occupations,96220,57270,68640,93090,107580,146450
South Carolina,"Web Search Portals, Libraries, Archives, and Other Information Services",All Occupations,124590,45750,65290,91370,141770,222400
South Carolina,"Web Search Portals, Libraries, Archives, and Other Information Services",Computer and Mathematical Occupations,141160,66390,83580,129990,141770,222400
South Carolina,"Web Search Portals, Libraries, Archives, and Other Information Services",Database Architects,189460,135560,142480,204790,222400,222400
South Dakota,"Web Search Portals, Libraries, Archives, and Other Information Services",All Occupations,78520,41600,48580,73290,90730,125450
South Dakota,"Web Search Portals, Libraries, Archives, and Other Information Services",Computer and Mathematical Occupations,72030,41600,49490,72170,78970,108880
Tennessee,"Web Search Portals, Libraries, Archives, and Other Information Services",All Occupations,118980,29180,43760,103110,179970,220400
Tennessee,"Web Search Portals, Libraries, Archives, and Other Information Services",Computer and Mathematical Occupations,147510,79130,109240,140000,200770,218540
Texas,"Web Search Portals, Libraries, Archives, and Other Information Services",All Occupations,92270,35900,44930,77460,125720,183410
Texas,"Web Search Portals, Libraries, Archives, and Other Information Services",Computer and Mathematical Occupations,100930,42800,53790,82850,140140,185600
Texas,"Web Search Portals, Libraries, Archives, and Other Information Services",Database Administrators,50120,35900,39210,42800,43440,102650
Texas,"Web Search Portals, Libraries, Archives, and Other Information Services",Data Scientists,98440,57560,78840,82880,122340,147460
Utah,"Web Search Portals, Libraries, Archives, and Other Information Services",All Occupations,119890,45030,63940,123770,163420,221060
Utah,"Web Search Portals, Libraries, Archives, and Other Information Services",Computer and Mathematical Occupations,126130,75030,105600,124990,157240,176760
Vermont,"Web Search Portals, Libraries, Archives, and Other Information Services",All Occupations,90780,34820,36800,55650,103860,199990
Vermont,"Web Search Portals, Libraries, Archives, and Other Information Services",Computer and Mathematical Occupations,165840,86000,156000,166610,195010,206260
Virginia,"Web Search Portals, Libraries, Archives, and Other Information Services",All Occupations,88560,36030,50330,75250,101720,158590
Virginia,"Web Search Portals, Libraries, Archives, and Other Information Services",Computer and Mathematical Occupations,107300,38590,62120,101710,141570,197650
Washington,"Web Search Portals, Libraries, Archives, and Other Information Services",All Occupations,185490,105910,143500,172920,214480,272940
Washington,"Web Search Portals, Libraries, Archives, and Other Information Services",Computer and Mathematical Occupations,193330,142600,171680,205810,214480,267720
Washington,"Web Search Portals, Libraries, Archives, and Other Information Services",Data Scientists,156570,78940,112330,170750,212050,215100
West Virginia,"Web Search Portals, Libraries, Archives, and Other Information Services",All Occupations,76430,24350,30470,47550,110240,162670
Wisconsin,"Web Search Portals, Libraries, Archives, and Other Information Services",All Occupations,92300,37710,52010,77330,109260,164610
Wisconsin,"Web Search Portals, Libraries, Archives, and Other Information Services",Computer and Mathematical Occupations,113260,77340,98030,102960,154170,164760
Wyoming,"Web Search Portals, Libraries, Archives, and Other Information Services",All Occupations,101680,32590,60430,79710,125250,178900
Alabama,"Web Search Portals, Libraries, Archives, and Other Information Services",All Occupations,96180,33010,45240,72690,130800,237180
Alabama,"Web Search Portals, Libraries, Archives, and Other Information Services",Computer and Mathematical Occupations,123720,45470,63330,81120,236330,240800
Alaska,"Web Search Portals, Libraries, Archives, and Other Information Services",All Occupations,91940,36460,54480,83190,126380,150140
Arizona,"Web Search Portals, Libraries, Archives, and Other Information Services",All Occupations,82970,38390,45590,62500,100620,173100
Arizona,"Web Search Portals, Libraries, Archives, and Other Information Services",Computer and Mathematical Occupations,110150,59200,62560,86180,160860,178200
California,"Web Search Portals, Libraries, Archives, and Other Information Services",All Occupations,215270,133660,176870,214410,262230,296280
California,"Web Search Portals, Libraries, Archives, and Other Information Services",Computer and Mathematical Occupations,218850,173440,181810,214410,229340,289320
California,"Web Search Portals, Libraries, Archives, and Other Information Services",Computer and Information Research Scientists,241880,177620,218420,218560,303240,310610
California,"Web Search Portals, Libraries, Archives, and Other Information Services",Database Administrators,142000,86980,99560,127640,172660,248830
California,"Web Search Portals, Libraries, Archives, and Other Information Services",Database Architects,243630,170390,174060,226600,303900,347750
California,"Web Search Portals, Libraries, Archives, and Other Information Services",Data Scientists,218450,161680,178300,212750,243730,292620
Colorado,"Web Search Portals, Libraries, Archives, and Other Information Services",All Occupations,109770,47840,65090,94340,131510,199910
Colorado,"Web Search Portals, Libraries, Archives, and Other Information Services",Computer and Mathematical Occupations,134370,63530,91070,117280,172350,218450
Connecticut,"Web Search Portals, Libraries, Archives, and Other Information Services",All Occupations,87080,36990,57650,75790,99120,138600
Connecticut,"Web Search Portals, Libraries, Archives, and Other Information Services",Computer and Mathematical Occupations,112620,49610,68310,99170,142410,215970
Delaware,"Web Search Portals, Libraries, Archives, and Other Information Services",All Occupations,58630,31200,35590,37620,63810,119070
District of Columbia,"Web Search Portals, Libraries, Archives, and Other Information Services",All Occupations,125830,60000,82580,115680,159680,193660
District of Columbia,"Web Search Portals, Libraries, Archives, and Other Information Services",Computer and Mathematical Occupations,135190,95610,101190,129320,161970,193660
Florida,"Web Search Portals, Libraries, Archives, and Other Information Services",All Occupations,116990,42650,59800,91770,132580,206590
Florida,"Web Search Portals, Libraries, Archives, and Other Information Services",Computer and Mathematical Occupations,125120,63010,82050,116850,164820,207900
Georgia,"Web Search Portals, Libraries, Archives, and Other Information Services",All Occupations,114860,35730,58000,105610,156670,211740
Georgia,"Web Search Portals, Libraries, Archives, and Other Information Services",Computer and Mathematical Occupations,140670,81450,107010,135910,170910,210470
Georgia,"Web Search Portals, Libraries, Archives, and Other Information Services",Data Scientists,142070,106350,118850,135260,167860,167860
Hawaii,"Web Search Portals, Libraries, Archives, and Other Information Services",All Occupations,106790,44840,57410,81870,146720,204020
Idaho,"Web Search Portals, Libraries, Archives, and Other Information Services",All Occupations,96620,35940,50810,77440,109290,192380
Idaho,"Web Search Portals, Libraries, Archives, and Other Information Services",Computer and Mathematical Occupations,102040,74610,78450,97130,124490,157060
Illinois,"Web Search Portals, Libraries, Archives, and Other Information Services",All Occupations,123160,37410,60580,103830,167720,211580
Illinois,"Web Search Portals, Libraries, Archives, and Other Information Services",Computer and Mathematical Occupations,122970,58370,78970,104500,164550,203560
Indiana,"Web Search Portals, Libraries, Archives, and Other Information Services",All Occupations,65030,24010,37550,50610,80680,133110
Indiana,"Web Search Portals, Libraries, Archives, and Other Information Services",Computer and Mathematical Occupations,103570,58120,69700,102670,139440,147330
Iowa,"Web Search Portals, Libraries, Archives, and Other Information Services",All Occupations,73160,36480,46710,67770,99990,113650
Iowa,"Web Search Portals, Libraries, Archives, and Other Information Services",Computer and Mathematical Occupations,85590,60420,70250,93410,99990,99990
Kansas,"Web Search Portals, Libraries, Archives, and Other Information Services",All Occupations,79500,21930,37910,63150,132210,158090
Kentucky,"Web Search Portals, Libraries, Archives, and Other Information Services",All Occupations,79370,48360,54950,70030,94950,123120
Maine,"Web Search Portals, Libraries, Archives, and Other Information Services",All Occupations,52670,36520,38360,47480,59740,80080
Maryland,"Web Search Portals, Libraries, Archives, and Other Information Services",All Occupations,115420,38190,61580,94320,163890,214220
Maryland,"Web Search Portals, Libraries, Archives, and Other Information Services",Computer and Mathematical Occupations,102460,34560,61580,68900,164880,207200
Massachusetts,"Web Search Portals, Libraries, Archives, and Other Information Services",All Occupations,165970,60140,104010,168950,214630,259000
Massachusetts,"Web Search Portals, Libraries, Archives, and Other Information Services",Computer and Mathematical Occupations,207620,144320,173220,212410,215840,287160
Massachusetts,"Web Search Portals, Libraries, Archives, and Other Information Services",Computer and Information Research Scientists,330690,184770,185490,454270,461350,461400
Massachusetts,"Web Search Portals, Libraries, Archives, and Other Information Services",Database Architects,216410,204990,220910,220910,220910,220910
Massachusetts,"Web Search Portals, Libraries, Archives, and Other Information Services",Data Scientists,191330,134470,167550,173820,216930,229420
Michigan,"Web Search Portals, Libraries, Archives, and Other Information Services",All Occupations,94330,31640,41150,73510,134530,189270
Michigan,"Web Search Portals, Libraries, Archives, and Other Information Services",Computer and Mathematical Occupations,122640,34320,72570,125640,165730,206440
Michigan,"Web Search Portals, Libraries, Archives, and Other Information Services",Database Architects,186110,163750,168920,196880,206040,208490
Michigan,"Web Search Portals, Libraries, Archives, and Other Information Services",Data Scientists,137140,96620,100060,160220,165930,171960
Minnesota,"Web Search Portals, Libraries, Archives, and Other Information Services",All Occupations,92500,37200,50160,74070,117970,172990
Minnesota,"Web Search Portals, Libraries, Archives, and Other Information Services",Computer and Mathematical Occupations,120120,51740,75070,117970,170840,171700
Mississippi,"Web Search Portals, Libraries, Archives, and Other Information Services",All Occupations,66250,26510,37440,37440,78190,138620
Missouri,"Web Search Portals, Libraries, Archives, and Other Information Services",All Occupations,90780,28960,45660,83480,105340,172030
Missouri,"Web Search Portals, Libraries, Archives, and Other Information Services",Computer and Mathematical Occupations,101340,47660,67580,74780,155730,163960
Montana,"Web Search Portals, Libraries, Archives, and Other Information Services",All Occupations,119600,43280,50270,82580,179180,260040
Nebraska,"Web Search Portals, Libraries, Archives, and Other Information Services",All Occupations,82340,38150,51200,68700,112140,129570
Nevada,"Web Search Portals, Libraries, Archives, and Other Information Services",All Occupations,117640,35220,50920,104490,169900,207320
Nevada,"Web Search Portals, Libraries, Archives, and Other Information Services",Computer and Mathematical Occupations,157090,78040,120720,144540,174480,211030
New Hampshire,"Web Search Portals, Libraries, Archives, and Other Information Services",All Occupations,78710,32550,39330,59680,93490,170920
New Hampshire,"Web Search Portals, Libraries, Archives, and Other Information Services",Computer and Mathematical Occupations,126860,76430,95500,117310,135440,194000
New Jersey,"Web Search Portals, Libraries, Archives, and Other Information Services",All Occupations,130750,37770,63790,102670,204660,245460
New Jersey,"Web Search Portals, Libraries, Archives, and Other Information Services",Computer and Mathematical Occupations,161760,79650,98520,164270,216040,252270
New Jersey,"Web Search Portals, Libraries, Archives, and Other Information Services",Database Architects,120640,86880,90970,93280,131050,209250
New Jersey,"Web Search Portals, Libraries, Archives, and Other Information Services",Data Scientists,130170,76040,100400,123040,154660,210360
New Mexico,"Web Search Portals, Libraries, Archives, and Other Information Services",All Occupations,89820,29990,43320,71760,138100,176150
New Mexico,"Web Search Portals, Libraries, Archives, and Other Information Services",Computer and Mathematical Occupations,147140,105880,138100,143310,167580,179800
New York,"Web Search Portals, Libraries, Archives, and Other Information Services",All Occupations,139360,39140,63310,132130,205020,235020
New York,"Web Search Portals, Libraries, Archives, and Other Information Services",Computer and Mathematical Occupations,184430,105300,164650,180980,220520,227730
New York,"Web Search Portals, Libraries, Archives, and Other Information Services",Database Architects,142490,104500,126880,136060,153540,200130
New York,"Web Search Portals, Libraries, Archives, and Other Information Services",Data Scientists,166440,88990,149510,165290,197660,206790
North Carolina,"Web Search Portals, Libraries, Archives, and Other Information Services",All Occupations,147770,43080,66750,135620,175070,288660
North Carolina,"Web Search Portals, Libraries, Archives, and Other Information Services",Computer and Mathematical Occupations,166370,57000,128200,135620,175070,306020
North Dakota,"Web Search Portals, Libraries, Archives, and Other Information Services",All Occupations,101080,51300,61060,71930,128250,239570
Ohio,"Web Search Portals, Libraries, Archives, and Other Information Services",All Occupations,100220,43980,61640,87920,138010,170890
Ohio,"Web Search Portals, Libraries, Archives, and Other Information Services",Computer and Mathematical Occupations,117300,80250,84930,114130,140260,173990
Ohio,"Web Search Portals, Libraries, Archives, and Other Information Services",Database Architects,168010,141400,147890,174160,174390,206000
Oklahoma,"Web Search Portals, Libraries, Archives, and Other Information Services",All Occupations,95030,45750,68580,85060,111250,160180
Oklahoma,"Web Search Portals, Libraries, Archives, and Other Information Services",Computer and Mathematical Occupations,89400,68580,68580,68580,103440,121600
Oregon,"Web Search Portals, Libraries, Archives, and Other Information Services",All Occupations,130830,37760,55400,134520,182490,218640
Pennsylvania,"Web Search Portals, Libraries, Archives, and Other Information Services",All Occupations,54130,23450,29190,39690,60040,96260
Pennsylvania,"Web Search Portals, Libraries, Archives, and Other Information Services",Computer and Mathematical Occupations,101060,24440,49980,93090,129820,206730
Rhode Island,"Web Search Portals, Libraries, Archives, and Other Information Services",All Occupations,72210,34910,37420,57950,79860,146450
Rhode Island,"Web Search Portals, Libraries, Archives, and Other Information Services",Computer and Mathematical Occupations,96220,57270,68640,93090,107580,146450
South Carolina,"Web Search Portals, Libraries, Archives, and Other Information Services",All Occupations,124590,45750,65290,91370,141770,222400
South Carolina,"Web Search Portals, Libraries, Archives, and Other Information Services",Computer and Mathematical Occupations,141160,66390,83580,129990,141770,222400
South Carolina,"Web Search Portals, Libraries, Archives, and Other Information Services",Database Architects,189460,135560,142480,204790,222400,222400
South Dakota,"Web Search Portals, Libraries, Archives, and Other Information Services",All Occupations,78520,41600,48580,73290,90730,125450
South Dakota,"Web Search Portals, Libraries, Archives, and Other Information Services",Computer and Mathematical Occupations,72030,41600,49490,72170,78970,108880
Tennessee,"Web Search Portals, Libraries, Archives, and Other Information Services",All Occupations,118980,29180,43760,103110,179970,220400
Tennessee,"Web Search Portals, Libraries, Archives, and Other Information Services",Computer and Mathematical Occupations,147510,79130,109240,140000,200770,218540
Texas,"Web Search Portals, Libraries, Archives, and Other Information Services",All Occupations,92270,35900,44930,77460,125720,183410
Texas,"Web Search Portals, Libraries, Archives, and Other Information Services",Computer and Mathematical Occupations,100930,42800,53790,82850,140140,185600
Texas,"Web Search Portals, Libraries, Archives, and Other Information Services",Database Administrators,50120,35900,39210,42800,43440,102650
Texas,"Web Search Portals, Libraries, Archives, and Other Information Services",Data Scientists,98440,57560,78840,82880,122340,147460
Utah,"Web Search Portals, Libraries, Archives, and Other Information Services",All Occupations,119890,45030,63940,123770,163420,221060
Utah,"Web Search Portals, Libraries, Archives, and Other Information Services",Computer and Mathematical Occupations,126130,75030,105600,124990,157240,176760
Vermont,"Web Search Portals, Libraries, Archives, and Other Information Services",All Occupations,90780,34820,36800,55650,103860,199990
Vermont,"Web Search Portals, Libraries, Archives, and Other Information Services",Computer and Mathematical Occupations,165840,86000,156000,166610,195010,206260
Virginia,"Web Search Portals, Libraries, Archives, and Other Information Services",All Occupations,88560,36030,50330,75250,101720,158590
Virginia,"Web Search Portals, Libraries, Archives, and Other Information Services",Computer and Mathematical Occupations,107300,38590,62120,101710,141570,197650
Washington,"Web Search Portals, Libraries, Archives, and Other Information Services",All Occupations,185490,105910,143500,172920,214480,272940
Washington,"Web Search Portals, Libraries, Archives, and Other Information Services",Computer and Mathematical Occupations,193330,142600,171680,205810,214480,267720
Washington,"Web Search Portals, Libraries, Archives, and Other Information Services",Data Scientists,156570,78940,112330,170750,212050,215100
West Virginia,"Web Search Portals, Libraries, Archives, and Other Information Services",All Occupations,76430,24350,30470,47550,110240,162670
Wisconsin,"Web Search Portals, Libraries, Archives, and Other Information Services",All Occupations,92300,37710,52010,77330,109260,164610
Wisconsin,"Web Search Portals, Libraries, Archives, and Other Information Services",Computer and Mathematical Occupations,113260,77340,98030,102960,154170,164760
Wyoming,"Web Search Portals, Libraries, Archives, and Other Information Services",All Occupations,101680,32590,60430,79710,125250,178900
Alabama,"Professional, Scientific, and Technical Services",All Occupations,94160,36100,49140,79810,127360,170550
Alabama,"Professional, Scientific, and Technical Services",Computer and Mathematical Occupations,112950,57850,79840,105160,135120,169310
Alabama,"Professional, Scientific, and Technical Services",Computer and Information Research Scientists,138190,103530,137700,137700,137700,160080
Alabama,"Professional, Scientific, and Technical Services",Database Administrators,103380,68050,80090,100710,129320,140680
Alabama,"Professional, Scientific, and Technical Services",Database Architects,119170,78400,92990,104000,138420,182590
Alabama,"Professional, Scientific, and Technical Services",Data Scientists,118980,71140,90010,111810,137230,174700
Alaska,"Professional, Scientific, and Technical Services",All Occupations,93670,43610,59570,80330,114400,157360
Alaska,"Professional, Scientific, and Technical Services",Computer and Mathematical Occupations,89370,55400,63430,86330,102540,130670
Arizona,"Professional, Scientific, and Technical Services",All Occupations,97610,40470,51410,79170,127200,169140
Arizona,"Professional, Scientific, and Technical Services",Computer and Mathematical Occupations,119020,63210,81780,124720,141460,172780
Arizona,"Professional, Scientific, and Technical Services",Database Administrators,98300,68060,78280,96690,115390,135920
Arizona,"Professional, Scientific, and Technical Services",Database Architects,148150,119990,156100,156100,156100,156100
Arizona,"Professional, Scientific, and Technical Services",Data Scientists,105880,66870,77350,103140,129380,136710
Arkansas,"Professional, Scientific, and Technical Services",All Occupations,73830,32270,40460,59210,87500,130970
Arkansas,"Professional, Scientific, and Technical Services",Computer and Mathematical Occupations,88870,39510,53580,81390,113410,149990
Arkansas,"Professional, Scientific, and Technical Services",Database Administrators,103370,71190,88090,102050,126820,127850
Arkansas,"Professional, Scientific, and Technical Services",Database Architects,134380,73280,103040,131290,173400,194840
Arkansas,"Professional, Scientific, and Technical Services",Data Scientists,102790,57270,73510,108000,121750,128700
California,"Professional, Scientific, and Technical Services",All Occupations,129220,47770,66530,103350,167460,223780
California,"Professional, Scientific, and Technical Services",Computer and Mathematical Occupations,152100,71480,101290,144350,195460,224790
California,"Professional, Scientific, and Technical Services",Computer and Information Research Scientists,152590,82220,99120,132530,187470,250910
California,"Professional, Scientific, and Technical Services",Database Administrators,134040,61350,88670,126880,158070,192960
California,"Professional, Scientific, and Technical Services",Database Architects,197650,123320,134270,170620,208650,251390
California,"Professional, Scientific, and Technical Services",Statisticians,153300,59370,115880,167220,202920,207920
California,"Professional, Scientific, and Technical Services",Data Scientists,150220,75950,104190,145540,180190,221680
California,"Professional, Scientific, and Technical Services","Mathematical Science Occupations, All Other",184030,180490,180500,180500,180510,212940
Colorado,"Professional, Scientific, and Technical Services",All Occupations,119620,48610,69860,102500,157130,206350
Colorado,"Professional, Scientific, and Technical Services",Computer and Mathematical Occupations,134080,68680,95680,130980,165420,204820
Colorado,"Professional, Scientific, and Technical Services",Computer and Information Research Scientists,143210,80230,107090,132770,164700,250840
Colorado,"Professional, Scientific, and Technical Services",Database Administrators,121070,61930,80830,125380,159460,167570
Colorado,"Professional, Scientific, and Technical Services",Database Architects,140000,88000,88000,138920,173830,202260
Colorado,"Professional, Scientific, and Technical Services",Statisticians,128240,77090,106350,136450,144990,161120
Colorado,"Professional, Scientific, and Technical Services",Data Scientists,134220,76420,104700,119430,161510,206890
Connecticut,"Professional, Scientific, and Technical Services",All Occupations,112440,44850,61100,94890,140300,205650
Connecticut,"Professional, Scientific, and Technical Services",Computer and Mathematical Occupations,112800,58850,76220,102800,141920,169660
Connecticut,"Professional, Scientific, and Technical Services",Computer and Information Research Scientists,132530,129690,131650,131650,131650,131650
Connecticut,"Professional, Scientific, and Technical Services",Database Administrators,135350,95510,112150,148540,151590,157760
Connecticut,"Professional, Scientific, and Technical Services",Database Architects,162540,126960,136030,160270,166880,217410
Connecticut,"Professional, Scientific, and Technical Services",Statisticians,135010,50570,86170,121980,194670,196170
Connecticut,"Professional, Scientific, and Technical Services",Data Scientists,141400,87990,101940,133380,169420,218000
Delaware,"Professional, Scientific, and Technical Services",All Occupations,107240,40940,57110,84000,131250,186580
Delaware,"Professional, Scientific, and Technical Services",Computer and Mathematical Occupations,110040,55400,76750,107420,134070,166300
Delaware,"Professional, Scientific, and Technical Services",Database Administrators,113510,62920,73380,94230,126100,226690
District of Columbia,"Professional, Scientific, and Technical Services",All Occupations,159410,64550,85100,129080,204500,345400
District of Columbia,"Professional, Scientific, and Technical Services",Computer and Mathematical Occupations,138160,79630,100060,132460,169900,207700
District of Columbia,"Professional, Scientific, and Technical Services",Computer and Information Research Scientists,135880,120890,126210,126210,126210,170100
District of Columbia,"Professional, Scientific, and Technical Services",Database Administrators,137250,83980,129310,132060,155520,172130
District of Columbia,"Professional, Scientific, and Technical Services",Database Architects,175760,107820,127930,167530,224710,248290
District of Columbia,"Professional, Scientific, and Technical Services",Data Scientists,146250,89750,104330,138600,186190,214950
Florida,"Professional, Scientific, and Technical Services",All Occupations,95540,37490,49120,76210,123090,171900
Florida,"Professional, Scientific, and Technical Services",Computer and Mathematical Occupations,111580,51400,75360,102280,134430,171240
Florida,"Professional, Scientific, and Technical Services",Computer and Information Research Scientists,136700,69540,94270,133280,181170,198400
Florida,"Professional, Scientific, and Technical Services",Database Administrators,125260,72370,90550,127080,156850,165840
Florida,"Professional, Scientific, and Technical Services",Database Architects,137800,84660,97710,130790,172770,206410
Florida,"Professional, Scientific, and Technical Services",Statisticians,134820,71730,101560,124840,162930,198390
Florida,"Professional, Scientific, and Technical Services",Data Scientists,127430,75620,93900,126750,154950,180620
Georgia,"Professional, Scientific, and Technical Services",All Occupations,102510,37660,52110,80450,128670,176250
Georgia,"Professional, Scientific, and Technical Services",Computer and Mathematical Occupations,112140,51710,76450,104670,135850,171690
Georgia,"Professional, Scientific, and Technical Services",Database Administrators,118820,64310,89580,125560,142980,163740
Georgia,"Professional, Scientific, and Technical Services",Database Architects,137080,94190,120750,139500,144880,175350
Georgia,"Professional, Scientific, and Technical Services",Statisticians,127970,76900,95010,110810,153850,202700
Georgia,"Professional, Scientific, and Technical Services",Data Scientists,125020,78340,94230,119140,157770,177820
Hawaii,"Professional, Scientific, and Technical Services",All Occupations,93510,42490,53090,78400,122980,162750
Hawaii,"Professional, Scientific, and Technical Services",Computer and Mathematical Occupations,111480,52060,74990,103720,131770,168880
Hawaii,"Professional, Scientific, and Technical Services",Data Scientists,154250,121150,130760,162210,170430,196500
Idaho,"Professional, Scientific, and Technical Services",All Occupations,88400,36510,47570,71830,108410,162390
Idaho,"Professional, Scientific, and Technical Services",Computer and Mathematical Occupations,120970,57250,74200,103020,155190,178980
Idaho,"Professional, Scientific, and Technical Services",Database Architects,146490,79140,116150,153100,182760,187440
Idaho,"Professional, Scientific, and Technical Services",Statisticians,165080,127270,157200,166870,198530,198530
Idaho,"Professional, Scientific, and Technical Services",Data Scientists,114400,80040,81450,82280,137980,169010
Illinois,"Professional, Scientific, and Technical Services",All Occupations,107720,40750,58880,87010,134020,200270
Illinois,"Professional, Scientific, and Technical Services",Computer and Mathematical Occupations,109620,55060,74960,101550,134370,171180
Illinois,"Professional, Scientific, and Technical Services",Computer and Information Research Scientists,163110,104210,104500,139030,187320,243360
Illinois,"Professional, Scientific, and Technical Services",Database Administrators,119540,66290,86610,128440,155300,164970
Illinois,"Professional, Scientific, and Technical Services",Database Architects,132820,102050,106540,129360,153930,167870
Illinois,"Professional, Scientific, and Technical Services",Statisticians,139670,102570,120620,133370,163370,183340
Illinois,"Professional, Scientific, and Technical Services",Data Scientists,133590,86730,99870,130460,163370,198990
Illinois,"Professional, Scientific, and Technical Services","Mathematical Science Occupations, All Other",93020,50230,67300,92900,104660,135960
Indiana,"Professional, Scientific, and Technical Services",All Occupations,86950,36810,47630,71120,104120,155840
Indiana,"Professional, Scientific, and Technical Services",Computer and Mathematical Occupations,97130,47620,65080,88120,128010,154990
Indiana,"Professional, Scientific, and Technical Services",Database Administrators,128580,53610,108130,127870,157380,186540
Indiana,"Professional, Scientific, and Technical Services",Database Architects,144870,106340,131480,143370,169900,171870
Indiana,"Professional, Scientific, and Technical Services",Data Scientists,102250,54080,68830,97040,136600,152510
Iowa,"Professional, Scientific, and Technical Services",All Occupations,84430,36940,48430,70770,104610,150290
Iowa,"Professional, Scientific, and Technical Services",Computer and Mathematical Occupations,99460,50360,64770,90540,128600,161470
Iowa,"Professional, Scientific, and Technical Services",Data Scientists,111690,73200,89900,108880,129900,160190
Kansas,"Professional, Scientific, and Technical Services",All Occupations,88960,36760,48580,76170,113270,164060
Kansas,"Professional, Scientific, and Technical Services",Computer and Mathematical Occupations,102410,56770,67390,98530,130190,162740
Kansas,"Professional, Scientific, and Technical Services",Database Administrators,135210,65160,98970,129600,193030,193040
Kansas,"Professional, Scientific, and Technical Services",Database Architects,129550,84960,105420,132190,147420,165330
Kansas,"Professional, Scientific, and Technical Services",Statisticians,127150,99300,111770,122450,139720,173260
Kansas,"Professional, Scientific, and Technical Services",Data Scientists,114390,62000,77590,98130,142330,178350
Kentucky,"Professional, Scientific, and Technical Services",All Occupations,76900,34500,43500,62450,97170,140460
Kentucky,"Professional, Scientific, and Technical Services",Computer and Mathematical Occupations,95750,44820,62680,84060,126420,163910
Kentucky,"Professional, Scientific, and Technical Services",Computer and Information Research Scientists,149140,136370,149370,152770,152780,152790
Kentucky,"Professional, Scientific, and Technical Services",Database Administrators,108780,58450,78410,99880,125640,179150
Kentucky,"Professional, Scientific, and Technical Services",Database Architects,124630,66310,91050,125400,155910,183600
Kentucky,"Professional, Scientific, and Technical Services",Statisticians,130260,108060,115010,135530,138480,151670
Kentucky,"Professional, Scientific, and Technical Services",Data Scientists,93320,45800,64620,83710,122770,146110
Louisiana,"Professional, Scientific, and Technical Services",All Occupations,79860,31750,43910,62840,98820,145100
Louisiana,"Professional, Scientific, and Technical Services",Computer and Mathematical Occupations,80740,37690,51140,75850,101900,128900
Louisiana,"Professional, Scientific, and Technical Services",Computer and Information Research Scientists,130300,93400,113920,126690,157460,172350
Louisiana,"Professional, Scientific, and Technical Services",Database Administrators,117800,77330,94820,119470,140710,153100
Louisiana,"Professional, Scientific, and Technical Services",Data Scientists,79090,51470,51470,66800,109170,123440
Maine,"Professional, Scientific, and Technical Services",All Occupations,96880,46010,58690,81420,123360,171690
Maine,"Professional, Scientific, and Technical Services",Computer and Mathematical Occupations,100390,60610,74290,93250,123340,159040
Maine,"Professional, Scientific, and Technical Services",Database Administrators,82510,46330,59290,82500,92800,133160
Maine,"Professional, Scientific, and Technical Services",Database Architects,136450,82260,97940,159620,159620,159620
Maine,"Professional, Scientific, and Technical Services",Data Scientists,92800,61670,80390,90880,95130,131920
Maryland,"Professional, Scientific, and Technical Services",All Occupations,115470,46710,65000,101800,156450,204210
Maryland,"Professional, Scientific, and Technical Services",Computer and Mathematical Occupations,136070,65130,97540,131270,168150,211980
Maryland,"Professional, Scientific, and Technical Services",Computer and Information Research Scientists,146030,96410,103810,142660,166650,213500
Maryland,"Professional, Scientific, and Technical Services",Database Administrators,135350,84140,106900,133100,160710,179410
Maryland,"Professional, Scientific, and Technical Services",Database Architects,144330,87640,107450,133890,183820,205310
Maryland,"Professional, Scientific, and Technical Services",Statisticians,123190,73400,100010,124290,138770,169490
Maryland,"Professional, Scientific, and Technical Services",Data Scientists,149700,83260,108310,154990,177570,217990
Massachusetts,"Professional, Scientific, and Technical Services",All Occupations,140070,57290,79940,124750,172240,234040
Massachusetts,"Professional, Scientific, and Technical Services",Computer and Mathematical Occupations,137140,73520,98080,132370,169040,210450
Massachusetts,"Professional, Scientific, and Technical Services",Computer and Information Research Scientists,189030,118960,154630,205200,222400,263240
Massachusetts,"Professional, Scientific, and Technical Services",Database Administrators,162660,94620,133380,159200,203310,215170
Massachusetts,"Professional, Scientific, and Technical Services",Database Architects,159070,129080,131120,160130,170600,191180
Massachusetts,"Professional, Scientific, and Technical Services",Statisticians,119860,83710,83990,96710,161920,196150
Massachusetts,"Professional, Scientific, and Technical Services",Data Scientists,148910,95020,117590,137540,174300,206230
Michigan,"Professional, Scientific, and Technical Services",All Occupations,96940,39640,56150,82330,128190,165930
Michigan,"Professional, Scientific, and Technical Services",Computer and Mathematical Occupations,106120,48290,74970,102760,132150,165740
Michigan,"Professional, Scientific, and Technical Services",Computer and Information Research Scientists,108560,82590,82590,82590,133290,159500
Michigan,"Professional, Scientific, and Technical Services",Database Administrators,115350,73700,101120,119670,129540,154830
Michigan,"Professional, Scientific, and Technical Services",Database Architects,131840,64450,119840,135830,154940,171020
Michigan,"Professional, Scientific, and Technical Services",Statisticians,164150,92450,121250,154450,221090,221640
Michigan,"Professional, Scientific, and Technical Services",Data Scientists,110380,64640,80550,101830,130300,168510
Minnesota,"Professional, Scientific, and Technical Services",All Occupations,101470,45750,59770,81540,128850,171650
Minnesota,"Professional, Scientific, and Technical Services",Computer and Mathematical Occupations,108510,61140,76670,101150,132750,166850
Minnesota,"Professional, Scientific, and Technical Services",Database Administrators,110010,70720,84810,104710,133270,148100
Minnesota,"Professional, Scientific, and Technical Services",Database Architects,130430,86000,112030,133510,153160,155550
Minnesota,"Professional, Scientific, and Technical Services",Data Scientists,138600,57370,85560,128960,197320,228950
Mississippi,"Professional, Scientific, and Technical Services",All Occupations,69780,29730,37810,55860,84810,128320
Mississippi,"Professional, Scientific, and Technical Services",Computer and Mathematical Occupations,88170,41640,53420,82490,106560,158950
Mississippi,"Professional, Scientific, and Technical Services",Database Administrators,77150,45180,51920,87270,94420,116660
Mississippi,"Professional, Scientific, and Technical Services",Data Scientists,65320,41370,44140,54540,58120,97920
Missouri,"Professional, Scientific, and Technical Services",All Occupations,90400,37320,48970,75640,112850,164060
Missouri,"Professional, Scientific, and Technical Services",Computer and Mathematical Occupations,101650,51170,64860,95900,129730,165000
Missouri,"Professional, Scientific, and Technical Services",Computer and Information Research Scientists,142020,78410,89170,128890,167760,246240
Missouri,"Professional, Scientific, and Technical Services",Database Administrators,120370,67020,96510,131740,143900,155270
Missouri,"Professional, Scientific, and Technical Services",Database Architects,118880,73490,96940,122260,137330,164230
Missouri,"Professional, Scientific, and Technical Services",Data Scientists,99070,59740,66530,98430,124470,152990
Montana,"Professional, Scientific, and Technical Services",All Occupations,84520,38650,49850,72360,103110,143830
Montana,"Professional, Scientific, and Technical Services",Computer and Mathematical Occupations,95630,56930,62060,77230,109990,163450
Montana,"Professional, Scientific, and Technical Services",Database Architects,114000,109990,109990,109990,109990,111380
Montana,"Professional, Scientific, and Technical Services",Data Scientists,108890,61460,77210,110960,130990,167160
Nebraska,"Professional, Scientific, and Technical Services",All Occupations,82730,37060,47780,65610,102530,143370
Nebraska,"Professional, Scientific, and Technical Services",Computer and Mathematical Occupations,95620,53000,64980,86470,125990,150410
Nebraska,"Professional, Scientific, and Technical Services",Database Administrators,113800,43980,84190,103280,131190,207680
Nebraska,"Professional, Scientific, and Technical Services",Database Architects,148240,90890,121280,144360,172780,213200
Nebraska,"Professional, Scientific, and Technical Services",Data Scientists,102330,78960,84180,99650,112060,134360
Nevada,"Professional, Scientific, and Technical Services",All Occupations,93850,37460,49920,75550,111030,161440
Nevada,"Professional, Scientific, and Technical Services",Computer and Mathematical Occupations,93050,47190,55330,86330,111670,150030
Nevada,"Professional, Scientific, and Technical Services",Database Administrators,130490,99110,110750,133490,153920,161750
Nevada,"Professional, Scientific, and Technical Services",Database Architects,138010,110730,110790,136940,138120,181460
Nevada,"Professional, Scientific, and Technical Services",Data Scientists,95810,57140,65180,91300,104990,121140
New Hampshire,"Professional, Scientific, and Technical Services",All Occupations,105110,43400,57530,85340,135370,178580
New Hampshire,"Professional, Scientific, and Technical Services",Computer and Mathematical Occupations,115670,53870,79080,107480,161670,167390
New Hampshire,"Professional, Scientific, and Technical Services",Computer and Information Research Scientists,153350,104920,119850,146300,185010,222390
New Hampshire,"Professional, Scientific, and Technical Services",Database Administrators,95640,52220,72060,87770,130240,146180
New Hampshire,"Professional, Scientific, and Technical Services",Database Architects,144270,98950,136820,141530,168110,168110
New Hampshire,"Professional, Scientific, and Technical Services",Data Scientists,121680,80990,95970,98810,134180,157830
New Jersey,"Professional, Scientific, and Technical Services",All Occupations,120100,45210,62530,99860,160360,217810
New Jersey,"Professional, Scientific, and Technical Services",Computer and Mathematical Occupations,119590,60650,81180,114830,154860,179600
New Jersey,"Professional, Scientific, and Technical Services",Computer and Information Research Scientists,129830,81930,101550,126570,152560,183180
New Jersey,"Professional, Scientific, and Technical Services",Database Administrators,136070,93760,100820,131720,166120,176830
New Jersey,"Professional, Scientific, and Technical Services",Database Architects,112070,86230,86230,86230,134960,175900
New Jersey,"Professional, Scientific, and Technical Services",Statisticians,112400,40980,71820,77130,167230,182630
New Jersey,"Professional, Scientific, and Technical Services",Data Scientists,134460,76150,99330,134130,167310,186120
New Mexico,"Professional, Scientific, and Technical Services",All Occupations,113010,42860,61820,101540,158520,199040
New Mexico,"Professional, Scientific, and Technical Services",Computer and Mathematical Occupations,122310,56700,83360,123690,159780,197380
New Mexico,"Professional, Scientific, and Technical Services",Computer and Information Research Scientists,192650,160430,160430,201190,207780,270660
New Mexico,"Professional, Scientific, and Technical Services",Database Administrators,115200,84230,95330,101790,136010,148260
New Mexico,"Professional, Scientific, and Technical Services",Database Architects,140680,101460,117950,136590,165440,165440
New Mexico,"Professional, Scientific, and Technical Services",Statisticians,108900,53260,116050,119990,124520,124590
New Mexico,"Professional, Scientific, and Technical Services",Data Scientists,114350,75590,96700,100350,125640,197260
New York,"Professional, Scientific, and Technical Services",All Occupations,126450,47580,64490,100510,163140,228850
New York,"Professional, Scientific, and Technical Services",Computer and Mathematical Occupations,132240,61180,89990,124730,167930,213920
New York,"Professional, Scientific, and Technical Services",Computer and Information Research Scientists,207470,87060,129990,181990,314130,314130
New York,"Professional, Scientific, and Technical Services",Database Administrators,110660,54610,64100,103670,140330,179220
New York,"Professional, Scientific, and Technical Services",Database Architects,142110,85960,99570,130330,184530,216920
New York,"Professional, Scientific, and Technical Services",Statisticians,173880,80470,126380,174060,208700,304870
New York,"Professional, Scientific, and Technical Services",Data Scientists,129740,65040,91430,119990,166710,212530
North Carolina,"Professional, Scientific, and Technical Services",All Occupations,100370,38370,53510,81770,130880,174830
North Carolina,"Professional, Scientific, and Technical Services",Computer and Mathematical Occupations,112120,51180,74620,106410,138180,169940
North Carolina,"Professional, Scientific, and Technical Services",Computer and Information Research Scientists,133270,82790,105450,128370,161540,162910
North Carolina,"Professional, Scientific, and Technical Services",Database Administrators,131020,84510,107100,134400,153650,167220
North Carolina,"Professional, Scientific, and Technical Services",Database Architects,137740,85050,106320,134630,158820,176670
North Carolina,"Professional, Scientific, and Technical Services",Statisticians,131640,81370,101210,126350,165390,204170
North Carolina,"Professional, Scientific, and Technical Services",Data Scientists,128250,67000,79850,119360,165470,206550
North Carolina,"Professional, Scientific, and Technical Services","Mathematical Science Occupations, All Other",101100,79210,86170,99880,109170,135650
North Dakota,"Professional, Scientific, and Technical Services",All Occupations,81730,40890,50230,68510,99500,130550
North Dakota,"Professional, Scientific, and Technical Services",Computer and Mathematical Occupations,90000,49190,63350,80980,108110,131980
Ohio,"Professional, Scientific, and Technical Services",All Occupations,95240,38550,52140,79340,124820,169230
Ohio,"Professional, Scientific, and Technical Services",Computer and Mathematical Occupations,105120,51220,72790,100030,132110,165340
Ohio,"Professional, Scientific, and Technical Services",Computer and Information Research Scientists,137990,87870,100940,144790,168410,188700
Ohio,"Professional, Scientific, and Technical Services",Database Administrators,115310,77620,80520,117530,134830,176740
Ohio,"Professional, Scientific, and Technical Services",Database Architects,137500,99230,108230,133130,157520,172200
Ohio,"Professional, Scientific, and Technical Services",Statisticians,120240,75350,98930,128490,157000,157000
Ohio,"Professional, Scientific, and Technical Services",Data Scientists,115110,59160,78970,106910,143450,171590
Oklahoma,"Professional, Scientific, and Technical Services",All Occupations,79440,33630,44260,62810,99420,141430
Oklahoma,"Professional, Scientific, and Technical Services",Computer and Mathematical Occupations,93350,46680,60900,86530,120260,153880
Oklahoma,"Professional, Scientific, and Technical Services",Database Administrators,102570,61450,72350,123730,126990,134040
Oklahoma,"Professional, Scientific, and Technical Services",Database Architects,107550,81640,110110,110110,110110,110110
Oklahoma,"Professional, Scientific, and Technical Services",Data Scientists,98650,52970,76520,94620,119990,146600
Oregon,"Professional, Scientific, and Technical Services",All Occupations,103060,44660,59080,85050,129780,177090
Oregon,"Professional, Scientific, and Technical Services",Computer and Mathematical Occupations,125050,64390,81680,115600,163010,201040
Oregon,"Professional, Scientific, and Technical Services",Computer and Information Research Scientists,169490,92040,96220,164050,223090,249670
Oregon,"Professional, Scientific, and Technical Services",Database Administrators,115120,60930,74240,110140,149570,168270
Oregon,"Professional, Scientific, and Technical Services",Database Architects,136620,103790,113780,124510,158320,175520
Oregon,"Professional, Scientific, and Technical Services",Statisticians,131060,71220,103080,140070,168200,169930
Oregon,"Professional, Scientific, and Technical Services",Data Scientists,133890,97420,106620,113140,153480,198270
Pennsylvania,"Professional, Scientific, and Technical Services",All Occupations,101180,39520,55220,80380,129410,177740
Pennsylvania,"Professional, Scientific, and Technical Services",Computer and Mathematical Occupations,108540,50910,73120,100390,133350,171810
Pennsylvania,"Professional, Scientific, and Technical Services",Computer and Information Research Scientists,132540,83330,104640,135110,155060,175480
Pennsylvania,"Professional, Scientific, and Technical Services",Database Administrators,119850,83140,98570,115270,136120,168830
Pennsylvania,"Professional, Scientific, and Technical Services",Database Architects,161000,103380,127630,168170,191110,207020
Pennsylvania,"Professional, Scientific, and Technical Services",Statisticians,127820,66500,79400,132100,167460,171620
Pennsylvania,"Professional, Scientific, and Technical Services",Data Scientists,114070,67610,80440,104140,135570,164670
Rhode Island,"Professional, Scientific, and Technical Services",All Occupations,105990,45310,61340,92180,130690,197980
Rhode Island,"Professional, Scientific, and Technical Services",Computer and Mathematical Occupations,115590,73580,89000,108370,135380,165150
Rhode Island,"Professional, Scientific, and Technical Services",Database Administrators,106520,72350,75030,111840,127120,156430
Rhode Island,"Professional, Scientific, and Technical Services",Data Scientists,106410,94070,98920,100780,102440,133640
South Carolina,"Professional, Scientific, and Technical Services",All Occupations,90000,36280,46750,72530,119190,169620
South Carolina,"Professional, Scientific, and Technical Services",Computer and Mathematical Occupations,112870,48610,73270,101630,139990,195870
South Carolina,"Professional, Scientific, and Technical Services",Database Administrators,110670,66500,82150,116090,130780,153730
South Carolina,"Professional, Scientific, and Technical Services",Database Architects,129370,84300,101960,118950,160700,183240
South Carolina,"Professional, Scientific, and Technical Services",Data Scientists,96940,75010,80640,82510,107270,138960
South Dakota,"Professional, Scientific, and Technical Services",All Occupations,83690,37520,48040,68590,100590,157140
South Dakota,"Professional, Scientific, and Technical Services",Computer and Mathematical Occupations,101730,47670,61650,82250,150180,173180
South Dakota,"Professional, Scientific, and Technical Services",Computer and Information Research Scientists,175050,160800,160800,160800,215550,215550
South Dakota,"Professional, Scientific, and Technical Services",Data Scientists,125870,88860,99560,129720,159830,165700
Tennessee,"Professional, Scientific, and Technical Services",All Occupations,88790,35680,47360,73010,108230,163240
Tennessee,"Professional, Scientific, and Technical Services",Computer and Mathematical Occupations,99190,49760,62900,89850,125630,159180
Tennessee,"Professional, Scientific, and Technical Services",Computer and Information Research Scientists,118060,86610,103840,108830,128900,174760
Tennessee,"Professional, Scientific, and Technical Services",Database Administrators,134960,96520,119640,124130,163590,163600
Tennessee,"Professional, Scientific, and Technical Services",Database Architects,121210,64860,80210,122530,153540,184820
Tennessee,"Professional, Scientific, and Technical Services",Statisticians,133130,82430,104580,137810,165870,179850
Tennessee,"Professional, Scientific, and Technical Services",Data Scientists,103230,59390,73940,101010,127100,144920
Tennessee,"Professional, Scientific, and Technical Services","Mathematical Science Occupations, All Other",70670,60350,65110,65110,66510,106860
Texas,"Professional, Scientific, and Technical Services",All Occupations,100350,37630,50900,80450,129290,176940
Texas,"Professional, Scientific, and Technical Services",Computer and Mathematical Occupations,115110,57660,78640,104660,140040,170550
Texas,"Professional, Scientific, and Technical Services",Computer and Information Research Scientists,122920,65400,82500,105260,158160,204250
Texas,"Professional, Scientific, and Technical Services",Database Administrators,115810,59610,94790,116060,138490,162340
Texas,"Professional, Scientific, and Technical Services",Database Architects,146520,79920,104710,163740,166960,212280
Texas,"Professional, Scientific, and Technical Services",Statisticians,113800,68130,87790,102830,148450,170490
Texas,"Professional, Scientific, and Technical Services",Data Scientists,128670,77370,99450,131150,152920,181480
Texas,"Professional, Scientific, and Technical Services","Mathematical Science Occupations, All Other",130460,125900,125950,130200,132040,132040
Utah,"Professional, Scientific, and Technical Services",All Occupations,95710,38700,51120,79470,123340,166800
Utah,"Professional, Scientific, and Technical Services",Computer and Mathematical Occupations,109720,54690,77260,104980,132670,167160
Utah,"Professional, Scientific, and Technical Services",Computer and Information Research Scientists,182300,142740,163690,187920,187920,249990
Utah,"Professional, Scientific, and Technical Services",Database Administrators,127710,96580,130180,135750,135750,135750
Utah,"Professional, Scientific, and Technical Services",Database Architects,139370,100240,106030,131540,169010,202300
Utah,"Professional, Scientific, and Technical Services",Statisticians,114090,75790,93140,97270,124350,176820
Utah,"Professional, Scientific, and Technical Services",Data Scientists,120870,61810,79850,121760,146160,174280
Vermont,"Professional, Scientific, and Technical Services",All Occupations,109950,46650,62490,92540,133320,197210
Vermont,"Professional, Scientific, and Technical Services",Computer and Mathematical Occupations,112890,64360,80620,103420,137660,181020
Vermont,"Professional, Scientific, and Technical Services",Statisticians,87940,82210,82210,84700,84700,105500
Vermont,"Professional, Scientific, and Technical Services",Data Scientists,130730,82230,108210,142400,162290,162300
Virginia,"Professional, Scientific, and Technical Services",All Occupations,123520,48180,72390,105640,163340,208930
Virginia,"Professional, Scientific, and Technical Services",Computer and Mathematical Occupations,137300,75270,100130,131660,169060,209040
Virginia,"Professional, Scientific, and Technical Services",Computer and Information Research Scientists,179130,103570,132870,179300,214200,236990
Virginia,"Professional, Scientific, and Technical Services",Database Administrators,107410,87960,88610,88610,113750,161970
Virginia,"Professional, Scientific, and Technical Services",Database Architects,154120,105210,120380,157500,186820,206780
Virginia,"Professional, Scientific, and Technical Services",Statisticians,120640,59340,93690,111400,154560,178400
Virginia,"Professional, Scientific, and Technical Services",Data Scientists,142170,82690,103680,133700,170590,210070
Washington,"Professional, Scientific, and Technical Services",All Occupations,119790,49530,72350,103180,157540,206680
Washington,"Professional, Scientific, and Technical Services",Computer and Mathematical Occupations,137530,71370,94910,132220,169250,212450
Washington,"Professional, Scientific, and Technical Services",Computer and Information Research Scientists,196210,95560,131110,202390,255550,294390
Washington,"Professional, Scientific, and Technical Services",Database Administrators,108140,66700,81940,108190,123000,164400
Washington,"Professional, Scientific, and Technical Services",Database Architects,161520,110380,138700,160910,182660,209290
Washington,"Professional, Scientific, and Technical Services",Statisticians,111590,82380,102760,105650,105650,167840
Washington,"Professional, Scientific, and Technical Services",Data Scientists,156940,100010,130520,162840,174770,214820
Washington,"Professional, Scientific, and Technical Services","Mathematical Science Occupations, All Other",71350,50350,56510,65780,81180,105090
West Virginia,"Professional, Scientific, and Technical Services",All Occupations,80340,33340,44220,63360,101990,146780
West Virginia,"Professional, Scientific, and Technical Services",Computer and Mathematical Occupations,100140,46730,58080,96610,128610,160590
West Virginia,"Professional, Scientific, and Technical Services",Computer and Information Research Scientists,123910,101030,102220,103380,127270,161420
West Virginia,"Professional, Scientific, and Technical Services",Database Administrators,81540,52010,52970,81520,100660,123820
West Virginia,"Professional, Scientific, and Technical Services",Database Architects,134330,65540,104570,129700,169490,185740
West Virginia,"Professional, Scientific, and Technical Services",Data Scientists,92330,48590,85090,85090,97190,119060
Wisconsin,"Professional, Scientific, and Technical Services",All Occupations,89880,38810,50490,75540,107020,153490
Wisconsin,"Professional, Scientific, and Technical Services",Computer and Mathematical Occupations,102080,50870,67150,97830,131560,151050
Wisconsin,"Professional, Scientific, and Technical Services",Database Administrators,105920,62650,90500,97110,132910,142660
Wisconsin,"Professional, Scientific, and Technical Services",Database Architects,122130,82900,95970,130040,147990,155170
Wisconsin,"Professional, Scientific, and Technical Services",Statisticians,110170,80660,97480,106860,127470,146220
Wisconsin,"Professional, Scientific, and Technical Services",Data Scientists,106550,76030,83420,99370,121230,159590
Wyoming,"Professional, Scientific, and Technical Services",All Occupations,85620,37800,48140,70580,106650,147460
Wyoming,"Professional, Scientific, and Technical Services",Computer and Mathematical Occupations,102290,60610,72950,104190,126910,152990
Guam,"Professional, Scientific, and Technical Services",All Occupations,54020,26700,32750,45080,61720,94620
Guam,"Professional, Scientific, and Technical Services",Computer and Mathematical Occupations,66910,30920,41990,52350,81540,102380
Puerto Rico,"Professional, Scientific, and Technical Services",All Occupations,60000,22890,28410,44720,75400,112460
Puerto Rico,"Professional, Scientific, and Technical Services",Computer and Mathematical Occupations,59890,29340,37510,55940,78290,97830
Virgin Islands,"Professional, Scientific, and Technical Services",All Occupations,76880,35780,44990,61770,99990,137460
Virgin Islands,"Professional, Scientific, and Technical Services",Computer and Mathematical Occupations,81750,38730,49990,68980,95470,167530
Alabama,"Professional, Scientific, and Technical Services",All Occupations,94160,36100,49140,79810,127360,170550
Alabama,"Professional, Scientific, and Technical Services",Computer and Mathematical Occupations,112950,57850,79840,105160,135120,169310
Alabama,"Professional, Scientific, and Technical Services",Computer and Information Research Scientists,138190,103530,137700,137700,137700,160080
Alabama,"Professional, Scientific, and Technical Services",Database Administrators,103380,68050,80090,100710,129320,140680
Alabama,"Professional, Scientific, and Technical Services",Database Architects,119170,78400,92990,104000,138420,182590
Alabama,"Professional, Scientific, and Technical Services",Data Scientists,118980,71140,90010,111810,137230,174700
Alaska,"Professional, Scientific, and Technical Services",All Occupations,93670,43610,59570,80330,114400,157360
Alaska,"Professional, Scientific, and Technical Services",Computer and Mathematical Occupations,89370,55400,63430,86330,102540,130670
Arizona,"Professional, Scientific, and Technical Services",All Occupations,97610,40470,51410,79170,127200,169140
Arizona,"Professional, Scientific, and Technical Services",Computer and Mathematical Occupations,119020,63210,81780,124720,141460,172780
Arizona,"Professional, Scientific, and Technical Services",Database Administrators,98300,68060,78280,96690,115390,135920
Arizona,"Professional, Scientific, and Technical Services",Database Architects,148150,119990,156100,156100,156100,156100
Arizona,"Professional, Scientific, and Technical Services",Data Scientists,105880,66870,77350,103140,129380,136710
Arkansas,"Professional, Scientific, and Technical Services",All Occupations,73830,32270,40460,59210,87500,130970
Arkansas,"Professional, Scientific, and Technical Services",Computer and Mathematical Occupations,88870,39510,53580,81390,113410,149990
Arkansas,"Professional, Scientific, and Technical Services",Database Administrators,103370,71190,88090,102050,126820,127850
Arkansas,"Professional, Scientific, and Technical Services",Database Architects,134380,73280,103040,131290,173400,194840
Arkansas,"Professional, Scientific, and Technical Services",Data Scientists,102790,57270,73510,108000,121750,128700
California,"Professional, Scientific, and Technical Services",All Occupations,129220,47770,66530,103350,167460,223780
California,"Professional, Scientific, and Technical Services",Computer and Mathematical Occupations,152100,71480,101290,144350,195460,224790
California,"Professional, Scientific, and Technical Services",Computer and Information Research Scientists,152590,82220,99120,132530,187470,250910
California,"Professional, Scientific, and Technical Services",Database Administrators,134040,61350,88670,126880,158070,192960
California,"Professional, Scientific, and Technical Services",Database Architects,197650,123320,134270,170620,208650,251390
California,"Professional, Scientific, and Technical Services",Statisticians,153300,59370,115880,167220,202920,207920
California,"Professional, Scientific, and Technical Services",Data Scientists,150220,75950,104190,145540,180190,221680
California,"Professional, Scientific, and Technical Services","Mathematical Science Occupations, All Other",184030,180490,180500,180500,180510,212940
Colorado,"Professional, Scientific, and Technical Services",All Occupations,119620,48610,69860,102500,157130,206350
Colorado,"Professional, Scientific, and Technical Services",Computer and Mathematical Occupations,134080,68680,95680,130980,165420,204820
Colorado,"Professional, Scientific, and Technical Services",Computer and Information Research Scientists,143210,80230,107090,132770,164700,250840
Colorado,"Professional, Scientific, and Technical Services",Database Administrators,121070,61930,80830,125380,159460,167570
Colorado,"Professional, Scientific, and Technical Services",Database Architects,140000,88000,88000,138920,173830,202260
Colorado,"Professional, Scientific, and Technical Services",Statisticians,128240,77090,106350,136450,144990,161120
Colorado,"Professional, Scientific, and Technical Services",Data Scientists,134220,76420,104700,119430,161510,206890
Connecticut,"Professional, Scientific, and Technical Services",All Occupations,112440,44850,61100,94890,140300,205650
Connecticut,"Professional, Scientific, and Technical Services",Computer and Mathematical Occupations,112800,58850,76220,102800,141920,169660
Connecticut,"Professional, Scientific, and Technical Services",Computer and Information Research Scientists,132530,129690,131650,131650,131650,131650
Connecticut,"Professional, Scientific, and Technical Services",Database Administrators,135350,95510,112150,148540,151590,157760
Connecticut,"Professional, Scientific, and Technical Services",Database Architects,162540,126960,136030,160270,166880,217410
Connecticut,"Professional, Scientific, and Technical Services",Statisticians,135010,50570,86170,121980,194670,196170
Connecticut,"Professional, Scientific, and Technical Services",Data Scientists,141400,87990,101940,133380,169420,218000
Delaware,"Professional, Scientific, and Technical Services",All Occupations,107240,40940,57110,84000,131250,186580
Delaware,"Professional, Scientific, and Technical Services",Computer and Mathematical Occupations,110040,55400,76750,107420,134070,166300
Delaware,"Professional, Scientific, and Technical Services",Database Administrators,113510,62920,73380,94230,126100,226690
District of Columbia,"Professional, Scientific, and Technical Services",All Occupations,159410,64550,85100,129080,204500,345400
District of Columbia,"Professional, Scientific, and Technical Services",Computer and Mathematical Occupations,138160,79630,100060,132460,169900,207700
District of Columbia,"Professional, Scientific, and Technical Services",Computer and Information Research Scientists,135880,120890,126210,126210,126210,170100
District of Columbia,"Professional, Scientific, and Technical Services",Database Administrators,137250,83980,129310,132060,155520,172130
District of Columbia,"Professional, Scientific, and Technical Services",Database Architects,175760,107820,127930,167530,224710,248290
District of Columbia,"Professional, Scientific, and Technical Services",Data Scientists,146250,89750,104330,138600,186190,214950
Florida,"Professional, Scientific, and Technical Services",All Occupations,95540,37490,49120,76210,123090,171900
Florida,"Professional, Scientific, and Technical Services",Computer and Mathematical Occupations,111580,51400,75360,102280,134430,171240
Florida,"Professional, Scientific, and Technical Services",Computer and Information Research Scientists,136700,69540,94270,133280,181170,198400
Florida,"Professional, Scientific, and Technical Services",Database Administrators,125260,72370,90550,127080,156850,165840
Florida,"Professional, Scientific, and Technical Services",Database Architects,137800,84660,97710,130790,172770,206410
Florida,"Professional, Scientific, and Technical Services",Statisticians,134820,71730,101560,124840,162930,198390
Florida,"Professional, Scientific, and Technical Services",Data Scientists,127430,75620,93900,126750,154950,180620
Georgia,"Professional, Scientific, and Technical Services",All Occupations,102510,37660,52110,80450,128670,176250
Georgia,"Professional, Scientific, and Technical Services",Computer and Mathematical Occupations,112140,51710,76450,104670,135850,171690
Georgia,"Professional, Scientific, and Technical Services",Database Administrators,118820,64310,89580,125560,142980,163740
Georgia,"Professional, Scientific, and Technical Services",Database Architects,137080,94190,120750,139500,144880,175350
Georgia,"Professional, Scientific, and Technical Services",Statisticians,127970,76900,95010,110810,153850,202700
Georgia,"Professional, Scientific, and Technical Services",Data Scientists,125020,78340,94230,119140,157770,177820
Hawaii,"Professional, Scientific, and Technical Services",All Occupations,93510,42490,53090,78400,122980,162750
Hawaii,"Professional, Scientific, and Technical Services",Computer and Mathematical Occupations,111480,52060,74990,103720,131770,168880
Hawaii,"Professional, Scientific, and Technical Services",Data Scientists,154250,121150,130760,162210,170430,196500
Idaho,"Professional, Scientific, and Technical Services",All Occupations,88400,36510,47570,71830,108410,162390
Idaho,"Professional, Scientific, and Technical Services",Computer and Mathematical Occupations,120970,57250,74200,103020,155190,178980
Idaho,"Professional, Scientific, and Technical Services",Database Architects,146490,79140,116150,153100,182760,187440
Idaho,"Professional, Scientific, and Technical Services",Statisticians,165080,127270,157200,166870,198530,198530
Idaho,"Professional, Scientific, and Technical Services",Data Scientists,114400,80040,81450,82280,137980,169010
Illinois,"Professional, Scientific, and Technical Services",All Occupations,107720,40750,58880,87010,134020,200270
Illinois,"Professional, Scientific, and Technical Services",Computer and Mathematical Occupations,109620,55060,74960,101550,134370,171180
Illinois,"Professional, Scientific, and Technical Services",Computer and Information Research Scientists,163110,104210,104500,139030,187320,243360
Illinois,"Professional, Scientific, and Technical Services",Database Administrators,119540,66290,86610,128440,155300,164970
Illinois,"Professional, Scientific, and Technical Services",Database Architects,132820,102050,106540,129360,153930,167870
Illinois,"Professional, Scientific, and Technical Services",Statisticians,139670,102570,120620,133370,163370,183340
Illinois,"Professional, Scientific, and Technical Services",Data Scientists,133590,86730,99870,130460,163370,198990
Illinois,"Professional, Scientific, and Technical Services","Mathematical Science Occupations, All Other",93020,50230,67300,92900,104660,135960
Indiana,"Professional, Scientific, and Technical Services",All Occupations,86950,36810,47630,71120,104120,155840
Indiana,"Professional, Scientific, and Technical Services",Computer and Mathematical Occupations,97130,47620,65080,88120,128010,154990
Indiana,"Professional, Scientific, and Technical Services",Database Administrators,128580,53610,108130,127870,157380,186540
Indiana,"Professional, Scientific, and Technical Services",Database Architects,144870,106340,131480,143370,169900,171870
Indiana,"Professional, Scientific, and Technical Services",Data Scientists,102250,54080,68830,97040,136600,152510
Iowa,"Professional, Scientific, and Technical Services",All Occupations,84430,36940,48430,70770,104610,150290
Iowa,"Professional, Scientific, and Technical Services",Computer and Mathematical Occupations,99460,50360,64770,90540,128600,161470
Iowa,"Professional, Scientific, and Technical Services",Data Scientists,111690,73200,89900,108880,129900,160190
Kansas,"Professional, Scientific, and Technical Services",All Occupations,88960,36760,48580,76170,113270,164060
Kansas,"Professional, Scientific, and Technical Services",Computer and Mathematical Occupations,102410,56770,67390,98530,130190,162740
Kansas,"Professional, Scientific, and Technical Services",Database Administrators,135210,65160,98970,129600,193030,193040
Kansas,"Professional, Scientific, and Technical Services",Database Architects,129550,84960,105420,132190,147420,165330
Kansas,"Professional, Scientific, and Technical Services",Statisticians,127150,99300,111770,122450,139720,173260
Kansas,"Professional, Scientific, and Technical Services",Data Scientists,114390,62000,77590,98130,142330,178350
Kentucky,"Professional, Scientific, and Technical Services",All Occupations,76900,34500,43500,62450,97170,140460
Kentucky,"Professional, Scientific, and Technical Services",Computer and Mathematical Occupations,95750,44820,62680,84060,126420,163910
Kentucky,"Professional, Scientific, and Technical Services",Computer and Information Research Scientists,149140,136370,149370,152770,152780,152790
Kentucky,"Professional, Scientific, and Technical Services",Database Administrators,108780,58450,78410,99880,125640,179150
Kentucky,"Professional, Scientific, and Technical Services",Database Architects,124630,66310,91050,125400,155910,183600
Kentucky,"Professional, Scientific, and Technical Services",Statisticians,130260,108060,115010,135530,138480,151670
Kentucky,"Professional, Scientific, and Technical Services",Data Scientists,93320,45800,64620,83710,122770,146110
Louisiana,"Professional, Scientific, and Technical Services",All Occupations,79860,31750,43910,62840,98820,145100
Louisiana,"Professional, Scientific, and Technical Services",Computer and Mathematical Occupations,80740,37690,51140,75850,101900,128900
Louisiana,"Professional, Scientific, and Technical Services",Computer and Information Research Scientists,130300,93400,113920,126690,157460,172350
Louisiana,"Professional, Scientific, and Technical Services",Database Administrators,117800,77330,94820,119470,140710,153100
Louisiana,"Professional, Scientific, and Technical Services",Data Scientists,79090,51470,51470,66800,109170,123440
Maine,"Professional, Scientific, and Technical Services",All Occupations,96880,46010,58690,81420,123360,171690
Maine,"Professional, Scientific, and Technical Services",Computer and Mathematical Occupations,100390,60610,74290,93250,123340,159040
Maine,"Professional, Scientific, and Technical Services",Database Administrators,82510,46330,59290,82500,92800,133160
Maine,"Professional, Scientific, and Technical Services",Database Architects,136450,82260,97940,159620,159620,159620
Maine,"Professional, Scientific, and Technical Services",Data Scientists,92800,61670,80390,90880,95130,131920
Maryland,"Professional, Scientific, and Technical Services",All Occupations,115470,46710,65000,101800,156450,204210
Maryland,"Professional, Scientific, and Technical Services",Computer and Mathematical Occupations,136070,65130,97540,131270,168150,211980
Maryland,"Professional, Scientific, and Technical Services",Computer and Information Research Scientists,146030,96410,103810,142660,166650,213500
Maryland,"Professional, Scientific, and Technical Services",Database Administrators,135350,84140,106900,133100,160710,179410
Maryland,"Professional, Scientific, and Technical Services",Database Architects,144330,87640,107450,133890,183820,205310
Maryland,"Professional, Scientific, and Technical Services",Statisticians,123190,73400,100010,124290,138770,169490
Maryland,"Professional, Scientific, and Technical Services",Data Scientists,149700,83260,108310,154990,177570,217990
Massachusetts,"Professional, Scientific, and Technical Services",All Occupations,140070,57290,79940,124750,172240,234040
Massachusetts,"Professional, Scientific, and Technical Services",Computer and Mathematical Occupations,137140,73520,98080,132370,169040,210450
Massachusetts,"Professional, Scientific, and Technical Services",Computer and Information Research Scientists,189030,118960,154630,205200,222400,263240
Massachusetts,"Professional, Scientific, and Technical Services",Database Administrators,162660,94620,133380,159200,203310,215170
Massachusetts,"Professional, Scientific, and Technical Services",Database Architects,159070,129080,131120,160130,170600,191180
Massachusetts,"Professional, Scientific, and Technical Services",Statisticians,119860,83710,83990,96710,161920,196150
Massachusetts,"Professional, Scientific, and Technical Services",Data Scientists,148910,95020,117590,137540,174300,206230
Michigan,"Professional, Scientific, and Technical Services",All Occupations,96940,39640,56150,82330,128190,165930
Michigan,"Professional, Scientific, and Technical Services",Computer and Mathematical Occupations,106120,48290,74970,102760,132150,165740
Michigan,"Professional, Scientific, and Technical Services",Computer and Information Research Scientists,108560,82590,82590,82590,133290,159500
Michigan,"Professional, Scientific, and Technical Services",Database Administrators,115350,73700,101120,119670,129540,154830
Michigan,"Professional, Scientific, and Technical Services",Database Architects,131840,64450,119840,135830,154940,171020
Michigan,"Professional, Scientific, and Technical Services",Statisticians,164150,92450,121250,154450,221090,221640
Michigan,"Professional, Scientific, and Technical Services",Data Scientists,110380,64640,80550,101830,130300,168510
Minnesota,"Professional, Scientific, and Technical Services",All Occupations,101470,45750,59770,81540,128850,171650
Minnesota,"Professional, Scientific, and Technical Services",Computer and Mathematical Occupations,108510,61140,76670,101150,132750,166850
Minnesota,"Professional, Scientific, and Technical Services",Database Administrators,110010,70720,84810,104710,133270,148100
Minnesota,"Professional, Scientific, and Technical Services",Database Architects,130430,86000,112030,133510,153160,155550
Minnesota,"Professional, Scientific, and Technical Services",Data Scientists,138600,57370,85560,128960,197320,228950
Mississippi,"Professional, Scientific, and Technical Services",All Occupations,69780,29730,37810,55860,84810,128320
Mississippi,"Professional, Scientific, and Technical Services",Computer and Mathematical Occupations,88170,41640,53420,82490,106560,158950
Mississippi,"Professional, Scientific, and Technical Services",Database Administrators,77150,45180,51920,87270,94420,116660
Mississippi,"Professional, Scientific, and Technical Services",Data Scientists,65320,41370,44140,54540,58120,97920
Missouri,"Professional, Scientific, and Technical Services",All Occupations,90400,37320,48970,75640,112850,164060
Missouri,"Professional, Scientific, and Technical Services",Computer and Mathematical Occupations,101650,51170,64860,95900,129730,165000
Missouri,"Professional, Scientific, and Technical Services",Computer and Information Research Scientists,142020,78410,89170,128890,167760,246240
Missouri,"Professional, Scientific, and Technical Services",Database Administrators,120370,67020,96510,131740,143900,155270
Missouri,"Professional, Scientific, and Technical Services",Database Architects,118880,73490,96940,122260,137330,164230
Missouri,"Professional, Scientific, and Technical Services",Data Scientists,99070,59740,66530,98430,124470,152990
Montana,"Professional, Scientific, and Technical Services",All Occupations,84520,38650,49850,72360,103110,143830
Montana,"Professional, Scientific, and Technical Services",Computer and Mathematical Occupations,95630,56930,62060,77230,109990,163450
Montana,"Professional, Scientific, and Technical Services",Database Architects,114000,109990,109990,109990,109990,111380
Montana,"Professional, Scientific, and Technical Services",Data Scientists,108890,61460,77210,110960,130990,167160
Nebraska,"Professional, Scientific, and Technical Services",All Occupations,82730,37060,47780,65610,102530,143370
Nebraska,"Professional, Scientific, and Technical Services",Computer and Mathematical Occupations,95620,53000,64980,86470,125990,150410
Nebraska,"Professional, Scientific, and Technical Services",Database Administrators,113800,43980,84190,103280,131190,207680
Nebraska,"Professional, Scientific, and Technical Services",Database Architects,148240,90890,121280,144360,172780,213200
Nebraska,"Professional, Scientific, and Technical Services",Data Scientists,102330,78960,84180,99650,112060,134360
Nevada,"Professional, Scientific, and Technical Services",All Occupations,93850,37460,49920,75550,111030,161440
Nevada,"Professional, Scientific, and Technical Services",Computer and Mathematical Occupations,93050,47190,55330,86330,111670,150030
Nevada,"Professional, Scientific, and Technical Services",Database Administrators,130490,99110,110750,133490,153920,161750
Nevada,"Professional, Scientific, and Technical Services",Database Architects,138010,110730,110790,136940,138120,181460
Nevada,"Professional, Scientific, and Technical Services",Data Scientists,95810,57140,65180,91300,104990,121140
New Hampshire,"Professional, Scientific, and Technical Services",All Occupations,105110,43400,57530,85340,135370,178580
New Hampshire,"Professional, Scientific, and Technical Services",Computer and Mathematical Occupations,115670,53870,79080,107480,161670,167390
New Hampshire,"Professional, Scientific, and Technical Services",Computer and Information Research Scientists,153350,104920,119850,146300,185010,222390
New Hampshire,"Professional, Scientific, and Technical Services",Database Administrators,95640,52220,72060,87770,130240,146180
New Hampshire,"Professional, Scientific, and Technical Services",Database Architects,144270,98950,136820,141530,168110,168110
New Hampshire,"Professional, Scientific, and Technical Services",Data Scientists,121680,80990,95970,98810,134180,157830
New Jersey,"Professional, Scientific, and Technical Services",All Occupations,120100,45210,62530,99860,160360,217810
New Jersey,"Professional, Scientific, and Technical Services",Computer and Mathematical Occupations,119590,60650,81180,114830,154860,179600
New Jersey,"Professional, Scientific, and Technical Services",Computer and Information Research Scientists,129830,81930,101550,126570,152560,183180
New Jersey,"Professional, Scientific, and Technical Services",Database Administrators,136070,93760,100820,131720,166120,176830
New Jersey,"Professional, Scientific, and Technical Services",Database Architects,112070,86230,86230,86230,134960,175900
New Jersey,"Professional, Scientific, and Technical Services",Statisticians,112400,40980,71820,77130,167230,182630
New Jersey,"Professional, Scientific, and Technical Services",Data Scientists,134460,76150,99330,134130,167310,186120
New Mexico,"Professional, Scientific, and Technical Services",All Occupations,113010,42860,61820,101540,158520,199040
New Mexico,"Professional, Scientific, and Technical Services",Computer and Mathematical Occupations,122310,56700,83360,123690,159780,197380
New Mexico,"Professional, Scientific, and Technical Services",Computer and Information Research Scientists,192650,160430,160430,201190,207780,270660
New Mexico,"Professional, Scientific, and Technical Services",Database Administrators,115200,84230,95330,101790,136010,148260
New Mexico,"Professional, Scientific, and Technical Services",Database Architects,140680,101460,117950,136590,165440,165440
New Mexico,"Professional, Scientific, and Technical Services",Statisticians,108900,53260,116050,119990,124520,124590
New Mexico,"Professional, Scientific, and Technical Services",Data Scientists,114350,75590,96700,100350,125640,197260
New York,"Professional, Scientific, and Technical Services",All Occupations,126450,47580,64490,100510,163140,228850
New York,"Professional, Scientific, and Technical Services",Computer and Mathematical Occupations,132240,61180,89990,124730,167930,213920
New York,"Professional, Scientific, and Technical Services",Computer and Information Research Scientists,207470,87060,129990,181990,314130,314130
New York,"Professional, Scientific, and Technical Services",Database Administrators,110660,54610,64100,103670,140330,179220
New York,"Professional, Scientific, and Technical Services",Database Architects,142110,85960,99570,130330,184530,216920
New York,"Professional, Scientific, and Technical Services",Statisticians,173880,80470,126380,174060,208700,304870
New York,"Professional, Scientific, and Technical Services",Data Scientists,129740,65040,91430,119990,166710,212530
North Carolina,"Professional, Scientific, and Technical Services",All Occupations,100370,38370,53510,81770,130880,174830
North Carolina,"Professional, Scientific, and Technical Services",Computer and Mathematical Occupations,112120,51180,74620,106410,138180,169940
North Carolina,"Professional, Scientific, and Technical Services",Computer and Information Research Scientists,133270,82790,105450,128370,161540,162910
North Carolina,"Professional, Scientific, and Technical Services",Database Administrators,131020,84510,107100,134400,153650,167220
North Carolina,"Professional, Scientific, and Technical Services",Database Architects,137740,85050,106320,134630,158820,176670
North Carolina,"Professional, Scientific, and Technical Services",Statisticians,131640,81370,101210,126350,165390,204170
North Carolina,"Professional, Scientific, and Technical Services",Data Scientists,128250,67000,79850,119360,165470,206550
North Carolina,"Professional, Scientific, and Technical Services","Mathematical Science Occupations, All Other",101100,79210,86170,99880,109170,135650
North Dakota,"Professional, Scientific, and Technical Services",All Occupations,81730,40890,50230,68510,99500,130550
North Dakota,"Professional, Scientific, and Technical Services",Computer and Mathematical Occupations,90000,49190,63350,80980,108110,131980
Ohio,"Professional, Scientific, and Technical Services",All Occupations,95240,38550,52140,79340,124820,169230
Ohio,"Professional, Scientific, and Technical Services",Computer and Mathematical Occupations,105120,51220,72790,100030,132110,165340
Ohio,"Professional, Scientific, and Technical Services",Computer and Information Research Scientists,137990,87870,100940,144790,168410,188700
Ohio,"Professional, Scientific, and Technical Services",Database Administrators,115310,77620,80520,117530,134830,176740
Ohio,"Professional, Scientific, and Technical Services",Database Architects,137500,99230,108230,133130,157520,172200
Ohio,"Professional, Scientific, and Technical Services",Statisticians,120240,75350,98930,128490,157000,157000
Ohio,"Professional, Scientific, and Technical Services",Data Scientists,115110,59160,78970,106910,143450,171590
Oklahoma,"Professional, Scientific, and Technical Services",All Occupations,79440,33630,44260,62810,99420,141430
Oklahoma,"Professional, Scientific, and Technical Services",Computer and Mathematical Occupations,93350,46680,60900,86530,120260,153880
Oklahoma,"Professional, Scientific, and Technical Services",Database Administrators,102570,61450,72350,123730,126990,134040
Oklahoma,"Professional, Scientific, and Technical Services",Database Architects,107550,81640,110110,110110,110110,110110
Oklahoma,"Professional, Scientific, and Technical Services",Data Scientists,98650,52970,76520,94620,119990,146600
Oregon,"Professional, Scientific, and Technical Services",All Occupations,103060,44660,59080,85050,129780,177090
Oregon,"Professional, Scientific, and Technical Services",Computer and Mathematical Occupations,125050,64390,81680,115600,163010,201040
Oregon,"Professional, Scientific, and Technical Services",Computer and Information Research Scientists,169490,92040,96220,164050,223090,249670
Oregon,"Professional, Scientific, and Technical Services",Database Administrators,115120,60930,74240,110140,149570,168270
Oregon,"Professional, Scientific, and Technical Services",Database Architects,136620,103790,113780,124510,158320,175520
Oregon,"Professional, Scientific, and Technical Services",Statisticians,131060,71220,103080,140070,168200,169930
Oregon,"Professional, Scientific, and Technical Services",Data Scientists,133890,97420,106620,113140,153480,198270
Pennsylvania,"Professional, Scientific, and Technical Services",All Occupations,101180,39520,55220,80380,129410,177740
Pennsylvania,"Professional, Scientific, and Technical Services",Computer and Mathematical Occupations,108540,50910,73120,100390,133350,171810
Pennsylvania,"Professional, Scientific, and Technical Services",Computer and Information Research Scientists,132540,83330,104640,135110,155060,175480
Pennsylvania,"Professional, Scientific, and Technical Services",Database Administrators,119850,83140,98570,115270,136120,168830
Pennsylvania,"Professional, Scientific, and Technical Services",Database Architects,161000,103380,127630,168170,191110,207020
Pennsylvania,"Professional, Scientific, and Technical Services",Statisticians,127820,66500,79400,132100,167460,171620
Pennsylvania,"Professional, Scientific, and Technical Services",Data Scientists,114070,67610,80440,104140,135570,164670
Rhode Island,"Professional, Scientific, and Technical Services",All Occupations,105990,45310,61340,92180,130690,197980
Rhode Island,"Professional, Scientific, and Technical Services",Computer and Mathematical Occupations,115590,73580,89000,108370,135380,165150
Rhode Island,"Professional, Scientific, and Technical Services",Database Administrators,106520,72350,75030,111840,127120,156430
Rhode Island,"Professional, Scientific, and Technical Services",Data Scientists,106410,94070,98920,100780,102440,133640
South Carolina,"Professional, Scientific, and Technical Services",All Occupations,90000,36280,46750,72530,119190,169620
South Carolina,"Professional, Scientific, and Technical Services",Computer and Mathematical Occupations,112870,48610,73270,101630,139990,195870
South Carolina,"Professional, Scientific, and Technical Services",Database Administrators,110670,66500,82150,116090,130780,153730
South Carolina,"Professional, Scientific, and Technical Services",Database Architects,129370,84300,101960,118950,160700,183240
South Carolina,"Professional, Scientific, and Technical Services",Data Scientists,96940,75010,80640,82510,107270,138960
South Dakota,"Professional, Scientific, and Technical Services",All Occupations,83690,37520,48040,68590,100590,157140
South Dakota,"Professional, Scientific, and Technical Services",Computer and Mathematical Occupations,101730,47670,61650,82250,150180,173180
South Dakota,"Professional, Scientific, and Technical Services",Computer and Information Research Scientists,175050,160800,160800,160800,215550,215550
South Dakota,"Professional, Scientific, and Technical Services",Data Scientists,125870,88860,99560,129720,159830,165700
Tennessee,"Professional, Scientific, and Technical Services",All Occupations,88790,35680,47360,73010,108230,163240
Tennessee,"Professional, Scientific, and Technical Services",Computer and Mathematical Occupations,99190,49760,62900,89850,125630,159180
Tennessee,"Professional, Scientific, and Technical Services",Computer and Information Research Scientists,118060,86610,103840,108830,128900,174760
Tennessee,"Professional, Scientific, and Technical Services",Database Administrators,134960,96520,119640,124130,163590,163600
Tennessee,"Professional, Scientific, and Technical Services",Database Architects,121210,64860,80210,122530,153540,184820
Tennessee,"Professional, Scientific, and Technical Services",Statisticians,133130,82430,104580,137810,165870,179850
Tennessee,"Professional, Scientific, and Technical Services",Data Scientists,103230,59390,73940,101010,127100,144920
Tennessee,"Professional, Scientific, and Technical Services","Mathematical Science Occupations, All Other",70670,60350,65110,65110,66510,106860
Texas,"Professional, Scientific, and Technical Services",All Occupations,100350,37630,50900,80450,129290,176940
Texas,"Professional, Scientific, and Technical Services",Computer and Mathematical Occupations,115110,57660,78640,104660,140040,170550
Texas,"Professional, Scientific, and Technical Services",Computer and Information Research Scientists,122920,65400,82500,105260,158160,204250
Texas,"Professional, Scientific, and Technical Services",Database Administrators,115810,59610,94790,116060,138490,162340
Texas,"Professional, Scientific, and Technical Services",Database Architects,146520,79920,104710,163740,166960,212280
Texas,"Professional, Scientific, and Technical Services",Statisticians,113800,68130,87790,102830,148450,170490
Texas,"Professional, Scientific, and Technical Services",Data Scientists,128670,77370,99450,131150,152920,181480
Texas,"Professional, Scientific, and Technical Services","Mathematical Science Occupations, All Other",130460,125900,125950,130200,132040,132040
Utah,"Professional, Scientific, and Technical Services",All Occupations,95710,38700,51120,79470,123340,166800
Utah,"Professional, Scientific, and Technical Services",Computer and Mathematical Occupations,109720,54690,77260,104980,132670,167160
Utah,"Professional, Scientific, and Technical Services",Computer and Information Research Scientists,182300,142740,163690,187920,187920,249990
Utah,"Professional, Scientific, and Technical Services",Database Administrators,127710,96580,130180,135750,135750,135750
Utah,"Professional, Scientific, and Technical Services",Database Architects,139370,100240,106030,131540,169010,202300
Utah,"Professional, Scientific, and Technical Services",Statisticians,114090,75790,93140,97270,124350,176820
Utah,"Professional, Scientific, and Technical Services",Data Scientists,120870,61810,79850,121760,146160,174280
Vermont,"Professional, Scientific, and Technical Services",All Occupations,109950,46650,62490,92540,133320,197210
Vermont,"Professional, Scientific, and Technical Services",Computer and Mathematical Occupations,112890,64360,80620,103420,137660,181020
Vermont,"Professional, Scientific, and Technical Services",Statisticians,87940,82210,82210,84700,84700,105500
Vermont,"Professional, Scientific, and Technical Services",Data Scientists,130730,82230,108210,142400,162290,162300
Virginia,"Professional, Scientific, and Technical Services",All Occupations,123520,48180,72390,105640,163340,208930
Virginia,"Professional, Scientific, and Technical Services",Computer and Mathematical Occupations,137300,75270,100130,131660,169060,209040
Virginia,"Professional, Scientific, and Technical Services",Computer and Information Research Scientists,179130,103570,132870,179300,214200,236990
Virginia,"Professional, Scientific, and Technical Services",Database Administrators,107410,87960,88610,88610,113750,161970
Virginia,"Professional, Scientific, and Technical Services",Database Architects,154120,105210,120380,157500,186820,206780
Virginia,"Professional, Scientific, and Technical Services",Statisticians,120640,59340,93690,111400,154560,178400
Virginia,"Professional, Scientific, and Technical Services",Data Scientists,142170,82690,103680,133700,170590,210070
Washington,"Professional, Scientific, and Technical Services",All Occupations,119790,49530,72350,103180,157540,206680
Washington,"Professional, Scientific, and Technical Services",Computer and Mathematical Occupations,137530,71370,94910,132220,169250,212450
Washington,"Professional, Scientific, and Technical Services",Computer and Information Research Scientists,196210,95560,131110,202390,255550,294390
Washington,"Professional, Scientific, and Technical Services",Database Administrators,108140,66700,81940,108190,123000,164400
Washington,"Professional, Scientific, and Technical Services",Database Architects,161520,110380,138700,160910,182660,209290
Washington,"Professional, Scientific, and Technical Services",Statisticians,111590,82380,102760,105650,105650,167840
Washington,"Professional, Scientific, and Technical Services",Data Scientists,156940,100010,130520,162840,174770,214820
Washington,"Professional, Scientific, and Technical Services","Mathematical Science Occupations, All Other",71350,50350,56510,65780,81180,105090
West Virginia,"Professional, Scientific, and Technical Services",All Occupations,80340,33340,44220,63360,101990,146780
West Virginia,"Professional, Scientific, and Technical Services",Computer and Mathematical Occupations,100140,46730,58080,96610,128610,160590
West Virginia,"Professional, Scientific, and Technical Services",Computer and Information Research Scientists,123910,101030,102220,103380,127270,161420
West Virginia,"Professional, Scientific, and Technical Services",Database Administrators,81540,52010,52970,81520,100660,123820
West Virginia,"Professional, Scientific, and Technical Services",Database Architects,134330,65540,104570,129700,169490,185740
West Virginia,"Professional, Scientific, and Technical Services",Data Scientists,92330,48590,85090,85090,97190,119060
Wisconsin,"Professional, Scientific, and Technical Services",All Occupations,89880,38810,50490,75540,107020,153490
Wisconsin,"Professional, Scientific, and Technical Services",Computer and Mathematical Occupations,102080,50870,67150,97830,131560,151050
Wisconsin,"Professional, Scientific, and Technical Services",Database Administrators,105920,62650,90500,97110,132910,142660
Wisconsin,"Professional, Scientific, and Technical Services",Database Architects,122130,82900,95970,130040,147990,155170
Wisconsin,"Professional, Scientific, and Technical Services",Statisticians,110170,80660,97480,106860,127470,146220
Wisconsin,"Professional, Scientific, and Technical Services",Data Scientists,106550,76030,83420,99370,121230,159590
Wyoming,"Professional, Scientific, and Technical Services",All Occupations,85620,37800,48140,70580,106650,147460
Wyoming,"Professional, Scientific, and Technical Services",Computer and Mathematical Occupations,102290,60610,72950,104190,126910,152990
Guam,"Professional, Scientific, and Technical Services",All Occupations,54020,26700,32750,45080,61720,94620
Guam,"Professional, Scientific, and Technical Services",Computer and Mathematical Occupations,66910,30920,41990,52350,81540,102380
Puerto Rico,"Professional, Scientific, and Technical Services",All Occupations,60000,22890,28410,44720,75400,112460
Puerto Rico,"Professional, Scientific, and Technical Services",Computer and Mathematical Occupations,59890,29340,37510,55940,78290,97830
Virgin Islands,"Professional, Scientific, and Technical Services",All Occupations,76880,35780,44990,61770,99990,137460
Virgin Islands,"Professional, Scientific, and Technical Services",Computer and Mathematical Occupations,81750,38730,49990,68980,95470,167530
Alabama,Legal Services,All Occupations,84130,31320,39830,59990,98620,178970
Alabama,Legal Services,Computer and Mathematical Occupations,87770,47890,59870,76520,107340,136800
Alaska,Legal Services,All Occupations,100190,46280,59240,62050,99360,168170
Arizona,Legal Services,All Occupations,93080,45980,48270,67240,106170,161890
Arizona,Legal Services,Computer and Mathematical Occupations,103330,65210,77790,110900,111490,132400
Arkansas,Legal Services,All Occupations,80190,33860,38480,48260,76500,127880
California,Legal Services,All Occupations,137500,47560,60570,93670,156330,268550
California,Legal Services,Computer and Mathematical Occupations,110680,62070,79980,102210,130690,169530
California,Legal Services,Database Administrators,147620,101890,137900,137980,167530,191940
California,Legal Services,Data Scientists,112460,76660,90880,108860,131080,149990
Colorado,Legal Services,All Occupations,149140,49340,65350,96940,172490,315790
Colorado,Legal Services,Computer and Mathematical Occupations,96230,69990,69990,82900,111330,141710
Connecticut,Legal Services,All Occupations,104080,47130,57200,78840,126310,203930
Connecticut,Legal Services,Computer and Mathematical Occupations,94760,58950,71190,83770,113510,146720
Delaware,Legal Services,All Occupations,118050,43960,60110,79550,159270,224500
Delaware,Legal Services,Computer and Mathematical Occupations,90170,51140,69820,79990,117680,131680
District of Columbia,Legal Services,All Occupations,216050,74180,102520,174480,363640,393920
District of Columbia,Legal Services,Computer and Mathematical Occupations,136760,79460,97100,127800,167350,203100
Florida,Legal Services,All Occupations,98920,37140,48440,69670,122200,189780
Florida,Legal Services,Computer and Mathematical Occupations,89650,45610,49330,74560,107140,152870
Georgia,Legal Services,All Occupations,125790,40160,52230,74980,129680,212720
Georgia,Legal Services,Computer and Mathematical Occupations,132530,63280,76570,102830,137660,178150
Hawaii,Legal Services,All Occupations,85730,47760,51300,73140,100870,158950
Idaho,Legal Services,All Occupations,73000,36830,44040,55290,81070,126220
Illinois,Legal Services,All Occupations,114250,41600,51030,80580,140100,242370
Illinois,Legal Services,Computer and Mathematical Occupations,119630,75520,80830,108660,162040,175800
Indiana,Legal Services,All Occupations,109470,38960,47530,64410,104370,196080
Indiana,Legal Services,Computer and Mathematical Occupations,96430,57560,75420,89460,116180,127430
Iowa,Legal Services,All Occupations,80910,36950,44460,53430,79750,171740
Kansas,Legal Services,All Occupations,75500,30520,39520,59460,91720,137460
Kansas,Legal Services,Computer and Mathematical Occupations,112160,57430,85400,118800,134560,152610
Kentucky,Legal Services,All Occupations,71110,31990,39300,58700,78480,132890
Kentucky,Legal Services,Computer and Mathematical Occupations,93860,60850,71570,91470,123240,125340
Louisiana,Legal Services,All Occupations,83140,28060,42840,62530,97330,159830
Louisiana,Legal Services,Computer and Mathematical Occupations,88040,62690,72040,79760,109500,121170
Maine,Legal Services,All Occupations,88570,44790,59160,74910,102230,139200
Maine,Legal Services,Computer and Mathematical Occupations,145640,95790,139200,159620,159620,159620
Maryland,Legal Services,All Occupations,103020,46790,53440,79670,125520,172450
Maryland,Legal Services,Computer and Mathematical Occupations,109220,79520,86840,100760,120040,144430
Massachusetts,Legal Services,All Occupations,142660,49990,64050,99390,178400,356210
Massachusetts,Legal Services,Computer and Mathematical Occupations,121450,73070,92900,113880,159790,175480
Massachusetts,Legal Services,Data Scientists,146220,125690,132320,157510,164750,166320
Michigan,Legal Services,All Occupations,95960,41000,51930,75040,106900,170110
Michigan,Legal Services,Computer and Mathematical Occupations,80630,49260,61550,76780,95390,114020
Minnesota,Legal Services,All Occupations,114130,46770,58500,79630,137380,219710
Minnesota,Legal Services,Computer and Mathematical Occupations,102800,64230,80740,102160,125060,141500
Mississippi,Legal Services,All Occupations,64410,31200,36580,48100,66580,125160
Mississippi,Legal Services,Computer and Mathematical Occupations,69580,45510,56480,62060,68990,127270
Missouri,Legal Services,All Occupations,100080,36280,46580,69840,108400,195890
Missouri,Legal Services,Computer and Mathematical Occupations,94830,54450,72520,92980,113110,136850
Montana,Legal Services,All Occupations,79260,38430,48510,61440,97340,134850
Nebraska,Legal Services,All Occupations,81040,34980,45710,63060,94490,155610
Nebraska,Legal Services,Computer and Mathematical Occupations,87060,62240,72360,75710,98260,125640
Nevada,Legal Services,All Occupations,118520,42520,52000,75200,132310,185010
New Hampshire,Legal Services,All Occupations,109560,45550,57500,75130,109210,189070
New Hampshire,Legal Services,Computer and Mathematical Occupations,81400,60440,63240,83330,88730,100890
New Jersey,Legal Services,All Occupations,113580,43200,57110,80440,132840,218000
New Jersey,Legal Services,Computer and Mathematical Occupations,93800,59030,75850,92140,105980,134100
New Mexico,Legal Services,All Occupations,89030,39520,50480,65760,103120,160320
New York,Legal Services,All Occupations,155390,50800,66710,103790,213390,372190
New York,Legal Services,Computer and Mathematical Occupations,121320,66990,91260,105600,150320,180010
New York,Legal Services,Database Administrators,110060,54610,66390,103670,133640,183190
New York,Legal Services,Database Architects,158230,77330,104700,165510,194980,229950
New York,Legal Services,Data Scientists,95650,47490,56880,60500,130500,168790
North Carolina,Legal Services,All Occupations,96270,38350,47680,64610,100490,199990
North Carolina,Legal Services,Computer and Mathematical Occupations,88210,49770,60520,78380,110980,140260
North Dakota,Legal Services,All Occupations,77460,41000,50030,61380,89210,130680
Ohio,Legal Services,All Occupations,91530,37260,48000,65710,105710,180860
Ohio,Legal Services,Computer and Mathematical Occupations,81690,44990,57100,72990,100140,132030
Oklahoma,Legal Services,All Occupations,77120,36020,41920,57880,85890,132170
Oklahoma,Legal Services,Computer and Mathematical Occupations,87760,44410,63440,87100,107250,129200
Oregon,Legal Services,All Occupations,93160,44450,52070,75900,105880,170670
Oregon,Legal Services,Computer and Mathematical Occupations,119030,54950,60060,76540,115400,397580
Pennsylvania,Legal Services,All Occupations,105420,40490,52310,77670,128830,207870
Pennsylvania,Legal Services,Computer and Mathematical Occupations,96460,57370,65050,88670,121740,155180
Pennsylvania,Legal Services,Database Administrators,132250,108910,126910,130040,143310,155190
Pennsylvania,Legal Services,Database Architects,159690,103950,156550,167840,173610,197250
Pennsylvania,Legal Services,Data Scientists,116910,69470,96000,113340,129170,176770
Rhode Island,Legal Services,All Occupations,82070,38700,44990,60960,97230,164860
South Carolina,Legal Services,All Occupations,86380,36610,46710,60390,99010,162740
South Carolina,Legal Services,Computer and Mathematical Occupations,78110,44330,60110,69990,93440,131250
South Dakota,Legal Services,All Occupations,81660,37840,47460,60150,93670,134760
Tennessee,Legal Services,All Occupations,87020,37140,44690,60720,94720,170740
Tennessee,Legal Services,Computer and Mathematical Occupations,96460,65000,72620,89900,123860,136080
Texas,Legal Services,All Occupations,105050,38460,47550,70060,126420,221660
Texas,Legal Services,Computer and Mathematical Occupations,93220,51990,66460,92700,106840,138170
Texas,Legal Services,Data Scientists,100400,60710,68050,73190,156000,156030
Utah,Legal Services,All Occupations,114270,43740,52020,78740,127690,221660
Utah,Legal Services,Computer and Mathematical Occupations,88130,51550,67230,83600,94130,117280
Vermont,Legal Services,All Occupations,130500,48630,65640,94130,129370,290000
Virginia,Legal Services,All Occupations,105060,43920,55440,75950,126670,205420
Virginia,Legal Services,Computer and Mathematical Occupations,106170,60110,77100,98350,128890,163570
Washington,Legal Services,All Occupations,107620,48840,61140,93730,127810,169830
Washington,Legal Services,Computer and Mathematical Occupations,101500,73230,82680,91720,114610,144820
West Virginia,Legal Services,All Occupations,72710,29760,38990,57080,88290,130350
West Virginia,Legal Services,Computer and Mathematical Occupations,73510,45700,54990,77190,84960,101340
Wisconsin,Legal Services,All Occupations,109680,43340,48810,65800,108380,222330
Wisconsin,Legal Services,Computer and Mathematical Occupations,74130,49920,49920,58560,92880,123730
Wyoming,Legal Services,All Occupations,78470,35990,46960,54150,79420,128690
Guam,Legal Services,All Occupations,57720,23700,29330,43710,60660,94720
Puerto Rico,Legal Services,All Occupations,84480,23110,29860,47460,99070,165450
Virgin Islands,Legal Services,All Occupations,71330,30150,51490,58530,99770,101180
Alabama,"Accounting, Tax Preparation, Bookkeeping, and Payroll Services",All Occupations,73260,31810,44510,59920,86500,129860
Alabama,"Accounting, Tax Preparation, Bookkeeping, and Payroll Services",Computer and Mathematical Occupations,65460,43680,47210,51050,77120,91970
Alaska,"Accounting, Tax Preparation, Bookkeeping, and Payroll Services",All Occupations,67240,34610,47340,54170,77030,114710
Arizona,"Accounting, Tax Preparation, Bookkeeping, and Payroll Services",All Occupations,83190,38640,47960,66150,107520,131850
Arizona,"Accounting, Tax Preparation, Bookkeeping, and Payroll Services",Computer and Mathematical Occupations,105110,54970,61760,103270,131320,189380
Arizona,"Accounting, Tax Preparation, Bookkeeping, and Payroll Services",Data Scientists,158940,130420,133660,160330,180610,188120
Arkansas,"Accounting, Tax Preparation, Bookkeeping, and Payroll Services",All Occupations,58640,28060,35730,47360,65140,103170
Arkansas,"Accounting, Tax Preparation, Bookkeeping, and Payroll Services",Computer and Mathematical Occupations,68390,53380,57820,62010,75600,101050
California,"Accounting, Tax Preparation, Bookkeeping, and Payroll Services",All Occupations,97770,44560,58700,80340,123030,167120
California,"Accounting, Tax Preparation, Bookkeeping, and Payroll Services",Computer and Mathematical Occupations,125370,62250,79730,120710,161000,194350
California,"Accounting, Tax Preparation, Bookkeeping, and Payroll Services",Data Scientists,126310,60720,82220,105580,161840,195390
Colorado,"Accounting, Tax Preparation, Bookkeeping, and Payroll Services",All Occupations,102980,46190,58190,81990,131500,176040
Colorado,"Accounting, Tax Preparation, Bookkeeping, and Payroll Services",Computer and Mathematical Occupations,138210,84160,104610,133050,168520,194060
Colorado,"Accounting, Tax Preparation, Bookkeeping, and Payroll Services",Database Architects,182940,134990,168110,173920,210940,224030
Colorado,"Accounting, Tax Preparation, Bookkeeping, and Payroll Services",Data Scientists,139940,89600,99220,128750,169730,193460
Connecticut,"Accounting, Tax Preparation, Bookkeeping, and Payroll Services",All Occupations,110850,48670,61930,93710,131550,194040
Connecticut,"Accounting, Tax Preparation, Bookkeeping, and Payroll Services",Computer and Mathematical Occupations,125850,59690,81030,119200,165770,196290
Delaware,"Accounting, Tax Preparation, Bookkeeping, and Payroll Services",All Occupations,85280,38810,48310,70010,98650,128690
District of Columbia,"Accounting, Tax Preparation, Bookkeeping, and Payroll Services",All Occupations,175880,72070,99090,135650,218270,360880
District of Columbia,"Accounting, Tax Preparation, Bookkeeping, and Payroll Services",Computer and Mathematical Occupations,137280,102540,107760,120640,154190,198370
District of Columbia,"Accounting, Tax Preparation, Bookkeeping, and Payroll Services",Data Scientists,153400,108770,129200,156790,180170,183510
Florida,"Accounting, Tax Preparation, Bookkeeping, and Payroll Services",All Occupations,85080,37930,48650,67450,100750,154770
Florida,"Accounting, Tax Preparation, Bookkeeping, and Payroll Services",Computer and Mathematical Occupations,104440,59690,75890,96850,129770,162550
Florida,"Accounting, Tax Preparation, Bookkeeping, and Payroll Services",Computer and Information Research Scientists,114910,82410,85320,104450,137330,168540
Florida,"Accounting, Tax Preparation, Bookkeeping, and Payroll Services",Data Scientists,133020,92080,103570,128690,159320,168140
Georgia,"Accounting, Tax Preparation, Bookkeeping, and Payroll Services",All Occupations,94370,36500,50070,78330,115840,170190
Georgia,"Accounting, Tax Preparation, Bookkeeping, and Payroll Services",Computer and Mathematical Occupations,129830,65010,94940,126710,165320,197930
Georgia,"Accounting, Tax Preparation, Bookkeeping, and Payroll Services",Database Administrators,135990,88260,116590,138000,162840,166100
Georgia,"Accounting, Tax Preparation, Bookkeeping, and Payroll Services",Data Scientists,137580,82210,103300,134800,170690,193450
Hawaii,"Accounting, Tax Preparation, Bookkeeping, and Payroll Services",All Occupations,80910,34870,49230,64370,99010,159150
Hawaii,"Accounting, Tax Preparation, Bookkeeping, and Payroll Services",Computer and Mathematical Occupations,66430,32170,32930,87390,87390,89460
Idaho,"Accounting, Tax Preparation, Bookkeeping, and Payroll Services",All Occupations,74940,36190,45250,62430,81010,139990
Idaho,"Accounting, Tax Preparation, Bookkeeping, and Payroll Services",Computer and Mathematical Occupations,93040,59430,60670,75850,129050,153180
Illinois,"Accounting, Tax Preparation, Bookkeeping, and Payroll Services",All Occupations,104660,45100,61040,82370,130390,172890
Illinois,"Accounting, Tax Preparation, Bookkeeping, and Payroll Services",Computer and Mathematical Occupations,103020,60800,76730,99390,128170,161740
Illinois,"Accounting, Tax Preparation, Bookkeeping, and Payroll Services",Data Scientists,144700,80830,117410,133850,155860,269950
Illinois,"Accounting, Tax Preparation, Bookkeeping, and Payroll Services","Mathematical Science Occupations, All Other",127870,102690,131540,132220,132220,173050
Indiana,"Accounting, Tax Preparation, Bookkeeping, and Payroll Services",All Occupations,74850,36290,44560,61740,87990,132840
Indiana,"Accounting, Tax Preparation, Bookkeeping, and Payroll Services",Computer and Mathematical Occupations,110730,61410,77550,100050,142650,173580
Indiana,"Accounting, Tax Preparation, Bookkeeping, and Payroll Services",Data Scientists,98840,66560,77220,77550,95280,174690
Iowa,"Accounting, Tax Preparation, Bookkeeping, and Payroll Services",All Occupations,82010,39740,49700,64460,99800,138380
Iowa,"Accounting, Tax Preparation, Bookkeeping, and Payroll Services",Computer and Mathematical Occupations,80040,52000,60310,77880,93090,117090
Kansas,"Accounting, Tax Preparation, Bookkeeping, and Payroll Services",All Occupations,77020,32500,44540,61740,94480,156320
Kansas,"Accounting, Tax Preparation, Bookkeeping, and Payroll Services",Computer and Mathematical Occupations,102070,49330,63030,89080,132740,163420
Kentucky,"Accounting, Tax Preparation, Bookkeeping, and Payroll Services",All Occupations,72260,31790,40930,59980,89990,125460
Kentucky,"Accounting, Tax Preparation, Bookkeeping, and Payroll Services",Computer and Mathematical Occupations,94320,56840,77370,93200,103110,137850
Louisiana,"Accounting, Tax Preparation, Bookkeeping, and Payroll Services",All Occupations,68290,28480,38190,54500,77910,122480
Louisiana,"Accounting, Tax Preparation, Bookkeeping, and Payroll Services",Computer and Mathematical Occupations,86480,47980,61680,84530,105050,128730
Maine,"Accounting, Tax Preparation, Bookkeeping, and Payroll Services",All Occupations,86230,44420,50420,67530,99700,166360
Maine,"Accounting, Tax Preparation, Bookkeeping, and Payroll Services",Computer and Mathematical Occupations,72060,42300,46910,64600,87640,118890
Maryland,"Accounting, Tax Preparation, Bookkeeping, and Payroll Services",All Occupations,93530,38610,52470,77220,107880,167580
Maryland,"Accounting, Tax Preparation, Bookkeeping, and Payroll Services",Computer and Mathematical Occupations,89580,69650,71490,71490,101350,131820
Massachusetts,"Accounting, Tax Preparation, Bookkeeping, and Payroll Services",All Occupations,113220,47400,66540,90120,134760,200490
Massachusetts,"Accounting, Tax Preparation, Bookkeeping, and Payroll Services",Computer and Mathematical Occupations,118890,78470,85840,105730,135310,171680
Massachusetts,"Accounting, Tax Preparation, Bookkeeping, and Payroll Services",Data Scientists,128700,90760,97910,101350,166100,210240
Michigan,"Accounting, Tax Preparation, Bookkeeping, and Payroll Services",All Occupations,84220,38620,48640,65820,99270,154500
Michigan,"Accounting, Tax Preparation, Bookkeeping, and Payroll Services",Computer and Mathematical Occupations,103870,49750,76890,101910,129580,160050
Michigan,"Accounting, Tax Preparation, Bookkeeping, and Payroll Services",Data Scientists,93300,58970,76030,96400,100790,145470
Minnesota,"Accounting, Tax Preparation, Bookkeeping, and Payroll Services",All Occupations,92280,45350,58240,76860,107290,162870
Minnesota,"Accounting, Tax Preparation, Bookkeeping, and Payroll Services",Computer and Mathematical Occupations,111060,64360,79430,101280,135860,163720
Mississippi,"Accounting, Tax Preparation, Bookkeeping, and Payroll Services",All Occupations,66680,30520,37770,57130,76880,106650
Mississippi,"Accounting, Tax Preparation, Bookkeeping, and Payroll Services",Computer and Mathematical Occupations,75910,48930,51150,58530,97820,115810
Missouri,"Accounting, Tax Preparation, Bookkeeping, and Payroll Services",All Occupations,80680,36070,46620,64930,100500,147670
Missouri,"Accounting, Tax Preparation, Bookkeeping, and Payroll Services",Computer and Mathematical Occupations,110500,56170,77260,100480,133320,170450
Missouri,"Accounting, Tax Preparation, Bookkeeping, and Payroll Services",Data Scientists,130230,78530,99060,123900,163000,210310
Montana,"Accounting, Tax Preparation, Bookkeeping, and Payroll Services",All Occupations,66700,38320,45050,59130,79000,108410
Nebraska,"Accounting, Tax Preparation, Bookkeeping, and Payroll Services",All Occupations,73540,36490,41070,60070,82680,130490
Nebraska,"Accounting, Tax Preparation, Bookkeeping, and Payroll Services",Computer and Mathematical Occupations,81540,53200,65660,79140,93530,108610
Nevada,"Accounting, Tax Preparation, Bookkeeping, and Payroll Services",All Occupations,77340,37320,46130,61090,98540,129030
Nevada,"Accounting, Tax Preparation, Bookkeeping, and Payroll Services",Computer and Mathematical Occupations,83370,58630,61700,64760,77100,172460
New Hampshire,"Accounting, Tax Preparation, Bookkeeping, and Payroll Services",All Occupations,79170,38380,49920,63950,97570,126870
New Hampshire,"Accounting, Tax Preparation, Bookkeeping, and Payroll Services",Computer and Mathematical Occupations,114240,82870,87230,103410,139150,160850
New Jersey,"Accounting, Tax Preparation, Bookkeeping, and Payroll Services",All Occupations,120570,44170,62230,99860,163630,218490
New Jersey,"Accounting, Tax Preparation, Bookkeeping, and Payroll Services",Computer and Mathematical Occupations,153940,88120,114640,160850,178290,209920
New Jersey,"Accounting, Tax Preparation, Bookkeeping, and Payroll Services",Data Scientists,163180,104090,133090,163470,186120,219600
New Mexico,"Accounting, Tax Preparation, Bookkeeping, and Payroll Services",All Occupations,64480,33970,40640,55900,77530,102760
New York,"Accounting, Tax Preparation, Bookkeeping, and Payroll Services",All Occupations,117420,44050,58760,92220,144730,220180
New York,"Accounting, Tax Preparation, Bookkeeping, and Payroll Services",Computer and Mathematical Occupations,137790,78930,91430,134140,175090,211610
New York,"Accounting, Tax Preparation, Bookkeeping, and Payroll Services",Database Administrators,103040,71330,77330,91460,143860,144590
New York,"Accounting, Tax Preparation, Bookkeeping, and Payroll Services",Database Architects,133520,82770,99570,121060,165690,205950
New York,"Accounting, Tax Preparation, Bookkeeping, and Payroll Services",Data Scientists,139340,91430,91430,110910,183730,233330
North Carolina,"Accounting, Tax Preparation, Bookkeeping, and Payroll Services",All Occupations,91110,39100,49620,73500,119350,168040
North Carolina,"Accounting, Tax Preparation, Bookkeeping, and Payroll Services",Computer and Mathematical Occupations,119440,65460,82410,122790,139780,173510
North Carolina,"Accounting, Tax Preparation, Bookkeeping, and Payroll Services",Data Scientists,160480,96020,136450,171420,182020,199350
North Dakota,"Accounting, Tax Preparation, Bookkeeping, and Payroll Services",All Occupations,78060,38660,47840,62090,84910,118380
North Dakota,"Accounting, Tax Preparation, Bookkeeping, and Payroll Services",Computer and Mathematical Occupations,87410,47490,58340,78520,96850,128260
Ohio,"Accounting, Tax Preparation, Bookkeeping, and Payroll Services",All Occupations,87070,37430,48260,66190,103090,166800
Ohio,"Accounting, Tax Preparation, Bookkeeping, and Payroll Services",Computer and Mathematical Occupations,98200,51000,62210,96080,123030,161190
Oklahoma,"Accounting, Tax Preparation, Bookkeeping, and Payroll Services",All Occupations,72530,29530,39590,57730,84200,125080
Oregon,"Accounting, Tax Preparation, Bookkeeping, and Payroll Services",All Occupations,86210,41110,50380,74070,102460,156110
Oregon,"Accounting, Tax Preparation, Bookkeeping, and Payroll Services",Computer and Mathematical Occupations,113090,59490,80620,109740,149510,174640
Pennsylvania,"Accounting, Tax Preparation, Bookkeeping, and Payroll Services",All Occupations,85340,36360,47210,66980,102120,164620
Pennsylvania,"Accounting, Tax Preparation, Bookkeeping, and Payroll Services",Computer and Mathematical Occupations,106520,57870,78460,101910,132430,170150
Pennsylvania,"Accounting, Tax Preparation, Bookkeeping, and Payroll Services",Data Scientists,94530,59690,74240,80970,119780,138500
Rhode Island,"Accounting, Tax Preparation, Bookkeeping, and Payroll Services",All Occupations,99780,47130,57380,79520,119270,173320
South Carolina,"Accounting, Tax Preparation, Bookkeeping, and Payroll Services",All Occupations,73490,31660,41180,58810,82330,134370
South Carolina,"Accounting, Tax Preparation, Bookkeeping, and Payroll Services",Computer and Mathematical Occupations,120720,60470,61770,112580,156540,209420
South Dakota,"Accounting, Tax Preparation, Bookkeeping, and Payroll Services",All Occupations,71390,37130,45510,56710,79100,107920
Tennessee,"Accounting, Tax Preparation, Bookkeeping, and Payroll Services",All Occupations,84970,36810,49340,74110,100830,148660
Tennessee,"Accounting, Tax Preparation, Bookkeeping, and Payroll Services",Computer and Mathematical Occupations,102370,63780,76190,98540,125110,158710
Tennessee,"Accounting, Tax Preparation, Bookkeeping, and Payroll Services",Database Administrators,115230,75120,84940,126660,148660,155740
Texas,"Accounting, Tax Preparation, Bookkeeping, and Payroll Services",All Occupations,91960,36650,48600,76390,109090,170210
Texas,"Accounting, Tax Preparation, Bookkeeping, and Payroll Services",Computer and Mathematical Occupations,105610,48770,65900,98470,135600,169000
Texas,"Accounting, Tax Preparation, Bookkeeping, and Payroll Services",Computer and Information Research Scientists,90690,63550,65480,82500,105260,134590
Texas,"Accounting, Tax Preparation, Bookkeeping, and Payroll Services",Database Administrators,130550,64420,116390,130200,161590,163220
Texas,"Accounting, Tax Preparation, Bookkeeping, and Payroll Services",Database Architects,158760,137840,161140,163740,169260,172690
Texas,"Accounting, Tax Preparation, Bookkeeping, and Payroll Services",Data Scientists,124060,78750,84990,126370,153350,183280
Utah,"Accounting, Tax Preparation, Bookkeeping, and Payroll Services",All Occupations,78340,37590,47530,63290,95630,132120
Utah,"Accounting, Tax Preparation, Bookkeeping, and Payroll Services",Computer and Mathematical Occupations,81030,47620,54360,62570,101730,137030
Vermont,"Accounting, Tax Preparation, Bookkeeping, and Payroll Services",All Occupations,86670,39990,48060,63250,103570,175780
Vermont,"Accounting, Tax Preparation, Bookkeeping, and Payroll Services",Computer and Mathematical Occupations,97840,60660,63320,79490,128110,165990
Virginia,"Accounting, Tax Preparation, Bookkeeping, and Payroll Services",All Occupations,101310,38380,54200,80540,128330,179630
Virginia,"Accounting, Tax Preparation, Bookkeeping, and Payroll Services",Computer and Mathematical Occupations,125040,70810,97290,125630,160500,179700
Virginia,"Accounting, Tax Preparation, Bookkeeping, and Payroll Services",Database Architects,131690,76130,109410,130140,157890,216530
Virginia,"Accounting, Tax Preparation, Bookkeeping, and Payroll Services",Data Scientists,155540,97900,128690,170290,170590,213100
Washington,"Accounting, Tax Preparation, Bookkeeping, and Payroll Services",All Occupations,88880,41600,50800,75620,100680,158590
Washington,"Accounting, Tax Preparation, Bookkeeping, and Payroll Services",Computer and Mathematical Occupations,131110,74890,97270,120460,160340,182020
Washington,"Accounting, Tax Preparation, Bookkeeping, and Payroll Services",Data Scientists,143140,80710,109000,138120,182020,182020
West Virginia,"Accounting, Tax Preparation, Bookkeeping, and Payroll Services",All Occupations,60720,30010,38430,52100,73700,102850
West Virginia,"Accounting, Tax Preparation, Bookkeeping, and Payroll Services",Computer and Mathematical Occupations,76340,31200,53940,85910,93090,103980
Wisconsin,"Accounting, Tax Preparation, Bookkeeping, and Payroll Services",All Occupations,79370,36640,47270,63260,95830,140730
Wisconsin,"Accounting, Tax Preparation, Bookkeeping, and Payroll Services",Computer and Mathematical Occupations,88820,56260,64310,79080,106680,130330
Wyoming,"Accounting, Tax Preparation, Bookkeeping, and Payroll Services",All Occupations,72760,37030,44920,60340,88880,128940
Wyoming,"Accounting, Tax Preparation, Bookkeeping, and Payroll Services",Computer and Mathematical Occupations,115960,114390,115170,115170,115170,116730
Guam,"Accounting, Tax Preparation, Bookkeeping, and Payroll Services",All Occupations,47810,23290,31230,46710,54010,81690
Puerto Rico,"Accounting, Tax Preparation, Bookkeeping, and Payroll Services",All Occupations,41900,22570,25400,33860,47900,69650
Virgin Islands,"Accounting, Tax Preparation, Bookkeeping, and Payroll Services",All Occupations,65900,38100,42630,45020,104990,108830
Alabama,"Architectural, Engineering, and Related Services",All Occupations,106550,47110,65170,98610,134440,174260
Alabama,"Architectural, Engineering, and Related Services",Computer and Mathematical Occupations,117430,67030,83210,108400,137240,170920
Alabama,"Architectural, Engineering, and Related Services",Database Administrators,105310,71010,80090,103120,129320,136310
Alabama,"Architectural, Engineering, and Related Services",Database Architects,119710,77430,83210,101390,146440,182590
Alabama,"Architectural, Engineering, and Related Services",Data Scientists,128030,81550,105780,111810,169910,188220
Alaska,"Architectural, Engineering, and Related Services",All Occupations,106480,57260,76920,99270,130220,164650
Alaska,"Architectural, Engineering, and Related Services",Computer and Mathematical Occupations,101450,71300,73730,98130,109890,124130
Arizona,"Architectural, Engineering, and Related Services",All Occupations,101190,49760,63520,85990,127660,168050
Arizona,"Architectural, Engineering, and Related Services",Computer and Mathematical Occupations,131470,72700,83820,134980,163350,198450
Arizona,"Architectural, Engineering, and Related Services",Data Scientists,122230,78520,98260,120490,121840,201610
Arkansas,"Architectural, Engineering, and Related Services",All Occupations,78720,39050,48860,67400,98430,131020
Arkansas,"Architectural, Engineering, and Related Services",Computer and Mathematical Occupations,91220,56160,64570,79440,99500,159640
California,"Architectural, Engineering, and Related Services",All Occupations,113640,51850,72700,99640,136360,193930
California,"Architectural, Engineering, and Related Services",Computer and Mathematical Occupations,148340,79830,101710,136700,182050,219340
California,"Architectural, Engineering, and Related Services",Computer and Information Research Scientists,176230,125850,132250,154090,208950,250910
California,"Architectural, Engineering, and Related Services",Database Administrators,127550,92570,95440,109780,164110,179160
California,"Architectural, Engineering, and Related Services",Database Architects,157110,128920,132150,142090,170220,213840
California,"Architectural, Engineering, and Related Services",Data Scientists,118680,72090,81990,97380,156960,195820
Colorado,"Architectural, Engineering, and Related Services",All Occupations,115120,58860,77210,101290,141160,179820
Colorado,"Architectural, Engineering, and Related Services",Computer and Mathematical Occupations,140920,81800,103900,134250,168850,211000
Colorado,"Architectural, Engineering, and Related Services",Computer and Information Research Scientists,172760,77320,77330,103900,320680,320680
Colorado,"Architectural, Engineering, and Related Services",Database Administrators,105630,56640,64020,103440,142300,152260
Colorado,"Architectural, Engineering, and Related Services",Database Architects,154690,79330,83760,158600,201710,250760
Colorado,"Architectural, Engineering, and Related Services",Data Scientists,141250,83760,101980,134680,163340,211620
Connecticut,"Architectural, Engineering, and Related Services",All Occupations,104420,51270,69500,95690,129130,166350
Connecticut,"Architectural, Engineering, and Related Services",Computer and Mathematical Occupations,98390,63740,77450,93840,112090,134950
Delaware,"Architectural, Engineering, and Related Services",All Occupations,104150,51860,67600,94610,128370,170240
Delaware,"Architectural, Engineering, and Related Services",Computer and Mathematical Occupations,102250,77750,84270,102320,116250,152940
District of Columbia,"Architectural, Engineering, and Related Services",All Occupations,122140,64230,79890,105910,159990,199990
District of Columbia,"Architectural, Engineering, and Related Services",Computer and Mathematical Occupations,139320,80640,100230,137650,172720,183400
Florida,"Architectural, Engineering, and Related Services",All Occupations,92550,43610,57830,78710,115320,164170
Florida,"Architectural, Engineering, and Related Services",Computer and Mathematical Occupations,117580,67260,82750,111830,144170,169850
Florida,"Architectural, Engineering, and Related Services",Database Administrators,138720,66120,140910,156850,156850,156850
Florida,"Architectural, Engineering, and Related Services",Data Scientists,99400,60570,83020,99670,113270,133890
Georgia,"Architectural, Engineering, and Related Services",All Occupations,96870,44120,58280,79430,124820,169350
Georgia,"Architectural, Engineering, and Related Services",Computer and Mathematical Occupations,98320,57360,64360,89530,121090,154110
Georgia,"Architectural, Engineering, and Related Services",Database Administrators,111710,44280,84170,132690,141360,146710
Georgia,"Architectural, Engineering, and Related Services",Database Architects,116250,94190,94190,98370,130680,166640
Georgia,"Architectural, Engineering, and Related Services",Data Scientists,98680,61160,69080,81620,101370,136950
Hawaii,"Architectural, Engineering, and Related Services",All Occupations,97800,48530,61720,81930,117930,167690
Hawaii,"Architectural, Engineering, and Related Services",Computer and Mathematical Occupations,101600,62160,74470,98650,106230,157230
Idaho,"Architectural, Engineering, and Related Services",All Occupations,91270,44850,56960,78440,110360,163620
Idaho,"Architectural, Engineering, and Related Services",Computer and Mathematical Occupations,107090,51310,67680,98150,134570,175760
Illinois,"Architectural, Engineering, and Related Services",All Occupations,96080,47310,62390,81870,118910,160300
Illinois,"Architectural, Engineering, and Related Services",Computer and Mathematical Occupations,84760,61660,61660,81200,96270,118990
Illinois,"Architectural, Engineering, and Related Services",Data Scientists,102920,42900,42900,110920,134180,167560
Indiana,"Architectural, Engineering, and Related Services",All Occupations,89820,45270,58870,78400,107060,152480
Indiana,"Architectural, Engineering, and Related Services",Computer and Mathematical Occupations,101730,61410,78060,96460,124280,151830
Iowa,"Architectural, Engineering, and Related Services",All Occupations,90760,46380,60260,79400,108630,150320
Iowa,"Architectural, Engineering, and Related Services",Computer and Mathematical Occupations,110070,43710,50850,101890,171100,176970
Kansas,"Architectural, Engineering, and Related Services",All Occupations,97860,48490,62910,84490,126910,163100
Kansas,"Architectural, Engineering, and Related Services",Computer and Mathematical Occupations,120380,61690,80200,107450,161170,179350
Kentucky,"Architectural, Engineering, and Related Services",All Occupations,82520,41480,52000,74410,99850,134130
Kentucky,"Architectural, Engineering, and Related Services",Computer and Mathematical Occupations,76050,49770,59790,74560,86860,105960
Louisiana,"Architectural, Engineering, and Related Services",All Occupations,89120,39010,51400,77310,116850,158030
Louisiana,"Architectural, Engineering, and Related Services",Computer and Mathematical Occupations,94490,53930,68790,90680,118320,141840
Maine,"Architectural, Engineering, and Related Services",All Occupations,101920,51980,65150,85900,129100,169460
Maine,"Architectural, Engineering, and Related Services",Computer and Mathematical Occupations,115070,66780,85280,109030,141050,164660
Maryland,"Architectural, Engineering, and Related Services",All Occupations,112620,52670,72770,100710,138290,183950
Maryland,"Architectural, Engineering, and Related Services",Computer and Mathematical Occupations,129140,64810,94090,131720,163930,192300
Maryland,"Architectural, Engineering, and Related Services",Computer and Information Research Scientists,171080,98650,163200,187740,196550,225930
Maryland,"Architectural, Engineering, and Related Services",Database Administrators,108440,66410,80290,105030,126980,153060
Maryland,"Architectural, Engineering, and Related Services",Data Scientists,135170,87360,99190,133740,152120,205740
Massachusetts,"Architectural, Engineering, and Related Services",All Occupations,118040,61710,79690,102160,139670,198630
Massachusetts,"Architectural, Engineering, and Related Services",Computer and Mathematical Occupations,140780,80880,106090,132000,172660,212760
Massachusetts,"Architectural, Engineering, and Related Services",Data Scientists,130560,76370,93110,126370,172610,208850
Michigan,"Architectural, Engineering, and Related Services",All Occupations,104300,49030,71740,99210,130170,165930
Michigan,"Architectural, Engineering, and Related Services",Computer and Mathematical Occupations,121290,79240,99280,126290,139250,165930
Michigan,"Architectural, Engineering, and Related Services",Database Administrators,119700,77060,111150,113830,134250,154830
Michigan,"Architectural, Engineering, and Related Services",Data Scientists,115540,78780,84460,110550,139250,161520
Minnesota,"Architectural, Engineering, and Related Services",All Occupations,98320,53190,65100,84720,122170,161050
Minnesota,"Architectural, Engineering, and Related Services",Computer and Mathematical Occupations,119140,65510,82900,107230,162770,176680
Mississippi,"Architectural, Engineering, and Related Services",All Occupations,84120,37040,47080,68030,104390,160510
Mississippi,"Architectural, Engineering, and Related Services",Computer and Mathematical Occupations,139500,64140,95570,160350,181440,181440
Missouri,"Architectural, Engineering, and Related Services",All Occupations,93700,47930,61010,80190,117500,159610
Missouri,"Architectural, Engineering, and Related Services",Computer and Mathematical Occupations,103540,63290,78420,98140,127170,161370
Missouri,"Architectural, Engineering, and Related Services",Data Scientists,113570,83610,103330,103600,104100,180690
Montana,"Architectural, Engineering, and Related Services",All Occupations,91440,51340,64490,80200,112990,138270
Montana,"Architectural, Engineering, and Related Services",Computer and Mathematical Occupations,80410,54600,66170,75200,91290,113690
Nebraska,"Architectural, Engineering, and Related Services",All Occupations,93590,48060,60190,82270,115080,154820
Nebraska,"Architectural, Engineering, and Related Services",Computer and Mathematical Occupations,110970,62810,81130,103030,136640,163760
Nebraska,"Architectural, Engineering, and Related Services",Data Scientists,102100,81140,84180,99650,102240,130880
Nevada,"Architectural, Engineering, and Related Services",All Occupations,96700,47210,62180,83630,118920,161750
Nevada,"Architectural, Engineering, and Related Services",Computer and Mathematical Occupations,107380,63240,84700,101360,129400,168890
New Hampshire,"Architectural, Engineering, and Related Services",All Occupations,100280,48250,61520,84630,126920,167820
New Hampshire,"Architectural, Engineering, and Related Services",Computer and Mathematical Occupations,127700,74380,97510,127540,162290,171890
New Jersey,"Architectural, Engineering, and Related Services",All Occupations,106150,47940,63200,93810,132490,181490
New Jersey,"Architectural, Engineering, and Related Services",Computer and Mathematical Occupations,116300,57400,81760,108850,140730,178620
New Jersey,"Architectural, Engineering, and Related Services",Computer and Information Research Scientists,107620,75510,82700,103710,123220,138570
New Jersey,"Architectural, Engineering, and Related Services",Database Administrators,111660,79570,82630,118460,131720,140760
New Jersey,"Architectural, Engineering, and Related Services",Data Scientists,81100,41600,50220,76430,111180,114520
New Mexico,"Architectural, Engineering, and Related Services",All Occupations,98770,43930,59500,81460,124540,170970
New Mexico,"Architectural, Engineering, and Related Services",Computer and Mathematical Occupations,127340,77380,100540,118170,159300,174670
New York,"Architectural, Engineering, and Related Services",All Occupations,109750,52300,71260,97330,131350,177170
New York,"Architectural, Engineering, and Related Services",Computer and Mathematical Occupations,121540,64990,83350,113130,146590,178360
New York,"Architectural, Engineering, and Related Services",Database Architects,130190,72800,108610,122420,148360,199490
New York,"Architectural, Engineering, and Related Services",Data Scientists,136810,82930,102350,129180,165000,213720
North Carolina,"Architectural, Engineering, and Related Services",All Occupations,96010,46780,60650,81390,123990,164990
North Carolina,"Architectural, Engineering, and Related Services",Computer and Mathematical Occupations,116380,59870,83980,109530,135470,169950
North Carolina,"Architectural, Engineering, and Related Services",Data Scientists,112520,68830,84290,102140,131930,150300
North Dakota,"Architectural, Engineering, and Related Services",All Occupations,87040,47070,61650,78520,104490,136060
North Dakota,"Architectural, Engineering, and Related Services",Computer and Mathematical Occupations,98570,63520,78890,98860,115500,136750
Ohio,"Architectural, Engineering, and Related Services",All Occupations,98020,47190,62110,83200,125840,165780
Ohio,"Architectural, Engineering, and Related Services",Computer and Mathematical Occupations,118960,62380,82480,103100,144460,195930
Ohio,"Architectural, Engineering, and Related Services",Data Scientists,115770,55930,56240,112160,173370,220190
Oklahoma,"Architectural, Engineering, and Related Services",All Occupations,92280,40700,57780,81160,117120,154320
Oklahoma,"Architectural, Engineering, and Related Services",Computer and Mathematical Occupations,90880,56790,63310,81420,117060,134050
Oregon,"Architectural, Engineering, and Related Services",All Occupations,104150,53930,71600,94640,127880,170460
Oregon,"Architectural, Engineering, and Related Services",Computer and Mathematical Occupations,123700,66850,83860,109910,144820,202040
Pennsylvania,"Architectural, Engineering, and Related Services",All Occupations,94860,47010,61330,80940,120610,161140
Pennsylvania,"Architectural, Engineering, and Related Services",Computer and Mathematical Occupations,108030,60240,75760,96910,126880,170610
Pennsylvania,"Architectural, Engineering, and Related Services",Database Administrators,96000,80740,81550,94910,110670,115280
Pennsylvania,"Architectural, Engineering, and Related Services",Data Scientists,104940,70190,72800,126880,126880,126880
Rhode Island,"Architectural, Engineering, and Related Services",All Occupations,100130,52780,64830,83610,121610,164670
Rhode Island,"Architectural, Engineering, and Related Services",Computer and Mathematical Occupations,125770,61860,82560,120000,170700,204440
South Carolina,"Architectural, Engineering, and Related Services",All Occupations,92760,41450,56380,79180,124300,159120
South Carolina,"Architectural, Engineering, and Related Services",Computer and Mathematical Occupations,117720,72870,82070,103830,137400,173360
South Carolina,"Architectural, Engineering, and Related Services",Data Scientists,113190,73250,75010,108450,134660,165170
South Dakota,"Architectural, Engineering, and Related Services",All Occupations,84200,44640,56340,76650,101420,132830
South Dakota,"Architectural, Engineering, and Related Services",Computer and Mathematical Occupations,95540,50790,60910,78830,122810,160800
Tennessee,"Architectural, Engineering, and Related Services",All Occupations,93990,45100,59210,81240,112670,161520
Tennessee,"Architectural, Engineering, and Related Services",Computer and Mathematical Occupations,98480,49950,69990,100630,123300,145910
Texas,"Architectural, Engineering, and Related Services",All Occupations,100020,45590,60300,82860,126850,171830
Texas,"Architectural, Engineering, and Related Services",Computer and Mathematical Occupations,114900,60060,77820,103560,145370,178300
Texas,"Architectural, Engineering, and Related Services",Computer and Information Research Scientists,130930,94220,94220,96820,158160,204250
Texas,"Architectural, Engineering, and Related Services",Database Administrators,96910,52000,56890,106990,122860,154010
Texas,"Architectural, Engineering, and Related Services",Database Architects,163210,89870,92890,179160,207190,235930
Texas,"Architectural, Engineering, and Related Services",Statisticians,78810,46970,46970,62400,116780,148450
Texas,"Architectural, Engineering, and Related Services",Data Scientists,103620,49300,73990,88900,130960,167950
Utah,"Architectural, Engineering, and Related Services",All Occupations,94640,44410,61490,84010,123090,155810
Utah,"Architectural, Engineering, and Related Services",Computer and Mathematical Occupations,112430,68040,79910,104620,132770,167210
Utah,"Architectural, Engineering, and Related Services",Data Scientists,100140,65200,79910,95490,126550,141570
Vermont,"Architectural, Engineering, and Related Services",All Occupations,99220,52040,66380,88290,117620,164740
Vermont,"Architectural, Engineering, and Related Services",Computer and Mathematical Occupations,119540,73080,88070,121600,144920,175240
Virginia,"Architectural, Engineering, and Related Services",All Occupations,112720,51100,72900,98130,143480,192510
Virginia,"Architectural, Engineering, and Related Services",Computer and Mathematical Occupations,148710,80590,103440,145270,185100,216290
Virginia,"Architectural, Engineering, and Related Services",Computer and Information Research Scientists,211010,117740,208820,222150,256540,256540
Virginia,"Architectural, Engineering, and Related Services",Database Administrators,89850,44570,55740,79680,110210,147960
Virginia,"Architectural, Engineering, and Related Services",Database Architects,179930,128250,143320,182430,214100,237120
Virginia,"Architectural, Engineering, and Related Services",Data Scientists,142560,84840,101720,136250,171030,225950
Washington,"Architectural, Engineering, and Related Services",All Occupations,113700,61700,79010,101990,134990,174490
Washington,"Architectural, Engineering, and Related Services",Computer and Mathematical Occupations,126990,78960,92260,127100,157720,174930
Washington,"Architectural, Engineering, and Related Services",Data Scientists,199030,120420,152780,152820,288910,288920
West Virginia,"Architectural, Engineering, and Related Services",All Occupations,84800,36820,48040,71050,106060,146560
West Virginia,"Architectural, Engineering, and Related Services",Computer and Mathematical Occupations,100650,58830,71200,108820,129840,131100
Wisconsin,"Architectural, Engineering, and Related Services",All Occupations,90720,47840,62020,80590,105440,139570
Wisconsin,"Architectural, Engineering, and Related Services",Computer and Mathematical Occupations,92640,57260,69580,88650,103720,132760
Wisconsin,"Architectural, Engineering, and Related Services",Data Scientists,100570,77580,83790,96500,115920,127310
Wyoming,"Architectural, Engineering, and Related Services",All Occupations,94600,42840,57220,78240,119010,158000
Guam,"Architectural, Engineering, and Related Services",All Occupations,58680,29120,34910,48470,66900,100290
Puerto Rico,"Architectural, Engineering, and Related Services",All Occupations,54770,25990,36230,47320,64590,94020
Puerto Rico,"Architectural, Engineering, and Related Services",Computer and Mathematical Occupations,82360,48050,60850,79510,100030,123650
Virgin Islands,"Architectural, Engineering, and Related Services",All Occupations,68000,35780,37070,54660,83410,122950
Alabama,Engineering Services,All Occupations,111730,51030,74090,101410,138680,177260
Alabama,Engineering Services,Computer and Mathematical Occupations,117840,67150,83440,111650,137370,170920
Alabama,Engineering Services,Database Administrators,105790,71010,80090,103120,129320,136680
Alabama,Engineering Services,Database Architects,119710,77430,83210,101390,146440,182590
Alabama,Engineering Services,Data Scientists,128030,81550,105780,111810,169910,188220
Alaska,Engineering Services,All Occupations,110800,59280,78700,101710,135200,172010
Alaska,Engineering Services,Computer and Mathematical Occupations,99970,66080,72360,95370,109890,124470
Arizona,Engineering Services,All Occupations,106300,51380,68840,94300,130030,175740
Arizona,Engineering Services,Computer and Mathematical Occupations,135670,75590,87390,134980,174820,198460
Arizona,Engineering Services,Data Scientists,129450,78520,111340,121840,121840,201610
Arkansas,Engineering Services,All Occupations,87420,44810,57550,76980,103370,149990
Arkansas,Engineering Services,Computer and Mathematical Occupations,91630,57980,65830,76450,127730,158360
California,Engineering Services,All Occupations,122400,60480,78780,104000,155290,206940
California,Engineering Services,Computer and Mathematical Occupations,151780,82110,103560,141630,195090,219450
California,Engineering Services,Computer and Information Research Scientists,176140,125850,132250,154090,208100,250910
California,Engineering Services,Database Administrators,135940,82050,108530,115000,175240,179230
California,Engineering Services,Database Architects,155190,129590,132150,142100,170220,199270
California,Engineering Services,Data Scientists,126530,78390,82550,103070,163010,201300
Colorado,Engineering Services,All Occupations,121290,62070,80580,107310,152110,190360
Colorado,Engineering Services,Computer and Mathematical Occupations,142900,84710,104700,134900,170230,211900
Colorado,Engineering Services,Computer and Information Research Scientists,172200,77320,77330,103900,320680,320680
Colorado,Engineering Services,Data Scientists,141650,86840,102650,136080,163340,223050
Connecticut,Engineering Services,All Occupations,113080,60550,77550,101620,134940,173300
Connecticut,Engineering Services,Computer and Mathematical Occupations,99610,63690,77450,95260,114390,137190
Delaware,Engineering Services,All Occupations,111110,57500,76290,100870,132080,181190
Delaware,Engineering Services,Computer and Mathematical Occupations,104080,78280,84270,102540,126050,135130
District of Columbia,Engineering Services,All Occupations,129630,60320,82140,118630,170690,208530
District of Columbia,Engineering Services,Computer and Mathematical Occupations,140780,80640,100370,138870,172720,187370
Florida,Engineering Services,All Occupations,100400,46790,62300,83160,127730,168660
Florida,Engineering Services,Computer and Mathematical Occupations,119720,72110,88230,113740,145430,169990
Florida,Engineering Services,Database Administrators,138720,66120,140910,156850,156850,156850
Florida,Engineering Services,Data Scientists,99400,60570,83020,99670,113270,133890
Georgia,Engineering Services,All Occupations,102400,46780,62310,82870,130350,176250
Georgia,Engineering Services,Computer and Mathematical Occupations,96700,57360,64390,89130,119110,153920
Georgia,Engineering Services,Database Administrators,102920,44280,49480,103810,132690,166330
Georgia,Engineering Services,Database Architects,108400,94190,94190,94190,113150,130680
Georgia,Engineering Services,Data Scientists,92880,66710,75310,85700,101370,136950
Hawaii,Engineering Services,All Occupations,104530,51140,64020,91380,129760,174100
Hawaii,Engineering Services,Computer and Mathematical Occupations,103740,62300,77270,98750,106230,157270
Idaho,Engineering Services,All Occupations,100010,47830,62960,85280,127830,174400
Idaho,Engineering Services,Computer and Mathematical Occupations,108000,51990,65660,99030,134580,176710
Illinois,Engineering Services,All Occupations,102620,58400,73020,94540,125790,165070
Illinois,Engineering Services,Computer and Mathematical Occupations,84040,61660,61660,81200,94990,118910
Indiana,Engineering Services,All Occupations,96140,49180,63590,83050,120480,160160
Indiana,Engineering Services,Computer and Mathematical Occupations,100590,61940,78950,96700,120810,141490
Iowa,Engineering Services,All Occupations,95790,49810,64760,83450,120140,157180
Iowa,Engineering Services,Computer and Mathematical Occupations,132180,78470,98530,129900,173200,177400
Kansas,Engineering Services,All Occupations,102540,51240,68300,95590,128980,165180
Kansas,Engineering Services,Computer and Mathematical Occupations,121120,61820,80220,109770,161970,179350
Kentucky,Engineering Services,All Occupations,86700,45000,57140,77850,103440,138160
Kentucky,Engineering Services,Computer and Mathematical Occupations,75760,49770,60320,74560,85890,105960
Louisiana,Engineering Services,All Occupations,100060,44840,60470,90420,128420,169030
Louisiana,Engineering Services,Computer and Mathematical Occupations,99610,55340,76200,95590,120450,149650
Maine,Engineering Services,All Occupations,111670,58810,76010,100550,134650,175570
Maine,Engineering Services,Computer and Mathematical Occupations,118770,73790,93250,114520,141050,164660
Maryland,Engineering Services,All Occupations,117650,59170,77000,103570,152610,192880
Maryland,Engineering Services,Computer and Mathematical Occupations,129190,64810,94170,131720,163930,192270
Maryland,Engineering Services,Computer and Information Research Scientists,171080,98650,163200,187740,196550,225930
Maryland,Engineering Services,Database Administrators,108440,66410,80290,105030,126980,153060
Maryland,Engineering Services,Data Scientists,135170,87360,99190,133740,152120,205740
Massachusetts,Engineering Services,All Occupations,124430,62800,81070,107090,160190,209580
Massachusetts,Engineering Services,Computer and Mathematical Occupations,141560,82510,108410,132000,172660,212760
Massachusetts,Engineering Services,Data Scientists,136950,91040,93720,126370,172610,208850
Michigan,Engineering Services,All Occupations,107000,51870,75540,99280,131510,167130
Michigan,Engineering Services,Computer and Mathematical Occupations,121970,76810,97510,126960,161520,165930
Michigan,Engineering Services,Data Scientists,114760,78780,84460,109770,139250,161520
Minnesota,Engineering Services,All Occupations,104140,59220,72850,93940,128000,165310
Minnesota,Engineering Services,Computer and Mathematical Occupations,122530,66120,83000,107750,167160,177790
Mississippi,Engineering Services,All Occupations,90480,38530,48530,76830,119990,174520
Mississippi,Engineering Services,Computer and Mathematical Occupations,140630,64140,95570,168240,181440,181440
Missouri,Engineering Services,All Occupations,99420,51890,65010,84740,126490,165930
Missouri,Engineering Services,Computer and Mathematical Occupations,105430,64430,82530,98270,128140,164810
Missouri,Engineering Services,Data Scientists,116960,95680,103360,103600,104100,180690
Montana,Engineering Services,All Occupations,96140,58090,70170,83110,118280,143100
Montana,Engineering Services,Computer and Mathematical Occupations,80370,54600,66170,75200,91830,113690
Nebraska,Engineering Services,All Occupations,98630,50230,64410,86640,124470,159580
Nebraska,Engineering Services,Computer and Mathematical Occupations,111890,64120,81130,106070,136640,160960
Nebraska,Engineering Services,Data Scientists,103070,81130,84180,99650,104700,164220
Nevada,Engineering Services,All Occupations,104040,50610,70150,93950,130330,168600
Nevada,Engineering Services,Computer and Mathematical Occupations,114070,70680,86510,106160,134310,173790
New Hampshire,Engineering Services,All Occupations,107690,51600,66560,96910,134380,171890
New Hampshire,Engineering Services,Computer and Mathematical Occupations,128960,76290,100120,129580,162490,171890
New Jersey,Engineering Services,All Occupations,117660,57070,77560,100650,145760,203620
New Jersey,Engineering Services,Computer and Mathematical Occupations,118780,57320,83060,114080,149410,187200
New Jersey,Engineering Services,Computer and Information Research Scientists,107620,75510,82700,103710,123220,138570
New Jersey,Engineering Services,Database Administrators,111660,79570,82630,118460,131720,140760
New Jersey,Engineering Services,Data Scientists,77390,41600,41600,76430,100080,114520
New Mexico,Engineering Services,All Occupations,109790,49070,69910,96000,136860,182500
New Mexico,Engineering Services,Computer and Mathematical Occupations,128510,81460,100540,119230,160460,174670
New York,Engineering Services,All Occupations,118710,61700,78940,102210,140020,195290
New York,Engineering Services,Computer and Mathematical Occupations,115610,66200,83130,109100,135700,165510
New York,Engineering Services,Data Scientists,133000,87940,112460,123490,155730,191780
North Carolina,Engineering Services,All Occupations,102680,49630,64820,91210,129590,168210
North Carolina,Engineering Services,Computer and Mathematical Occupations,119230,60230,89750,118960,136530,171810
North Carolina,Engineering Services,Data Scientists,113670,84280,98290,118960,131930,138570
North Dakota,Engineering Services,All Occupations,90840,51490,65280,79810,107590,136970
North Dakota,Engineering Services,Computer and Mathematical Occupations,98040,63740,78890,90650,110940,136750
Ohio,Engineering Services,All Occupations,107400,52820,73580,97800,132540,173270
Ohio,Engineering Services,Computer and Mathematical Occupations,123350,67240,85700,106400,159710,203020
Ohio,Engineering Services,Data Scientists,127890,55930,55930,133890,173460,220190
Oklahoma,Engineering Services,All Occupations,99210,49380,66020,87360,126170,163130
Oklahoma,Engineering Services,Computer and Mathematical Occupations,91410,56790,63270,81420,118620,133590
Oregon,Engineering Services,All Occupations,113750,61090,78000,100360,137680,187610
Oregon,Engineering Services,Computer and Mathematical Occupations,129070,69520,84810,115660,158780,217240
Pennsylvania,Engineering Services,All Occupations,102640,51580,67930,92230,127620,167540
Pennsylvania,Engineering Services,Computer and Mathematical Occupations,111770,60380,79020,100220,128460,181720
Pennsylvania,Engineering Services,Database Administrators,96950,81410,83140,94910,112890,115280
Pennsylvania,Engineering Services,Data Scientists,118340,80610,120310,126880,126880,126880
Rhode Island,Engineering Services,All Occupations,105620,57390,72470,92240,128190,169670
Rhode Island,Engineering Services,Computer and Mathematical Occupations,127460,62730,82560,125570,170700,204440
South Carolina,Engineering Services,All Occupations,98950,45700,61040,84440,130150,164650
South Carolina,Engineering Services,Computer and Mathematical Occupations,118490,73070,82070,103830,137400,173360
South Carolina,Engineering Services,Data Scientists,113210,73250,73250,131720,134660,165170
South Dakota,Engineering Services,All Occupations,87740,46660,59690,79240,103890,133150
South Dakota,Engineering Services,Computer and Mathematical Occupations,95720,50790,60570,78830,122810,160800
Tennessee,Engineering Services,All Occupations,101080,48660,64020,85410,124800,169240
Tennessee,Engineering Services,Computer and Mathematical Occupations,105520,62190,80090,106990,125640,154780
Texas,Engineering Services,All Occupations,108700,49520,65600,96240,132980,186260
Texas,Engineering Services,Computer and Mathematical Occupations,115390,60130,77860,103660,144160,182310
Texas,Engineering Services,Database Administrators,113110,56000,102150,111040,141500,154010
Texas,Engineering Services,Database Architects,163210,89870,92890,179160,207190,235930
Texas,Engineering Services,Data Scientists,110700,54610,78850,99160,152560,173070
Utah,Engineering Services,All Occupations,100030,47150,69140,94560,124470,160810
Utah,Engineering Services,Computer and Mathematical Occupations,114670,75770,82350,106710,132770,170230
Utah,Engineering Services,Data Scientists,104050,71900,82840,96910,132000,154540
Vermont,Engineering Services,All Occupations,104910,53630,71770,98250,126940,174900
Vermont,Engineering Services,Computer and Mathematical Occupations,122630,73080,90750,121610,144920,175240
Virginia,Engineering Services,All Occupations,119060,59610,77480,102060,156180,203840
Virginia,Engineering Services,Computer and Mathematical Occupations,149510,81010,104780,147090,185100,216590
Virginia,Engineering Services,Computer and Information Research Scientists,211450,117740,208820,222150,256540,256540
Virginia,Engineering Services,Database Architects,181160,130330,143330,182430,214100,237120
Virginia,Engineering Services,Data Scientists,143550,84840,101720,136250,171510,225950
Washington,Engineering Services,All Occupations,122680,71510,84390,110330,152390,185350
Washington,Engineering Services,Computer and Mathematical Occupations,128580,80800,93890,130080,159140,177220
Washington,Engineering Services,Data Scientists,199030,120420,152780,152820,288910,288920
West Virginia,Engineering Services,All Occupations,95110,44720,57700,80720,123500,162330
West Virginia,Engineering Services,Computer and Mathematical Occupations,101590,59220,71200,108820,129840,131100
Wisconsin,Engineering Services,All Occupations,94860,50830,67400,84320,115120,143710
Wisconsin,Engineering Services,Computer and Mathematical Occupations,93780,57260,74470,89440,105910,133020
Wisconsin,Engineering Services,Data Scientists,100970,77580,83750,96500,119680,127430
Wyoming,Engineering Services,All Occupations,107750,50130,66230,88320,129400,207710
Guam,Engineering Services,All Occupations,59340,30410,35580,48820,66300,101140
Puerto Rico,Engineering Services,All Occupations,55840,26360,36580,48050,66500,96270
Puerto Rico,Engineering Services,Computer and Mathematical Occupations,83130,48050,60850,79510,100030,123650
Virgin Islands,Engineering Services,All Occupations,85290,35780,41600,72800,122950,167530
Alabama,Testing Laboratories and Services,All Occupations,70630,37190,45240,60890,87550,115820
Alabama,Testing Laboratories and Services,Computer and Mathematical Occupations,96610,67690,82760,94620,110290,137290
Alaska,Testing Laboratories and Services,All Occupations,90600,48290,60880,90960,110950,130270
Arizona,Testing Laboratories and Services,All Occupations,73980,45090,51080,63890,80140,114560
Arizona,Testing Laboratories and Services,Computer and Mathematical Occupations,73330,59810,65460,75690,78620,83820
Arkansas,Testing Laboratories and Services,All Occupations,58930,36990,39520,47110,64660,96710
California,Testing Laboratories and Services,All Occupations,82510,43580,49080,64350,98760,137280
California,Testing Laboratories and Services,Computer and Mathematical Occupations,119600,56930,77590,111600,147510,185350
California,Testing Laboratories and Services,Data Scientists,101410,66600,74670,79760,121140,165450
Colorado,Testing Laboratories and Services,All Occupations,83090,44580,51210,70440,101060,140120
Colorado,Testing Laboratories and Services,Computer and Mathematical Occupations,85300,57060,64250,77040,101310,110110
Connecticut,Testing Laboratories and Services,All Occupations,78530,41140,48660,63090,95690,138350
Connecticut,Testing Laboratories and Services,Computer and Mathematical Occupations,91220,63040,74890,90330,112110,132910
Delaware,Testing Laboratories and Services,All Occupations,81020,47170,51480,75780,96290,131130
Florida,Testing Laboratories and Services,All Occupations,73600,38180,45280,58630,83110,125270
Florida,Testing Laboratories and Services,Computer and Mathematical Occupations,113640,53690,64550,97510,143220,225060
Georgia,Testing Laboratories and Services,All Occupations,83370,38400,49510,66700,104420,145180
Georgia,Testing Laboratories and Services,Computer and Mathematical Occupations,128140,51950,68380,109840,141360,242190
Hawaii,Testing Laboratories and Services,All Occupations,74240,41740,49490,78010,84530,101890
Idaho,Testing Laboratories and Services,All Occupations,64600,37960,46560,53220,70060,107980
Illinois,Testing Laboratories and Services,All Occupations,73460,35750,45560,60950,81990,126310
Illinois,Testing Laboratories and Services,Computer and Mathematical Occupations,92950,64060,74340,92390,110920,135260
Indiana,Testing Laboratories and Services,All Occupations,67930,36440,44860,54900,77930,118100
Iowa,Testing Laboratories and Services,All Occupations,67630,38020,43710,50850,69920,112180
Kansas,Testing Laboratories and Services,All Occupations,68300,36080,46230,55310,80840,126880
Kentucky,Testing Laboratories and Services,All Occupations,66490,37020,42750,55080,82590,111710
Louisiana,Testing Laboratories and Services,All Occupations,68080,35850,43680,59730,81370,107680
Louisiana,Testing Laboratories and Services,Computer and Mathematical Occupations,69830,46310,58090,71700,77940,89990
Maine,Testing Laboratories and Services,All Occupations,66540,44550,48400,58640,73110,106160
Maryland,Testing Laboratories and Services,All Occupations,80360,43510,48720,63850,98490,133210
Massachusetts,Testing Laboratories and Services,All Occupations,104460,49050,59060,79360,125310,177920
Massachusetts,Testing Laboratories and Services,Computer and Mathematical Occupations,140940,66020,83390,135520,173640,211380
Michigan,Testing Laboratories and Services,All Occupations,104440,47350,75910,103350,129840,162260
Michigan,Testing Laboratories and Services,Computer and Mathematical Occupations,121190,92630,99280,129750,133300,165260
Minnesota,Testing Laboratories and Services,All Occupations,73730,43760,49650,62820,87990,114420
Minnesota,Testing Laboratories and Services,Computer and Mathematical Occupations,91430,58420,74030,90560,99890,132450
Mississippi,Testing Laboratories and Services,All Occupations,68730,31270,37890,62320,88540,119650
Missouri,Testing Laboratories and Services,All Occupations,66320,39410,47150,54540,81840,105550
Missouri,Testing Laboratories and Services,Computer and Mathematical Occupations,73840,49520,53890,71990,95220,100800
Montana,Testing Laboratories and Services,All Occupations,65440,47260,49400,58240,67860,105870
Nebraska,Testing Laboratories and Services,All Occupations,70340,41970,48640,59750,81750,113600
Nevada,Testing Laboratories and Services,All Occupations,76930,35550,47400,63400,98240,126670
Nevada,Testing Laboratories and Services,Computer and Mathematical Occupations,91110,52820,67240,86690,99360,142910
New Hampshire,Testing Laboratories and Services,All Occupations,69620,40990,47140,57460,77830,114390
New Jersey,Testing Laboratories and Services,All Occupations,77390,39180,48690,63220,95170,129780
New Jersey,Testing Laboratories and Services,Computer and Mathematical Occupations,87850,57760,63780,80020,107950,130910
New Mexico,Testing Laboratories and Services,All Occupations,73900,41520,47540,63950,82760,127370
New York,Testing Laboratories and Services,All Occupations,102080,45680,51770,76450,127100,210750
North Carolina,Testing Laboratories and Services,All Occupations,82470,40890,49580,66630,99310,136820
North Carolina,Testing Laboratories and Services,Computer and Mathematical Occupations,85690,51940,68830,80410,99510,123950
North Dakota,Testing Laboratories and Services,All Occupations,69880,37150,45920,63700,76960,124970
Ohio,Testing Laboratories and Services,All Occupations,67670,37440,44990,58540,80670,106980
Ohio,Testing Laboratories and Services,Computer and Mathematical Occupations,81700,48260,62380,81330,94600,110810
Oklahoma,Testing Laboratories and Services,All Occupations,68650,34010,46140,60850,83170,111210
Oregon,Testing Laboratories and Services,All Occupations,72900,42340,48160,61570,92630,118820
Pennsylvania,Testing Laboratories and Services,All Occupations,72010,39300,47550,61120,81920,125250
Pennsylvania,Testing Laboratories and Services,Computer and Mathematical Occupations,83050,57980,66110,74560,93480,124120
Pennsylvania,Testing Laboratories and Services,Data Scientists,72190,61700,70190,72800,72800,81680
Rhode Island,Testing Laboratories and Services,All Occupations,70130,41450,44960,60340,92830,103140
South Carolina,Testing Laboratories and Services,All Occupations,64840,28150,40560,54870,77200,104500
South Dakota,Testing Laboratories and Services,All Occupations,63280,33900,41260,51270,76330,105470
Tennessee,Testing Laboratories and Services,All Occupations,63050,38030,44910,51600,75140,97660
Tennessee,Testing Laboratories and Services,Computer and Mathematical Occupations,56350,45410,45410,51080,56880,71480
Texas,Testing Laboratories and Services,All Occupations,73470,37810,45590,60070,86490,124810
Texas,Testing Laboratories and Services,Computer and Mathematical Occupations,90800,46860,56480,82870,122970,156160
Texas,Testing Laboratories and Services,Data Scientists,68340,46860,46860,63820,80770,92120
Utah,Testing Laboratories and Services,All Occupations,80270,39700,46870,63630,94340,140940
Utah,Testing Laboratories and Services,Computer and Mathematical Occupations,91770,52210,63400,82710,110640,140090
Vermont,Testing Laboratories and Services,All Occupations,78160,47150,52760,73860,92330,109140
Virginia,Testing Laboratories and Services,All Occupations,65070,37200,42090,51070,75590,113100
Washington,Testing Laboratories and Services,All Occupations,72760,43960,49170,61850,84850,118990
Washington,Testing Laboratories and Services,Computer and Mathematical Occupations,113900,60440,73160,137240,137240,137240
West Virginia,Testing Laboratories and Services,All Occupations,52080,29360,35430,38990,57960,80980
Wisconsin,Testing Laboratories and Services,All Occupations,69530,39750,47650,59750,79760,108560
Wisconsin,Testing Laboratories and Services,Computer and Mathematical Occupations,92260,48630,66390,90500,117850,144350
Wyoming,Testing Laboratories and Services,All Occupations,58400,38930,41010,47930,67010,86230
Puerto Rico,Testing Laboratories and Services,All Occupations,41980,22430,25450,33830,43470,64800
Virgin Islands,Testing Laboratories and Services,All Occupations,55040,35260,36750,42000,62680,87170
Alabama,Specialized Design Services,All Occupations,57490,24650,34310,47370,66590,100240
Alaska,Specialized Design Services,All Occupations,78630,52880,58810,64630,88930,119110
Arizona,Specialized Design Services,All Occupations,69200,37870,49950,59820,80640,103770
Arizona,Specialized Design Services,Computer and Mathematical Occupations,94540,69980,79160,88990,99600,130520
Arkansas,Specialized Design Services,All Occupations,58050,29780,36470,52250,69990,93550
California,Specialized Design Services,All Occupations,93960,45210,54900,77220,112160,159610
California,Specialized Design Services,Computer and Mathematical Occupations,118800,58820,79760,117960,144390,201970
Colorado,Specialized Design Services,All Occupations,94800,40880,56480,77730,126330,168310
Colorado,Specialized Design Services,Computer and Mathematical Occupations,112580,57870,81120,104000,150530,167010
Connecticut,Specialized Design Services,All Occupations,80870,42960,48800,63430,89630,130820
Delaware,Specialized Design Services,All Occupations,59500,39850,44200,58970,61840,82090
District of Columbia,Specialized Design Services,All Occupations,110510,59020,65160,100040,139480,167130
Florida,Specialized Design Services,All Occupations,73010,33640,45760,61740,81140,123050
Florida,Specialized Design Services,Computer and Mathematical Occupations,90240,46860,51820,78750,122660,155550
Georgia,Specialized Design Services,All Occupations,73650,35940,46510,58970,82420,136390
Georgia,Specialized Design Services,Computer and Mathematical Occupations,120970,60150,69930,136300,164230,172120
Hawaii,Specialized Design Services,All Occupations,68710,45110,48990,58270,74760,107380
Idaho,Specialized Design Services,All Occupations,82930,29780,42240,58850,86210,173960
Illinois,Specialized Design Services,All Occupations,89650,40790,54580,74680,97140,157440
Illinois,Specialized Design Services,Computer and Mathematical Occupations,98290,67740,81130,93790,103110,140510
Indiana,Specialized Design Services,All Occupations,62040,35350,45760,54260,72060,95270
Indiana,Specialized Design Services,Computer and Mathematical Occupations,90300,50560,51940,102220,107240,135070
Iowa,Specialized Design Services,All Occupations,65290,34830,39860,50980,69100,124790
Kansas,Specialized Design Services,All Occupations,76560,39150,49380,62650,93740,117420
Kentucky,Specialized Design Services,All Occupations,58650,28240,37440,49970,71680,101290
Louisiana,Specialized Design Services,All Occupations,56180,24390,35990,53130,68390,97680
Maine,Specialized Design Services,All Occupations,64730,36760,43370,60470,78800,89950
Maryland,Specialized Design Services,All Occupations,76110,39420,44650,60270,97730,133470
Maryland,Specialized Design Services,Computer and Mathematical Occupations,115990,63230,88560,98340,149830,187560
Massachusetts,Specialized Design Services,All Occupations,85370,52230,59240,77480,104370,126420
Massachusetts,Specialized Design Services,Computer and Mathematical Occupations,94250,48460,58240,84650,105880,162400
Michigan,Specialized Design Services,All Occupations,106070,44610,61240,103200,134210,168970
Michigan,Specialized Design Services,Computer and Mathematical Occupations,98560,53850,82670,104460,124800,130100
Minnesota,Specialized Design Services,All Occupations,78800,37130,50630,67530,94720,138060
Minnesota,Specialized Design Services,Computer and Mathematical Occupations,77910,38980,38980,64130,110880,139860
Mississippi,Specialized Design Services,All Occupations,70710,29910,35710,43360,69110,118000
Missouri,Specialized Design Services,All Occupations,76090,37220,48260,63370,100310,124990
Montana,Specialized Design Services,All Occupations,65580,30730,44940,56890,80980,103890
Nebraska,Specialized Design Services,All Occupations,65740,35000,46380,57570,81590,98540
Nevada,Specialized Design Services,All Occupations,80660,37960,46620,63990,99320,155450
New Hampshire,Specialized Design Services,All Occupations,91510,45240,57130,76240,110270,161710
New Hampshire,Specialized Design Services,Computer and Mathematical Occupations,91310,59420,66160,74230,118830,134040
New Jersey,Specialized Design Services,All Occupations,78370,37440,49200,63480,95410,135260
New Jersey,Specialized Design Services,Computer and Mathematical Occupations,90000,64550,75310,78540,118630,123090
New Mexico,Specialized Design Services,All Occupations,56710,31200,35400,50530,68600,94140
New York,Specialized Design Services,All Occupations,92580,37030,56190,76580,109980,157250
New York,Specialized Design Services,Computer and Mathematical Occupations,103230,57370,74850,94100,136960,160370
North Carolina,Specialized Design Services,All Occupations,63580,31200,38720,55180,77000,104540
North Carolina,Specialized Design Services,Computer and Mathematical Occupations,83920,53590,63920,88140,98000,99990
North Dakota,Specialized Design Services,All Occupations,96400,33450,43960,62520,197570,199300
Ohio,Specialized Design Services,All Occupations,81890,38630,50000,71870,100690,132530
Ohio,Specialized Design Services,Computer and Mathematical Occupations,93130,47270,63490,84380,124550,141420
Oklahoma,Specialized Design Services,All Occupations,60090,27530,33280,52800,78520,100660
Oregon,Specialized Design Services,All Occupations,79350,43490,48780,68210,97290,133020
Oregon,Specialized Design Services,Computer and Mathematical Occupations,85230,65260,69100,71850,105910,122320
Pennsylvania,Specialized Design Services,All Occupations,76740,36900,45860,62030,91890,123150
Pennsylvania,Specialized Design Services,Computer and Mathematical Occupations,89960,50500,59680,86260,109100,153910
Rhode Island,Specialized Design Services,All Occupations,100050,52300,59810,98560,113130,135170
South Carolina,Specialized Design Services,All Occupations,74570,31000,41480,58060,87740,145790
South Dakota,Specialized Design Services,All Occupations,70020,36310,46460,63700,79610,89270
Tennessee,Specialized Design Services,All Occupations,69490,36990,46790,64010,84640,103490
Tennessee,Specialized Design Services,Computer and Mathematical Occupations,86080,36450,63400,80290,103600,138800
Texas,Specialized Design Services,All Occupations,70620,34080,45310,61880,78710,106560
Texas,Specialized Design Services,Computer and Mathematical Occupations,100050,44530,76600,96550,119950,132600
Utah,Specialized Design Services,All Occupations,69250,35880,43980,60040,79990,118950
Utah,Specialized Design Services,Computer and Mathematical Occupations,75880,36340,48550,74110,103330,123720
Vermont,Specialized Design Services,All Occupations,90320,49970,63500,87490,117730,136150
Virginia,Specialized Design Services,All Occupations,86990,38080,49990,63900,96970,132210
Virginia,Specialized Design Services,Computer and Mathematical Occupations,70640,57580,61270,61670,72020,101210
Washington,Specialized Design Services,All Occupations,78250,43120,51410,71010,91750,127040
Washington,Specialized Design Services,Computer and Mathematical Occupations,84250,40060,46240,56720,144400,147000
West Virginia,Specialized Design Services,All Occupations,45410,20960,30600,37160,52340,85890
Wisconsin,Specialized Design Services,All Occupations,70650,37470,46570,62450,83360,114860
Wisconsin,Specialized Design Services,Computer and Mathematical Occupations,94440,53620,53620,95900,130170,135940
Wyoming,Specialized Design Services,All Occupations,77960,21250,44440,79580,103650,139830
Puerto Rico,Specialized Design Services,All Occupations,32700,21960,24720,30920,35350,46520
Alabama,Computer Systems Design and Related Services,All Occupations,110300,47990,72980,102590,136810,172190
Alabama,Computer Systems Design and Related Services,Computer and Mathematical Occupations,110620,56220,77210,103860,134480,167630
Alabama,Computer Systems Design and Related Services,Database Administrators,111330,71350,84770,109930,135660,150720
Alabama,Computer Systems Design and Related Services,Database Architects,117070,79400,81430,106560,132480,192720
Alabama,Computer Systems Design and Related Services,Data Scientists,110890,57230,79680,97950,158380,170570
Alaska,Computer Systems Design and Related Services,All Occupations,90450,58500,64790,86560,101720,133130
Alaska,Computer Systems Design and Related Services,Computer and Mathematical Occupations,87450,56840,62980,85860,99000,124350
Arizona,Computer Systems Design and Related Services,All Occupations,115940,48890,72450,106450,145530,197530
Arizona,Computer Systems Design and Related Services,Computer and Mathematical Occupations,119060,63850,83760,126170,136710,171110
Arizona,Computer Systems Design and Related Services,Database Administrators,104680,78460,82320,96760,128980,146650
Arizona,Computer Systems Design and Related Services,Database Architects,150280,134970,156100,156100,156100,156100
Arizona,Computer Systems Design and Related Services,Data Scientists,110830,77350,78770,116180,136710,136710
Arkansas,Computer Systems Design and Related Services,All Occupations,86150,39510,50230,72950,104150,149990
Arkansas,Computer Systems Design and Related Services,Computer and Mathematical Occupations,88630,39510,52230,81330,113210,149990
Arkansas,Computer Systems Design and Related Services,Database Administrators,107190,71190,97360,122220,127850,127850
Arkansas,Computer Systems Design and Related Services,Data Scientists,105700,57270,57270,107140,128690,163780
California,Computer Systems Design and Related Services,All Occupations,156400,62090,97920,148080,204990,266190
California,Computer Systems Design and Related Services,Computer and Mathematical Occupations,151910,67410,101130,144350,193020,221790
California,Computer Systems Design and Related Services,Computer and Information Research Scientists,171970,100690,121530,171440,209670,265540
California,Computer Systems Design and Related Services,Database Administrators,137620,61350,78420,123990,156860,199320
California,Computer Systems Design and Related Services,Database Architects,211160,128890,136970,171080,214630,258610
California,Computer Systems Design and Related Services,Statisticians,193700,167220,169330,202920,203520,207920
California,Computer Systems Design and Related Services,Data Scientists,157620,93040,124140,156800,181910,218700
Colorado,Computer Systems Design and Related Services,All Occupations,132230,60260,84810,127200,165320,209280
Colorado,Computer Systems Design and Related Services,Computer and Mathematical Occupations,133460,63660,90040,130980,163650,204750
Colorado,Computer Systems Design and Related Services,Computer and Information Research Scientists,170170,113870,132770,145840,206270,264020
Colorado,Computer Systems Design and Related Services,Database Administrators,119760,61930,80830,122450,162350,164920
Colorado,Computer Systems Design and Related Services,Database Architects,126580,88000,88000,122800,151820,183470
Colorado,Computer Systems Design and Related Services,Statisticians,114360,62380,88560,136940,136940,136940
Colorado,Computer Systems Design and Related Services,Data Scientists,149990,84180,116050,139200,175040,233040
Connecticut,Computer Systems Design and Related Services,All Occupations,115840,46050,64730,101680,142050,207160
Connecticut,Computer Systems Design and Related Services,Computer and Mathematical Occupations,109780,56990,74380,101140,137400,165880
Connecticut,Computer Systems Design and Related Services,Database Architects,162120,119310,136030,160270,160860,217410
Connecticut,Computer Systems Design and Related Services,Data Scientists,132640,99490,106180,117660,157060,196680
Delaware,Computer Systems Design and Related Services,All Occupations,112020,48420,68890,116520,141450,165840
Delaware,Computer Systems Design and Related Services,Computer and Mathematical Occupations,111450,56470,77080,113600,135900,166300
Delaware,Computer Systems Design and Related Services,Database Administrators,88100,62990,68040,78750,97910,124130
District of Columbia,Computer Systems Design and Related Services,All Occupations,142800,77990,100870,132760,172870,212220
District of Columbia,Computer Systems Design and Related Services,Computer and Mathematical Occupations,148220,87920,107820,150180,172400,207700
District of Columbia,Computer Systems Design and Related Services,Database Administrators,147350,131360,131370,145980,156830,172120
District of Columbia,Computer Systems Design and Related Services,Database Architects,160980,108690,127760,161750,170730,247780
District of Columbia,Computer Systems Design and Related Services,Data Scientists,163190,99900,136630,167420,186210,216840
Florida,Computer Systems Design and Related Services,All Occupations,116680,48870,70900,102310,140900,201250
Florida,Computer Systems Design and Related Services,Computer and Mathematical Occupations,111500,49260,74740,102200,133720,171210
Florida,Computer Systems Design and Related Services,Computer and Information Research Scientists,151940,68000,109300,169980,186190,200440
Florida,Computer Systems Design and Related Services,Database Administrators,138940,91610,119920,134930,162550,186980
Florida,Computer Systems Design and Related Services,Database Architects,142160,84660,97490,134260,196550,206410
Florida,Computer Systems Design and Related Services,Data Scientists,130630,80540,108610,130620,154890,174470
Georgia,Computer Systems Design and Related Services,All Occupations,115690,46300,68200,101790,142820,192520
Georgia,Computer Systems Design and Related Services,Computer and Mathematical Occupations,110540,52780,76140,103930,133010,170360
Georgia,Computer Systems Design and Related Services,Database Administrators,118980,73980,89590,122420,142980,158230
Georgia,Computer Systems Design and Related Services,Database Architects,138700,100070,138430,139500,139500,175350
Georgia,Computer Systems Design and Related Services,Data Scientists,124220,82300,97200,120420,149160,177820
Hawaii,Computer Systems Design and Related Services,All Occupations,105980,52060,68310,101100,128900,165510
Hawaii,Computer Systems Design and Related Services,Computer and Mathematical Occupations,104440,52060,68260,99470,129050,162750
Hawaii,Computer Systems Design and Related Services,Data Scientists,168330,121160,168870,170430,174460,196500
Idaho,Computer Systems Design and Related Services,All Occupations,105970,42400,58690,89020,140780,169820
Idaho,Computer Systems Design and Related Services,Computer and Mathematical Occupations,118640,52470,71620,96850,153100,175640
Idaho,Computer Systems Design and Related Services,Database Architects,140960,115130,116150,150930,153100,155410
Idaho,Computer Systems Design and Related Services,Data Scientists,109520,79790,85110,94990,134890,137970
Illinois,Computer Systems Design and Related Services,All Occupations,116900,48360,71870,102070,158630,202990
Illinois,Computer Systems Design and Related Services,Computer and Mathematical Occupations,108210,50580,71990,100590,131630,171170
Illinois,Computer Systems Design and Related Services,Computer and Information Research Scientists,232980,170390,187320,239910,243360,243360
Illinois,Computer Systems Design and Related Services,Database Administrators,125100,96780,102680,129790,135780,167980
Illinois,Computer Systems Design and Related Services,Database Architects,146140,105880,129360,165800,167870,167890
Illinois,Computer Systems Design and Related Services,Data Scientists,126170,99330,99330,107360,146050,169220
Illinois,Computer Systems Design and Related Services,"Mathematical Science Occupations, All Other",89030,50180,50370,86270,97220,141690
Indiana,Computer Systems Design and Related Services,All Occupations,100930,46510,62270,90180,130720,165480
Indiana,Computer Systems Design and Related Services,Computer and Mathematical Occupations,95490,46350,62490,84020,128540,152160
Indiana,Computer Systems Design and Related Services,Database Administrators,123780,49060,108200,127090,149310,166070
Indiana,Computer Systems Design and Related Services,Database Architects,142910,124440,131480,139190,171500,171810
Indiana,Computer Systems Design and Related Services,Data Scientists,104690,52850,68830,102680,136820,155760
Iowa,Computer Systems Design and Related Services,All Occupations,99010,47340,62160,83650,132180,156710
Iowa,Computer Systems Design and Related Services,Computer and Mathematical Occupations,99190,49660,64070,87350,129060,161530
Iowa,Computer Systems Design and Related Services,Data Scientists,111950,72510,75660,129220,133710,167210
Kansas,Computer Systems Design and Related Services,All Occupations,107810,48860,65450,95800,134280,181340
Kansas,Computer Systems Design and Related Services,Computer and Mathematical Occupations,98700,55020,64970,94990,128900,160910
Kansas,Computer Systems Design and Related Services,Database Administrators,150500,53620,123510,146950,193030,193040
Kansas,Computer Systems Design and Related Services,Database Architects,138910,105420,127440,136180,162390,170560
Kentucky,Computer Systems Design and Related Services,All Occupations,89710,37010,47780,76510,123990,168610
Kentucky,Computer Systems Design and Related Services,Computer and Mathematical Occupations,97030,43660,62180,85940,129470,168460
Kentucky,Computer Systems Design and Related Services,Database Administrators,102130,62960,89580,99480,123160,127590
Kentucky,Computer Systems Design and Related Services,Database Architects,121730,66310,91050,125400,147310,172970
Kentucky,Computer Systems Design and Related Services,Data Scientists,80740,41640,45800,79400,98360,128870
Louisiana,Computer Systems Design and Related Services,All Occupations,84490,36310,46930,72230,106040,143090
Louisiana,Computer Systems Design and Related Services,Computer and Mathematical Occupations,81260,37690,50360,75850,101900,129100
Louisiana,Computer Systems Design and Related Services,Database Administrators,118990,77740,98040,119550,140710,149730
Louisiana,Computer Systems Design and Related Services,Data Scientists,93890,63530,68170,88960,119180,127490
Maine,Computer Systems Design and Related Services,All Occupations,106270,61170,77180,100530,125620,166340
Maine,Computer Systems Design and Related Services,Computer and Mathematical Occupations,100280,60610,74290,91340,121820,157300
Maine,Computer Systems Design and Related Services,Data Scientists,92410,51490,83180,90880,94400,131920
Maryland,Computer Systems Design and Related Services,All Occupations,135990,55590,85070,130900,172490,220700
Maryland,Computer Systems Design and Related Services,Computer and Mathematical Occupations,142340,63720,99370,134870,173830,221520
Maryland,Computer Systems Design and Related Services,Computer and Information Research Scientists,157900,105530,142660,142660,161080,225570
Maryland,Computer Systems Design and Related Services,Database Administrators,143080,101490,122250,141790,167070,181710
Maryland,Computer Systems Design and Related Services,Database Architects,173260,122540,133890,177940,199740,217730
Maryland,Computer Systems Design and Related Services,Statisticians,105180,73400,73400,130960,130960,130960
Maryland,Computer Systems Design and Related Services,Data Scientists,171200,102430,139200,156640,217990,234920
Massachusetts,Computer Systems Design and Related Services,All Occupations,149720,68050,97230,134560,181310,226500
Massachusetts,Computer Systems Design and Related Services,Computer and Mathematical Occupations,140400,75070,100580,132520,169640,210450
Massachusetts,Computer Systems Design and Related Services,Computer and Information Research Scientists,185760,118960,143180,207820,208720,218060
Massachusetts,Computer Systems Design and Related Services,Database Administrators,174520,102040,133700,162470,211280,254760
Massachusetts,Computer Systems Design and Related Services,Database Architects,160790,129790,131400,161500,167290,191180
Massachusetts,Computer Systems Design and Related Services,Data Scientists,139180,95020,106730,131180,172920,176550
Michigan,Computer Systems Design and Related Services,All Occupations,101660,39520,59840,93280,131370,168130
Michigan,Computer Systems Design and Related Services,Computer and Mathematical Occupations,99220,44990,60880,96860,130680,162330
Michigan,Computer Systems Design and Related Services,Computer and Information Research Scientists,151430,106890,128160,149170,161440,206380
Michigan,Computer Systems Design and Related Services,Database Administrators,126250,94310,115860,125790,140690,160290
Michigan,Computer Systems Design and Related Services,Database Architects,131270,99430,129240,135830,146740,165390
Michigan,Computer Systems Design and Related Services,Data Scientists,116960,77500,83720,113340,133450,182050
Minnesota,Computer Systems Design and Related Services,All Occupations,111210,53410,71230,100870,135390,170110
Minnesota,Computer Systems Design and Related Services,Computer and Mathematical Occupations,105360,59900,75150,100480,130760,165730
Minnesota,Computer Systems Design and Related Services,Database Administrators,107950,70720,70720,113620,129320,154180
Minnesota,Computer Systems Design and Related Services,Database Architects,139180,108120,131580,134010,154660,155550
Minnesota,Computer Systems Design and Related Services,Data Scientists,130450,92480,111870,128810,159130,159270
Mississippi,Computer Systems Design and Related Services,All Occupations,77700,36980,47420,67960,97680,132580
Mississippi,Computer Systems Design and Related Services,Computer and Mathematical Occupations,80790,38440,49840,78530,98100,132600
Mississippi,Computer Systems Design and Related Services,Data Scientists,64560,41370,44140,46910,58120,101070
Missouri,Computer Systems Design and Related Services,All Occupations,98580,44670,60460,83070,128490,166870
Missouri,Computer Systems Design and Related Services,Computer and Mathematical Occupations,101380,51190,63900,95880,129730,164680
Missouri,Computer Systems Design and Related Services,Computer and Information Research Scientists,145310,74990,87460,92560,163650,311210
Missouri,Computer Systems Design and Related Services,Database Administrators,127780,81450,106590,132040,151570,156730
Missouri,Computer Systems Design and Related Services,Database Architects,114160,76280,95900,113940,131050,161600
Missouri,Computer Systems Design and Related Services,Data Scientists,96330,63390,63990,92500,129700,136950
Montana,Computer Systems Design and Related Services,All Occupations,105030,52720,62060,87610,133180,207160
Montana,Computer Systems Design and Related Services,Computer and Mathematical Occupations,93380,56710,62060,74790,109990,161750
Montana,Computer Systems Design and Related Services,Database Architects,113460,109990,109990,109990,109990,111380
Nebraska,Computer Systems Design and Related Services,All Occupations,90740,44490,58510,78660,118700,156230
Nebraska,Computer Systems Design and Related Services,Computer and Mathematical Occupations,94140,50790,64980,84000,124700,150380
Nebraska,Computer Systems Design and Related Services,Database Administrators,136260,82210,89420,101990,207680,212500
Nebraska,Computer Systems Design and Related Services,Database Architects,154450,97310,111180,158820,201310,220130
Nebraska,Computer Systems Design and Related Services,Data Scientists,108130,76850,85190,106670,125530,159130
Nevada,Computer Systems Design and Related Services,All Occupations,99220,44770,51870,86330,126350,161600
Nevada,Computer Systems Design and Related Services,Computer and Mathematical Occupations,91260,45550,51870,86070,111670,150020
Nevada,Computer Systems Design and Related Services,Database Administrators,135290,110740,110750,113730,161750,161830
Nevada,Computer Systems Design and Related Services,Database Architects,133130,110730,110790,136920,136990,165110
Nevada,Computer Systems Design and Related Services,Data Scientists,99520,91300,91300,92790,104990,106120
New Hampshire,Computer Systems Design and Related Services,All Occupations,126440,54460,80150,124430,161670,199800
New Hampshire,Computer Systems Design and Related Services,Computer and Mathematical Occupations,113200,51300,76470,104070,161670,164620
New Hampshire,Computer Systems Design and Related Services,Database Architects,145930,102470,136820,139990,168110,168110
New Hampshire,Computer Systems Design and Related Services,Data Scientists,106970,80990,95970,97740,126200,153540
New Jersey,Computer Systems Design and Related Services,All Occupations,125520,49730,78150,119160,164150,210300
New Jersey,Computer Systems Design and Related Services,Computer and Mathematical Occupations,117210,59040,80120,109220,146430,177740
New Jersey,Computer Systems Design and Related Services,Computer and Information Research Scientists,124420,85780,101550,125320,148770,160430
New Jersey,Computer Systems Design and Related Services,Database Administrators,139100,100820,102100,130170,167300,178340
New Jersey,Computer Systems Design and Related Services,Database Architects,147950,85590,103100,158290,178940,203540
New Jersey,Computer Systems Design and Related Services,Data Scientists,131850,82560,101310,135950,162820,171590
New Mexico,Computer Systems Design and Related Services,All Occupations,93360,37920,54650,82210,120120,153390
New Mexico,Computer Systems Design and Related Services,Computer and Mathematical Occupations,96120,43120,57400,85670,124400,164630
New Mexico,Computer Systems Design and Related Services,Database Administrators,120200,73200,101770,134180,139250,139250
New Mexico,Computer Systems Design and Related Services,Data Scientists,102880,77020,90160,96700,123590,127240
New York,Computer Systems Design and Related Services,All Occupations,136880,56640,82100,124780,173000,224590
New York,Computer Systems Design and Related Services,Computer and Mathematical Occupations,135210,59800,91500,127850,170270,216500
New York,Computer Systems Design and Related Services,Computer and Information Research Scientists,227480,69990,155210,209420,314130,380160
New York,Computer Systems Design and Related Services,Database Administrators,146730,60090,117540,136940,179220,214360
New York,Computer Systems Design and Related Services,Database Architects,135030,86470,102280,124770,174790,211380
New York,Computer Systems Design and Related Services,Data Scientists,145880,60070,105030,142640,177690,213280
North Carolina,Computer Systems Design and Related Services,All Occupations,117720,51010,74250,106560,153950,183510
North Carolina,Computer Systems Design and Related Services,Computer and Mathematical Occupations,113790,54490,74730,108380,142470,170870
North Carolina,Computer Systems Design and Related Services,Computer and Information Research Scientists,153160,96050,96050,131060,195740,306730
North Carolina,Computer Systems Design and Related Services,Database Administrators,138880,100190,128690,137220,157060,167500
North Carolina,Computer Systems Design and Related Services,Database Architects,137820,85050,107820,134630,157620,178380
North Carolina,Computer Systems Design and Related Services,Data Scientists,139870,82740,102710,134490,166150,204240
North Carolina,Computer Systems Design and Related Services,"Mathematical Science Occupations, All Other",103630,79290,86670,99880,109170,135650
North Dakota,Computer Systems Design and Related Services,All Occupations,92620,49190,64480,89630,107600,133800
North Dakota,Computer Systems Design and Related Services,Computer and Mathematical Occupations,88510,48830,63990,79700,108110,129490
Ohio,Computer Systems Design and Related Services,All Occupations,105670,48800,63620,98380,133510,170900
Ohio,Computer Systems Design and Related Services,Computer and Mathematical Occupations,102290,49990,69840,99440,131000,160580
Ohio,Computer Systems Design and Related Services,Database Administrators,114840,77650,80520,110360,127110,176740
Ohio,Computer Systems Design and Related Services,Database Architects,136860,101350,106500,131870,156370,168510
Ohio,Computer Systems Design and Related Services,Data Scientists,123420,65040,89000,128150,143450,180700
Oklahoma,Computer Systems Design and Related Services,All Occupations,94430,40660,56530,80830,120600,160740
Oklahoma,Computer Systems Design and Related Services,Computer and Mathematical Occupations,95520,44250,58400,86530,123890,159250
Oklahoma,Computer Systems Design and Related Services,Database Administrators,116390,63920,125900,126990,126990,134040
Oklahoma,Computer Systems Design and Related Services,Database Architects,109080,107280,110110,110110,110110,110110
Oklahoma,Computer Systems Design and Related Services,Data Scientists,91580,48870,73600,99780,119990,120830
Oregon,Computer Systems Design and Related Services,All Occupations,129340,62180,80760,122040,165720,208760
Oregon,Computer Systems Design and Related Services,Computer and Mathematical Occupations,120470,62680,81050,117400,158360,175700
Oregon,Computer Systems Design and Related Services,Computer and Information Research Scientists,178040,96220,129450,187950,223090,249670
Oregon,Computer Systems Design and Related Services,Database Administrators,119200,73480,74240,116700,164030,168270
Oregon,Computer Systems Design and Related Services,Database Architects,128300,102040,106490,123930,156570,161910
Oregon,Computer Systems Design and Related Services,Data Scientists,149430,101260,107990,137540,145700,233340
Pennsylvania,Computer Systems Design and Related Services,All Occupations,108280,41510,63250,100070,142490,175810
Pennsylvania,Computer Systems Design and Related Services,Computer and Mathematical Occupations,106750,47340,69430,100240,131940,170780
Pennsylvania,Computer Systems Design and Related Services,Database Administrators,110930,85350,94230,105130,116280,138060
Pennsylvania,Computer Systems Design and Related Services,Database Architects,165230,107460,132640,169030,197070,207020
Pennsylvania,Computer Systems Design and Related Services,Statisticians,151520,114970,127450,159400,167460,174550
Pennsylvania,Computer Systems Design and Related Services,Data Scientists,118120,74950,89810,109910,144430,163800
Rhode Island,Computer Systems Design and Related Services,All Occupations,129790,66740,84950,114490,153980,257980
Rhode Island,Computer Systems Design and Related Services,Computer and Mathematical Occupations,115340,74990,86060,110510,135380,161960
Rhode Island,Computer Systems Design and Related Services,Database Administrators,127820,112280,115850,127120,129190,158910
Rhode Island,Computer Systems Design and Related Services,Data Scientists,102930,80840,95830,96360,118510,124010
South Carolina,Computer Systems Design and Related Services,All Occupations,106640,40170,62050,95090,136900,191310
South Carolina,Computer Systems Design and Related Services,Computer and Mathematical Occupations,111250,46320,70440,101090,140500,212090
South Carolina,Computer Systems Design and Related Services,Database Administrators,123890,90930,110790,120560,133170,160200
South Carolina,Computer Systems Design and Related Services,Database Architects,124850,85030,101960,116450,128800,170660
South Carolina,Computer Systems Design and Related Services,Data Scientists,92490,80640,80640,80640,98700,120190
South Dakota,Computer Systems Design and Related Services,All Occupations,98140,44050,57180,79070,132550,192750
South Dakota,Computer Systems Design and Related Services,Computer and Mathematical Occupations,97560,47060,59010,79720,121190,199420
Tennessee,Computer Systems Design and Related Services,All Occupations,105010,47840,59990,84570,129040,169480
Tennessee,Computer Systems Design and Related Services,Computer and Mathematical Occupations,99100,49220,62040,86900,124130,161410
Tennessee,Computer Systems Design and Related Services,Database Administrators,135970,119640,124130,124130,163590,163600
Tennessee,Computer Systems Design and Related Services,Database Architects,129760,73430,84410,138340,162010,200600
Tennessee,Computer Systems Design and Related Services,Data Scientists,112870,62680,90860,125420,139200,141880
Texas,Computer Systems Design and Related Services,All Occupations,116820,47150,68640,103200,153160,201770
Texas,Computer Systems Design and Related Services,Computer and Mathematical Occupations,114860,57660,78630,104000,138610,168730
Texas,Computer Systems Design and Related Services,Computer and Information Research Scientists,148140,93350,114990,128070,177700,215500
Texas,Computer Systems Design and Related Services,Database Administrators,120940,56620,99550,127330,151380,168710
Texas,Computer Systems Design and Related Services,Database Architects,148670,95390,125930,165330,165470,212280
Texas,Computer Systems Design and Related Services,Data Scientists,134440,85780,103550,134410,156360,183620
Utah,Computer Systems Design and Related Services,All Occupations,109850,48390,65440,101130,135750,178390
Utah,Computer Systems Design and Related Services,Computer and Mathematical Occupations,110140,54830,79090,105260,132360,165440
Utah,Computer Systems Design and Related Services,Computer and Information Research Scientists,198580,187920,187920,187920,187920,249990
Utah,Computer Systems Design and Related Services,Database Administrators,131640,110800,135750,135750,135750,135750
Utah,Computer Systems Design and Related Services,Database Architects,143810,101290,110790,132850,180500,209420
Utah,Computer Systems Design and Related Services,Data Scientists,113760,61430,85680,110810,129320,165170
Vermont,Computer Systems Design and Related Services,All Occupations,126610,59740,79840,110120,164710,249990
Vermont,Computer Systems Design and Related Services,Computer and Mathematical Occupations,116320,61100,82480,110120,155860,181020
Virginia,Computer Systems Design and Related Services,All Occupations,134880,62950,88610,129320,169970,211790
Virginia,Computer Systems Design and Related Services,Computer and Mathematical Occupations,135030,73890,99680,130700,167660,207160
Virginia,Computer Systems Design and Related Services,Computer and Information Research Scientists,187260,106360,150140,199880,214200,265580
Virginia,Computer Systems Design and Related Services,Database Administrators,106430,88610,88610,88610,104000,156150
Virginia,Computer Systems Design and Related Services,Database Architects,153370,105570,114690,162820,187700,198390
Virginia,Computer Systems Design and Related Services,Statisticians,159700,109910,129480,175480,178400,178410
Virginia,Computer Systems Design and Related Services,Data Scientists,151240,91050,106160,143520,176800,213910
Washington,Computer Systems Design and Related Services,All Occupations,143730,64900,85490,132680,177280,221280
Washington,Computer Systems Design and Related Services,Computer and Mathematical Occupations,139710,68590,92590,134560,171390,215500
Washington,Computer Systems Design and Related Services,Computer and Information Research Scientists,229750,134440,213470,255550,259940,290430
Washington,Computer Systems Design and Related Services,Database Administrators,136690,100860,106930,137420,164400,166830
Washington,Computer Systems Design and Related Services,Database Architects,165280,110250,138920,165270,195010,209290
Washington,Computer Systems Design and Related Services,Statisticians,118460,62740,82650,104430,157210,185320
Washington,Computer Systems Design and Related Services,Data Scientists,163660,101450,134790,163350,183920,216930
Washington,Computer Systems Design and Related Services,"Mathematical Science Occupations, All Other",63240,50350,50350,63770,65810,81770
West Virginia,Computer Systems Design and Related Services,All Occupations,101130,46550,59520,90620,129920,167530
West Virginia,Computer Systems Design and Related Services,Computer and Mathematical Occupations,101660,46810,58600,97580,129620,161110
West Virginia,Computer Systems Design and Related Services,Database Administrators,88690,52010,58570,82640,103570,129040
West Virginia,Computer Systems Design and Related Services,Database Architects,144770,83030,104570,132260,170380,199190
Wisconsin,Computer Systems Design and Related Services,All Occupations,105260,47840,65300,98150,133890,168190
Wisconsin,Computer Systems Design and Related Services,Computer and Mathematical Occupations,104980,50990,67150,99500,137020,152860
Wisconsin,Computer Systems Design and Related Services,Database Administrators,114190,88990,90600,126870,133270,142670
Wisconsin,Computer Systems Design and Related Services,Database Architects,124500,66570,96050,133420,152350,155280
Wisconsin,Computer Systems Design and Related Services,Data Scientists,112010,74100,87840,111320,129220,162520
Wyoming,Computer Systems Design and Related Services,All Occupations,101450,45700,67020,102280,114670,156620
Wyoming,Computer Systems Design and Related Services,Computer and Mathematical Occupations,99300,60610,70580,103990,111660,155810
Puerto Rico,Computer Systems Design and Related Services,All Occupations,57120,25310,28710,42940,66940,110670
Puerto Rico,Computer Systems Design and Related Services,Computer and Mathematical Occupations,51480,28710,35880,46900,61660,80130
Virgin Islands,Computer Systems Design and Related Services,All Occupations,66340,37370,49730,49990,71870,90240
Alabama,"Management, Scientific, and Technical Consulting Services",All Occupations,84470,37760,45910,65290,103570,157460
Alabama,"Management, Scientific, and Technical Consulting Services",Computer and Mathematical Occupations,108110,54290,78520,99050,124290,165200
Alabama,"Management, Scientific, and Technical Consulting Services",Database Administrators,81580,62870,81710,81710,81710,89960
Alabama,"Management, Scientific, and Technical Consulting Services",Data Scientists,96040,64210,68190,96800,113420,132910
Alaska,"Management, Scientific, and Technical Consulting Services",All Occupations,96390,47840,62200,80000,124500,164480
Alaska,"Management, Scientific, and Technical Consulting Services",Computer and Mathematical Occupations,97500,37450,60330,100680,140350,152690
Arizona,"Management, Scientific, and Technical Consulting Services",All Occupations,100160,38150,47770,73130,122680,171720
Arizona,"Management, Scientific, and Technical Consulting Services",Computer and Mathematical Occupations,124690,68270,80210,136510,171720,171720
Arizona,"Management, Scientific, and Technical Consulting Services",Data Scientists,85270,63830,71900,76840,86070,130470
Arkansas,"Management, Scientific, and Technical Consulting Services",All Occupations,73290,32170,43350,57620,82910,137670
Arkansas,"Management, Scientific, and Technical Consulting Services",Computer and Mathematical Occupations,84090,42790,49330,84570,111340,121750
California,"Management, Scientific, and Technical Consulting Services",All Occupations,114620,44360,60110,90330,139640,211990
California,"Management, Scientific, and Technical Consulting Services",Computer and Mathematical Occupations,141280,64110,87670,128710,167850,230890
California,"Management, Scientific, and Technical Consulting Services",Computer and Information Research Scientists,115840,72400,97100,110220,140300,159230
California,"Management, Scientific, and Technical Consulting Services",Database Administrators,108060,56820,81820,99420,136690,153680
California,"Management, Scientific, and Technical Consulting Services",Database Architects,155930,100260,127300,161670,185380,208700
California,"Management, Scientific, and Technical Consulting Services",Statisticians,124950,97950,97950,125780,141830,164660
California,"Management, Scientific, and Technical Consulting Services",Data Scientists,130010,62110,74230,110520,168960,228390
Colorado,"Management, Scientific, and Technical Consulting Services",All Occupations,112100,46630,62560,96860,139240,204240
Colorado,"Management, Scientific, and Technical Consulting Services",Computer and Mathematical Occupations,126930,65630,95160,124130,162310,188690
Colorado,"Management, Scientific, and Technical Consulting Services",Database Architects,161110,85850,142230,175080,175150,200060
Colorado,"Management, Scientific, and Technical Consulting Services",Statisticians,113250,80060,85830,106350,128970,160220
Colorado,"Management, Scientific, and Technical Consulting Services",Data Scientists,126520,86280,112520,112520,133610,171670
Connecticut,"Management, Scientific, and Technical Consulting Services",All Occupations,122060,46010,62400,98820,161710,217490
Connecticut,"Management, Scientific, and Technical Consulting Services",Computer and Mathematical Occupations,128890,70840,94230,125860,170830,184340
Connecticut,"Management, Scientific, and Technical Consulting Services",Data Scientists,142330,85560,97590,133910,169420,218000
Delaware,"Management, Scientific, and Technical Consulting Services",All Occupations,112630,41980,53380,77500,122680,214040
Delaware,"Management, Scientific, and Technical Consulting Services",Computer and Mathematical Occupations,115720,72600,84880,114560,134070,165610
District of Columbia,"Management, Scientific, and Technical Consulting Services",All Occupations,144660,64240,85150,124110,175340,259370
District of Columbia,"Management, Scientific, and Technical Consulting Services",Computer and Mathematical Occupations,119950,75900,85140,108350,144690,177560
District of Columbia,"Management, Scientific, and Technical Consulting Services",Database Architects,200130,83150,173000,224620,225110,288330
District of Columbia,"Management, Scientific, and Technical Consulting Services",Data Scientists,125540,83760,95330,104330,142760,213450
Florida,"Management, Scientific, and Technical Consulting Services",All Occupations,90010,37000,46110,65950,107220,167850
Florida,"Management, Scientific, and Technical Consulting Services",Computer and Mathematical Occupations,107570,53480,70670,99220,133880,171350
Florida,"Management, Scientific, and Technical Consulting Services",Computer and Information Research Scientists,103600,94270,94270,94270,94270,148610
Florida,"Management, Scientific, and Technical Consulting Services",Database Administrators,94960,65210,74900,77560,107830,124970
Florida,"Management, Scientific, and Technical Consulting Services",Database Architects,123870,78110,99870,106870,162070,173410
Florida,"Management, Scientific, and Technical Consulting Services",Data Scientists,111660,67180,79510,93900,123360,211390
Georgia,"Management, Scientific, and Technical Consulting Services",All Occupations,103320,38570,56470,81800,131130,184540
Georgia,"Management, Scientific, and Technical Consulting Services",Computer and Mathematical Occupations,124050,64720,91110,124130,155650,179860
Georgia,"Management, Scientific, and Technical Consulting Services",Database Architects,139790,103700,119260,130250,163870,179860
Georgia,"Management, Scientific, and Technical Consulting Services",Data Scientists,130520,81400,95490,131210,168040,172450
Hawaii,"Management, Scientific, and Technical Consulting Services",All Occupations,107720,46800,65660,96990,138830,162210
Hawaii,"Management, Scientific, and Technical Consulting Services",Computer and Mathematical Occupations,142910,105990,130760,130980,161700,206660
Idaho,"Management, Scientific, and Technical Consulting Services",All Occupations,83230,31840,45270,61270,103640,156020
Idaho,"Management, Scientific, and Technical Consulting Services",Computer and Mathematical Occupations,127310,57650,67230,84170,134260,284470
Idaho,"Management, Scientific, and Technical Consulting Services",Data Scientists,83210,52980,64920,84170,85410,128700
Illinois,"Management, Scientific, and Technical Consulting Services",All Occupations,116220,41620,62190,99650,153340,209830
Illinois,"Management, Scientific, and Technical Consulting Services",Computer and Mathematical Occupations,123660,63990,84150,122890,162300,183240
Illinois,"Management, Scientific, and Technical Consulting Services",Database Architects,127390,103900,109500,126010,136540,149450
Illinois,"Management, Scientific, and Technical Consulting Services",Data Scientists,134670,81410,89240,121770,162510,225490
Illinois,"Management, Scientific, and Technical Consulting Services","Mathematical Science Occupations, All Other",92640,55430,79010,99650,99710,123660
Indiana,"Management, Scientific, and Technical Consulting Services",All Occupations,77930,37000,46670,61800,95000,138460
Indiana,"Management, Scientific, and Technical Consulting Services",Computer and Mathematical Occupations,95760,57890,73110,91690,112000,144480
Indiana,"Management, Scientific, and Technical Consulting Services",Database Architects,155180,96180,134430,150610,161910,232000
Indiana,"Management, Scientific, and Technical Consulting Services",Data Scientists,98030,64570,79930,91430,122210,133400
Iowa,"Management, Scientific, and Technical Consulting Services",All Occupations,84510,40460,54630,76800,102920,139830
Iowa,"Management, Scientific, and Technical Consulting Services",Computer and Mathematical Occupations,98050,56150,67680,98840,123740,140960
Iowa,"Management, Scientific, and Technical Consulting Services",Data Scientists,105540,63300,97200,103900,121500,148870
Kansas,"Management, Scientific, and Technical Consulting Services",All Occupations,82240,37300,45190,64530,101570,149770
Kansas,"Management, Scientific, and Technical Consulting Services",Computer and Mathematical Occupations,99040,57350,74440,99430,123940,140000
Kentucky,"Management, Scientific, and Technical Consulting Services",All Occupations,74850,34630,44450,60380,90250,132250
Kentucky,"Management, Scientific, and Technical Consulting Services",Computer and Mathematical Occupations,86640,48680,64480,77870,100210,139620
Kentucky,"Management, Scientific, and Technical Consulting Services",Data Scientists,95250,69290,78510,89700,94370,149690
Louisiana,"Management, Scientific, and Technical Consulting Services",All Occupations,82740,36710,48100,66880,99990,147840
Louisiana,"Management, Scientific, and Technical Consulting Services",Computer and Mathematical Occupations,80160,47680,57870,78790,89350,114200
Maine,"Management, Scientific, and Technical Consulting Services",All Occupations,114620,48850,63870,109060,156740,178670
Maine,"Management, Scientific, and Technical Consulting Services",Computer and Mathematical Occupations,86270,57900,65980,82260,100920,116500
Maine,"Management, Scientific, and Technical Consulting Services",Data Scientists,79910,65980,80390,80400,85500,85500
Maryland,"Management, Scientific, and Technical Consulting Services",All Occupations,107590,47140,62670,95680,134680,177870
Maryland,"Management, Scientific, and Technical Consulting Services",Computer and Mathematical Occupations,120390,62680,80990,117680,157370,178310
Maryland,"Management, Scientific, and Technical Consulting Services",Database Administrators,116670,82700,94120,126980,134320,147790
Maryland,"Management, Scientific, and Technical Consulting Services",Database Architects,121810,105970,105970,112930,129560,134040
Maryland,"Management, Scientific, and Technical Consulting Services",Data Scientists,119360,65160,88230,108080,160050,170640
Massachusetts,"Management, Scientific, and Technical Consulting Services",All Occupations,137000,59330,80330,120890,168800,219300
Massachusetts,"Management, Scientific, and Technical Consulting Services",Computer and Mathematical Occupations,116780,60680,74710,104420,147460,178300
Massachusetts,"Management, Scientific, and Technical Consulting Services",Database Administrators,131480,76430,94480,140190,161080,166040
Massachusetts,"Management, Scientific, and Technical Consulting Services",Database Architects,143070,129400,131120,131120,156930,184050
Massachusetts,"Management, Scientific, and Technical Consulting Services",Statisticians,106660,91500,96710,96710,99990,154480
Massachusetts,"Management, Scientific, and Technical Consulting Services",Data Scientists,168410,101940,124190,165690,206220,220450
Michigan,"Management, Scientific, and Technical Consulting Services",All Occupations,87590,39020,49450,69810,105020,157880
Michigan,"Management, Scientific, and Technical Consulting Services",Computer and Mathematical Occupations,102600,54390,66280,97660,125730,163720
Michigan,"Management, Scientific, and Technical Consulting Services",Database Architects,118190,57840,87300,121040,169450,176740
Michigan,"Management, Scientific, and Technical Consulting Services",Statisticians,108540,80790,90980,102710,124220,135320
Michigan,"Management, Scientific, and Technical Consulting Services",Data Scientists,92080,61710,65980,81460,102610,128400
Minnesota,"Management, Scientific, and Technical Consulting Services",All Occupations,107680,49020,61730,85270,134340,181910
Minnesota,"Management, Scientific, and Technical Consulting Services",Computer and Mathematical Occupations,121800,66330,82780,106950,141440,178720
Minnesota,"Management, Scientific, and Technical Consulting Services",Data Scientists,148150,92040,121660,136570,177630,221410
Mississippi,"Management, Scientific, and Technical Consulting Services",All Occupations,65940,31450,38480,51090,76410,121100
Mississippi,"Management, Scientific, and Technical Consulting Services",Computer and Mathematical Occupations,69340,41370,49300,57280,82140,96840
Missouri,"Management, Scientific, and Technical Consulting Services",All Occupations,86550,37060,47150,70030,106910,153300
Missouri,"Management, Scientific, and Technical Consulting Services",Computer and Mathematical Occupations,97760,50060,64450,85230,129370,167290
Missouri,"Management, Scientific, and Technical Consulting Services",Database Architects,126540,82110,110800,133610,141560,151450
Missouri,"Management, Scientific, and Technical Consulting Services",Data Scientists,87900,52270,60270,77150,101180,130580
Montana,"Management, Scientific, and Technical Consulting Services",All Occupations,84080,39210,49910,72800,101200,145660
Montana,"Management, Scientific, and Technical Consulting Services",Computer and Mathematical Occupations,102460,59820,65010,102770,132270,173350
Nebraska,"Management, Scientific, and Technical Consulting Services",All Occupations,85740,39120,49780,70470,100270,148790
Nebraska,"Management, Scientific, and Technical Consulting Services",Computer and Mathematical Occupations,106090,62830,82200,100980,133230,159000
Nebraska,"Management, Scientific, and Technical Consulting Services",Data Scientists,99820,77780,95320,102770,104540,106440
Nevada,"Management, Scientific, and Technical Consulting Services",All Occupations,93770,43260,57190,78630,111310,151600
Nevada,"Management, Scientific, and Technical Consulting Services",Computer and Mathematical Occupations,86840,50410,55060,81920,100220,125210
Nevada,"Management, Scientific, and Technical Consulting Services",Data Scientists,84340,58240,63650,66230,95280,164110
New Hampshire,"Management, Scientific, and Technical Consulting Services",All Occupations,98410,39850,51800,75320,127490,179590
New Hampshire,"Management, Scientific, and Technical Consulting Services",Computer and Mathematical Occupations,120360,62400,83670,109470,162490,193690
New Jersey,"Management, Scientific, and Technical Consulting Services",All Occupations,115420,43870,59420,86370,151070,221300
New Jersey,"Management, Scientific, and Technical Consulting Services",Computer and Mathematical Occupations,110900,64170,69120,100740,137770,171320
New Jersey,"Management, Scientific, and Technical Consulting Services",Database Administrators,102410,68050,72140,93380,133640,150840
New Jersey,"Management, Scientific, and Technical Consulting Services",Database Architects,92650,86230,86230,86230,86230,118570
New Jersey,"Management, Scientific, and Technical Consulting Services",Data Scientists,123690,73290,96670,121790,155250,180020
New Mexico,"Management, Scientific, and Technical Consulting Services",All Occupations,94230,40930,53050,76640,109780,167700
New Mexico,"Management, Scientific, and Technical Consulting Services",Computer and Mathematical Occupations,110690,47550,71490,100350,138160,177620
New York,"Management, Scientific, and Technical Consulting Services",All Occupations,131240,46430,65680,103490,168760,238230
New York,"Management, Scientific, and Technical Consulting Services",Computer and Mathematical Occupations,129990,66110,95440,126200,168660,212850
New York,"Management, Scientific, and Technical Consulting Services",Computer and Information Research Scientists,165830,134900,137370,164610,176630,231920
New York,"Management, Scientific, and Technical Consulting Services",Database Administrators,78590,50130,59970,59970,96150,133610
New York,"Management, Scientific, and Technical Consulting Services",Database Architects,147160,90120,100170,131910,184540,216920
New York,"Management, Scientific, and Technical Consulting Services",Data Scientists,130190,70000,86200,106560,168740,216330
North Carolina,"Management, Scientific, and Technical Consulting Services",All Occupations,95570,38950,50120,77940,124090,171280
North Carolina,"Management, Scientific, and Technical Consulting Services",Computer and Mathematical Occupations,98760,28480,61280,98130,128910,164580
North Carolina,"Management, Scientific, and Technical Consulting Services",Database Architects,140940,96620,104900,145820,165510,174360
North Carolina,"Management, Scientific, and Technical Consulting Services",Statisticians,97360,50010,87570,106190,115400,116600
North Carolina,"Management, Scientific, and Technical Consulting Services",Data Scientists,104490,72380,75920,92660,105570,167990
North Dakota,"Management, Scientific, and Technical Consulting Services",All Occupations,90420,43680,50840,64070,97840,123250
North Dakota,"Management, Scientific, and Technical Consulting Services",Computer and Mathematical Occupations,64180,39800,50680,58100,81450,100650
Ohio,"Management, Scientific, and Technical Consulting Services",All Occupations,103050,42730,58310,83230,130240,193320
Ohio,"Management, Scientific, and Technical Consulting Services",Computer and Mathematical Occupations,118030,57330,83990,104520,152210,195270
Ohio,"Management, Scientific, and Technical Consulting Services",Database Architects,142330,99230,124040,134720,165660,194290
Ohio,"Management, Scientific, and Technical Consulting Services",Data Scientists,118610,72640,82220,105160,150600,170350
Oklahoma,"Management, Scientific, and Technical Consulting Services",All Occupations,80360,36920,46000,64910,101400,143040
Oklahoma,"Management, Scientific, and Technical Consulting Services",Computer and Mathematical Occupations,86860,41710,56490,87310,107410,127980
Oklahoma,"Management, Scientific, and Technical Consulting Services",Data Scientists,92820,46580,75190,87920,107410,145580
Oregon,"Management, Scientific, and Technical Consulting Services",All Occupations,109580,46500,62300,92910,139120,198970
Oregon,"Management, Scientific, and Technical Consulting Services",Computer and Mathematical Occupations,146000,64460,81730,120390,248090,248090
Oregon,"Management, Scientific, and Technical Consulting Services",Database Architects,131500,103340,113430,113780,122360,210030
Oregon,"Management, Scientific, and Technical Consulting Services",Data Scientists,129330,98160,107870,113140,140930,221090
Pennsylvania,"Management, Scientific, and Technical Consulting Services",All Occupations,103970,43140,57260,80810,127790,187220
Pennsylvania,"Management, Scientific, and Technical Consulting Services",Computer and Mathematical Occupations,110860,59340,78470,100170,133900,173220
Pennsylvania,"Management, Scientific, and Technical Consulting Services",Database Administrators,139200,103920,129400,140000,140240,159110
Pennsylvania,"Management, Scientific, and Technical Consulting Services",Database Architects,150930,94000,104420,161630,175210,225470
Pennsylvania,"Management, Scientific, and Technical Consulting Services",Data Scientists,106440,71130,80400,100320,122920,160330
Rhode Island,"Management, Scientific, and Technical Consulting Services",All Occupations,107310,48800,61580,89000,119990,217370
Rhode Island,"Management, Scientific, and Technical Consulting Services",Computer and Mathematical Occupations,129260,88500,91760,108300,170930,206220
South Carolina,"Management, Scientific, and Technical Consulting Services",All Occupations,87460,35730,44990,67630,106740,169440
South Carolina,"Management, Scientific, and Technical Consulting Services",Computer and Mathematical Occupations,118810,57380,71150,101400,145180,176320
South Carolina,"Management, Scientific, and Technical Consulting Services",Database Administrators,88030,40160,44150,82760,133410,133410
South Carolina,"Management, Scientific, and Technical Consulting Services",Database Architects,148390,92350,117730,156890,174820,201970
South Carolina,"Management, Scientific, and Technical Consulting Services",Data Scientists,113040,64880,80930,94590,158920,169290
South Dakota,"Management, Scientific, and Technical Consulting Services",All Occupations,100260,43950,53690,80340,124990,161700
South Dakota,"Management, Scientific, and Technical Consulting Services",Computer and Mathematical Occupations,135950,86070,86070,161700,161700,161700
Tennessee,"Management, Scientific, and Technical Consulting Services",All Occupations,85530,34490,42450,62990,108200,166640
Tennessee,"Management, Scientific, and Technical Consulting Services",Computer and Mathematical Occupations,98270,48860,57890,90750,130240,158590
Tennessee,"Management, Scientific, and Technical Consulting Services",Database Administrators,117960,82130,95930,124130,141840,158910
Tennessee,"Management, Scientific, and Technical Consulting Services",Data Scientists,79960,45850,59990,67350,105260,116140
Texas,"Management, Scientific, and Technical Consulting Services",All Occupations,95820,34950,46280,76900,124380,176510
Texas,"Management, Scientific, and Technical Consulting Services",Computer and Mathematical Occupations,123070,61370,86720,119360,158540,201100
Texas,"Management, Scientific, and Technical Consulting Services",Computer and Information Research Scientists,211170,161500,206570,218970,231300,239030
Texas,"Management, Scientific, and Technical Consulting Services",Database Administrators,112590,93320,101570,107410,121790,147560
Texas,"Management, Scientific, and Technical Consulting Services",Database Architects,115260,68700,73920,127060,155680,181130
Texas,"Management, Scientific, and Technical Consulting Services",Statisticians,89110,72960,75590,90780,99680,103060
Texas,"Management, Scientific, and Technical Consulting Services",Data Scientists,139010,78780,101340,133430,173120,210340
Utah,"Management, Scientific, and Technical Consulting Services",All Occupations,84780,36220,46180,62400,104000,161580
Utah,"Management, Scientific, and Technical Consulting Services",Computer and Mathematical Occupations,93480,46190,59990,76770,125620,159270
Utah,"Management, Scientific, and Technical Consulting Services",Data Scientists,95510,41600,69400,93320,130320,152490
Vermont,"Management, Scientific, and Technical Consulting Services",All Occupations,123020,57000,69150,96330,155400,268630
Vermont,"Management, Scientific, and Technical Consulting Services",Computer and Mathematical Occupations,94490,77760,80620,80620,96330,128890
Virginia,"Management, Scientific, and Technical Consulting Services",All Occupations,124850,50330,75870,114440,164070,207480
Virginia,"Management, Scientific, and Technical Consulting Services",Computer and Mathematical Occupations,143920,76080,102750,135360,172530,208830
Virginia,"Management, Scientific, and Technical Consulting Services",Computer and Information Research Scientists,184280,104700,170460,212060,214990,214990
Virginia,"Management, Scientific, and Technical Consulting Services",Database Administrators,136060,77640,108220,130110,158150,201410
Virginia,"Management, Scientific, and Technical Consulting Services",Database Architects,162400,103390,131410,163450,204680,214300
Virginia,"Management, Scientific, and Technical Consulting Services",Statisticians,113890,87390,108720,111400,111400,134870
Virginia,"Management, Scientific, and Technical Consulting Services",Data Scientists,140960,81340,102610,135240,164990,208260
Washington,"Management, Scientific, and Technical Consulting Services",All Occupations,125000,55570,77990,107010,161440,208360
Washington,"Management, Scientific, and Technical Consulting Services",Computer and Mathematical Occupations,120520,70330,93730,105650,139200,188310
Washington,"Management, Scientific, and Technical Consulting Services",Database Administrators,104740,81940,85020,113270,122760,122770
Washington,"Management, Scientific, and Technical Consulting Services",Database Architects,154080,121670,130550,160700,170130,199160
Washington,"Management, Scientific, and Technical Consulting Services",Statisticians,105000,103110,103320,105650,105650,105650
Washington,"Management, Scientific, and Technical Consulting Services",Data Scientists,142360,95760,118890,139690,165350,192050
West Virginia,"Management, Scientific, and Technical Consulting Services",All Occupations,85470,39380,51270,74020,102160,145770
West Virginia,"Management, Scientific, and Technical Consulting Services",Computer and Mathematical Occupations,80230,43430,49440,74730,102180,142940
Wisconsin,"Management, Scientific, and Technical Consulting Services",All Occupations,86080,39700,51820,72420,102790,143880
Wisconsin,"Management, Scientific, and Technical Consulting Services",Computer and Mathematical Occupations,103330,51220,65570,100440,127730,161970
Wisconsin,"Management, Scientific, and Technical Consulting Services",Data Scientists,109240,74900,81750,102840,121230,156760
Wyoming,"Management, Scientific, and Technical Consulting Services",All Occupations,93440,42340,55990,78760,119550,155020
Wyoming,"Management, Scientific, and Technical Consulting Services",Computer and Mathematical Occupations,114310,57890,91020,129640,129640,145060
Guam,"Management, Scientific, and Technical Consulting Services",All Occupations,53970,28280,41990,46120,64200,78720
Puerto Rico,"Management, Scientific, and Technical Consulting Services",All Occupations,70840,22230,29460,60330,96100,153340
Puerto Rico,"Management, Scientific, and Technical Consulting Services",Computer and Mathematical Occupations,76100,38100,60630,77880,96430,101030
Virgin Islands,"Management, Scientific, and Technical Consulting Services",All Occupations,99950,40080,59990,81910,124360,186180
Alabama,Scientific Research and Development Services,All Occupations,120620,51900,76640,106750,164180,208110
Alabama,Scientific Research and Development Services,Computer and Mathematical Occupations,130070,78020,101880,130320,168460,190080
Alabama,Scientific Research and Development Services,Data Scientists,125590,82390,107340,125090,136600,158360
Alaska,Scientific Research and Development Services,All Occupations,83850,40300,49880,69410,106720,145660
Alaska,Scientific Research and Development Services,Computer and Mathematical Occupations,105390,70140,87610,103920,107990,158790
Arizona,Scientific Research and Development Services,All Occupations,113230,47950,63750,98450,139910,200730
Arizona,Scientific Research and Development Services,Computer and Mathematical Occupations,119040,47510,73860,102890,160370,199590
Arizona,Scientific Research and Development Services,Data Scientists,95510,62050,75260,91660,118940,130870
Arkansas,Scientific Research and Development Services,All Occupations,85550,37760,49540,65030,104800,162360
Arkansas,Scientific Research and Development Services,Computer and Mathematical Occupations,104630,58160,65410,78700,134400,191170
California,Scientific Research and Development Services,All Occupations,167100,73280,102080,158530,211940,290360
California,Scientific Research and Development Services,Computer and Mathematical Occupations,173620,97160,130050,167840,210940,264310
California,Scientific Research and Development Services,Computer and Information Research Scientists,140600,78200,89990,103450,180440,251220
California,Scientific Research and Development Services,Database Administrators,141640,96170,109810,142750,170250,176930
California,Scientific Research and Development Services,Database Architects,186100,106320,154930,176280,219050,261370
California,Scientific Research and Development Services,Statisticians,127870,50870,59370,135310,169190,200440
California,Scientific Research and Development Services,Data Scientists,168290,98630,131090,166440,205660,243710
Colorado,Scientific Research and Development Services,All Occupations,140170,68130,94300,131250,173070,215940
Colorado,Scientific Research and Development Services,Computer and Mathematical Occupations,146570,92700,112640,138390,169970,211180
Colorado,Scientific Research and Development Services,Computer and Information Research Scientists,124770,107090,107090,108420,133970,168310
Colorado,Scientific Research and Development Services,Database Architects,133760,103080,110550,130740,147660,164360
Colorado,Scientific Research and Development Services,Statisticians,147630,134330,134330,141820,147690,164600
Colorado,Scientific Research and Development Services,Data Scientists,132450,76420,98860,131430,167300,177010
Connecticut,Scientific Research and Development Services,All Occupations,155980,74960,100900,133730,184270,273680
Connecticut,Scientific Research and Development Services,Computer and Mathematical Occupations,139690,85060,107590,132740,167230,205160
Connecticut,Scientific Research and Development Services,Database Administrators,144710,112070,147240,149470,151590,157760
Connecticut,Scientific Research and Development Services,Statisticians,140240,48600,87390,128730,194670,194680
Connecticut,Scientific Research and Development Services,Data Scientists,139130,98530,101940,132740,172590,215310
Delaware,Scientific Research and Development Services,All Occupations,127740,57880,78560,109600,146270,208630
Delaware,Scientific Research and Development Services,Computer and Mathematical Occupations,131190,62940,93900,124920,159920,226690
Delaware,Scientific Research and Development Services,Database Administrators,180720,94230,122500,226690,226690,226690
District of Columbia,Scientific Research and Development Services,All Occupations,121890,60200,72290,100180,151330,217580
District of Columbia,Scientific Research and Development Services,Computer and Mathematical Occupations,117850,65820,78360,98420,155160,205750
Florida,Scientific Research and Development Services,All Occupations,116850,46040,62760,100900,142720,204700
Florida,Scientific Research and Development Services,Computer and Mathematical Occupations,127070,73250,95910,124300,156300,182840
Florida,Scientific Research and Development Services,Computer and Information Research Scientists,154040,44210,145620,162370,204790,211290
Florida,Scientific Research and Development Services,Database Administrators,106740,53350,66570,97660,139990,165840
Florida,Scientific Research and Development Services,Statisticians,129280,86350,99920,122060,148680,190820
Florida,Scientific Research and Development Services,Data Scientists,150640,87850,122460,156300,169410,220460
Georgia,Scientific Research and Development Services,All Occupations,103670,46010,59330,95990,134760,171270
Georgia,Scientific Research and Development Services,Computer and Mathematical Occupations,115090,58750,95620,103300,136740,165070
Georgia,Scientific Research and Development Services,Database Architects,134940,102400,102400,132620,162600,162600
Georgia,Scientific Research and Development Services,Statisticians,132170,76860,76900,106180,164000,204400
Georgia,Scientific Research and Development Services,Data Scientists,119010,74730,96120,114590,126380,161220
Hawaii,Scientific Research and Development Services,All Occupations,119200,51380,63340,100360,163780,210520
Hawaii,Scientific Research and Development Services,Computer and Mathematical Occupations,152350,80790,103280,159180,178250,210560
Idaho,Scientific Research and Development Services,All Occupations,106270,48870,67030,97910,135150,173320
Idaho,Scientific Research and Development Services,Computer and Mathematical Occupations,139440,76120,103600,135460,172090,219400
Idaho,Scientific Research and Development Services,Statisticians,161460,157200,160700,160820,168200,169210
Illinois,Scientific Research and Development Services,All Occupations,128340,59170,81750,120940,164750,213340
Illinois,Scientific Research and Development Services,Computer and Mathematical Occupations,134910,81260,105230,132050,167390,202640
Illinois,Scientific Research and Development Services,Computer and Information Research Scientists,165970,138760,139030,170070,170140,216120
Illinois,Scientific Research and Development Services,Statisticians,133970,100950,105020,136090,153930,163540
Illinois,Scientific Research and Development Services,Data Scientists,134500,96510,105030,132410,160710,182000
Illinois,Scientific Research and Development Services,"Mathematical Science Occupations, All Other",110400,39440,82850,135960,138670,138960
Indiana,Scientific Research and Development Services,All Occupations,98730,42250,52970,79380,129130,172650
Indiana,Scientific Research and Development Services,Computer and Mathematical Occupations,130580,66800,90340,124130,155480,201760
Indiana,Scientific Research and Development Services,Data Scientists,91470,61450,61450,76910,134580,142190
Iowa,Scientific Research and Development Services,All Occupations,95550,38170,49590,80980,131450,163590
Iowa,Scientific Research and Development Services,Computer and Mathematical Occupations,125340,76500,96240,131450,157040,165370
Kansas,Scientific Research and Development Services,All Occupations,104890,44080,56160,85980,130190,194480
Kansas,Scientific Research and Development Services,Computer and Mathematical Occupations,122090,69230,87920,119790,156000,185890
Kansas,Scientific Research and Development Services,Statisticians,129440,101390,111770,122440,125260,173290
Kansas,Scientific Research and Development Services,Data Scientists,159130,134880,136140,156010,178350,194990
Kentucky,Scientific Research and Development Services,All Occupations,103460,43480,57560,90820,136010,183240
Kentucky,Scientific Research and Development Services,Computer and Mathematical Occupations,112470,67960,76790,102760,137520,179640
Kentucky,Scientific Research and Development Services,Data Scientists,150250,81970,131720,136530,169000,184000
Louisiana,Scientific Research and Development Services,All Occupations,118230,44650,59440,98740,160530,241870
Louisiana,Scientific Research and Development Services,Computer and Mathematical Occupations,107210,70650,76370,102490,134990,154920
Maine,Scientific Research and Development Services,All Occupations,94740,47260,57780,79320,107310,161580
Maine,Scientific Research and Development Services,Computer and Mathematical Occupations,107460,64430,80200,107480,131150,143610
Maryland,Scientific Research and Development Services,All Occupations,125380,60420,79980,110950,161420,209860
Maryland,Scientific Research and Development Services,Computer and Mathematical Occupations,133280,79290,101530,130480,165540,199930
Maryland,Scientific Research and Development Services,Computer and Information Research Scientists,119020,79420,96410,103670,128800,167160
Maryland,Scientific Research and Development Services,Database Administrators,132220,84150,102660,130520,160690,165490
Maryland,Scientific Research and Development Services,Database Architects,142100,72390,96460,139580,182560,211490
Maryland,Scientific Research and Development Services,Statisticians,126610,81010,100010,123120,141490,169490
Maryland,Scientific Research and Development Services,Data Scientists,136170,78360,102230,127380,168280,200290
Massachusetts,Scientific Research and Development Services,All Occupations,163990,73900,99570,138920,208060,311510
Massachusetts,Scientific Research and Development Services,Computer and Mathematical Occupations,147950,83990,106310,140610,173620,213930
Massachusetts,Scientific Research and Development Services,Computer and Information Research Scientists,197100,133380,170460,209500,223660,288310
Massachusetts,Scientific Research and Development Services,Database Administrators,171380,102970,137510,159420,210500,261860
Massachusetts,Scientific Research and Development Services,Database Architects,166740,96950,159390,163640,199120,227570
Massachusetts,Scientific Research and Development Services,Statisticians,121070,83710,83990,95520,161920,200890
Massachusetts,Scientific Research and Development Services,Data Scientists,142680,84400,112030,135520,166620,204510
Michigan,Scientific Research and Development Services,All Occupations,130400,63980,96310,131720,159680,180000
Michigan,Scientific Research and Development Services,Computer and Mathematical Occupations,128950,82590,101710,130900,156780,170040
Michigan,Scientific Research and Development Services,Computer and Information Research Scientists,86020,82590,82590,82590,82590,85540
Michigan,Scientific Research and Development Services,Statisticians,189200,121720,153350,210230,221640,221640
Michigan,Scientific Research and Development Services,Data Scientists,126530,94250,101830,128540,137820,168510
Minnesota,Scientific Research and Development Services,All Occupations,110490,45750,59620,81470,132150,213970
Minnesota,Scientific Research and Development Services,Computer and Mathematical Occupations,106340,61810,79490,99810,128600,157790
Minnesota,Scientific Research and Development Services,Data Scientists,66500,50350,51630,61130,63040,111430
Mississippi,Scientific Research and Development Services,All Occupations,97000,47660,60010,77940,126630,160720
Mississippi,Scientific Research and Development Services,Computer and Mathematical Occupations,114750,72780,78690,110080,138560,181430
Missouri,Scientific Research and Development Services,All Occupations,113510,47340,61780,95590,148150,202820
Missouri,Scientific Research and Development Services,Computer and Mathematical Occupations,122490,59300,85770,129740,151420,173740
Missouri,Scientific Research and Development Services,Data Scientists,104560,71910,79190,88700,136630,147640
Montana,Scientific Research and Development Services,All Occupations,106540,48210,60930,88190,127480,211990
Montana,Scientific Research and Development Services,Computer and Mathematical Occupations,126460,69580,89710,119780,145490,224260
Montana,Scientific Research and Development Services,Data Scientists,105230,67120,89710,110300,120500,145490
Nebraska,Scientific Research and Development Services,All Occupations,85680,39600,47770,67230,123890,145600
Nebraska,Scientific Research and Development Services,Computer and Mathematical Occupations,103880,47770,68050,107080,133010,139720
Nevada,Scientific Research and Development Services,All Occupations,110550,47710,62000,102270,144380,191430
Nevada,Scientific Research and Development Services,Computer and Mathematical Occupations,117020,67820,99110,123480,134050,163100
New Hampshire,Scientific Research and Development Services,All Occupations,120490,50270,70360,105050,155720,217970
New Hampshire,Scientific Research and Development Services,Computer and Mathematical Occupations,139770,74940,103660,132750,181300,208690
New Jersey,Scientific Research and Development Services,All Occupations,167020,69780,101790,156390,212220,293230
New Jersey,Scientific Research and Development Services,Computer and Mathematical Occupations,149110,93360,121830,145380,170810,203200
New Jersey,Scientific Research and Development Services,Computer and Information Research Scientists,181210,108100,171330,183180,213650,228990
New Jersey,Scientific Research and Development Services,Database Administrators,154910,124070,130760,160070,172170,179840
New Jersey,Scientific Research and Development Services,Statisticians,175810,135120,163630,167230,182130,222050
New Jersey,Scientific Research and Development Services,Data Scientists,160980,99960,125410,160070,182090,218780
New Mexico,Scientific Research and Development Services,All Occupations,142800,72980,101750,135550,167380,204150
New Mexico,Scientific Research and Development Services,Computer and Mathematical Occupations,141940,86370,104160,135160,163760,201250
New Mexico,Scientific Research and Development Services,Computer and Information Research Scientists,193660,160430,160430,201190,207780,270660
New Mexico,Scientific Research and Development Services,Database Administrators,110910,86990,95330,98450,121520,172100
New Mexico,Scientific Research and Development Services,Database Architects,142260,101460,117950,164710,165440,165440
New York,Scientific Research and Development Services,All Occupations,105650,46450,61210,82780,131320,188410
New York,Scientific Research and Development Services,Computer and Mathematical Occupations,122220,59030,82070,108990,154490,201820
New York,Scientific Research and Development Services,Computer and Information Research Scientists,160990,94230,113290,148790,192840,252670
New York,Scientific Research and Development Services,Database Administrators,72710,52610,58940,61180,76820,113780
New York,Scientific Research and Development Services,Database Architects,147710,67560,92540,145250,202660,217240
New York,Scientific Research and Development Services,Statisticians,175460,75010,120540,174060,208700,304890
New York,Scientific Research and Development Services,Data Scientists,123040,63550,81400,113280,163620,205300
North Carolina,Scientific Research and Development Services,All Occupations,127340,57130,77180,105850,164340,215220
North Carolina,Scientific Research and Development Services,Computer and Mathematical Occupations,119450,68350,83420,107980,139520,172810
North Carolina,Scientific Research and Development Services,Database Architects,140860,92800,126400,145000,173590,174360
North Carolina,Scientific Research and Development Services,Statisticians,129170,81480,101210,125620,161190,194000
North Carolina,Scientific Research and Development Services,Data Scientists,125230,50800,68350,104240,167870,261110
North Dakota,Scientific Research and Development Services,All Occupations,84340,38350,50230,62590,130550,147920
Ohio,Scientific Research and Development Services,All Occupations,110340,49510,66030,98480,135920,179870
Ohio,Scientific Research and Development Services,Computer and Mathematical Occupations,119110,63660,88260,113580,150720,169380
Ohio,Scientific Research and Development Services,Database Administrators,119010,71100,93180,125140,133250,159960
Ohio,Scientific Research and Development Services,Data Scientists,106540,61710,76300,104150,131430,163060
Oklahoma,Scientific Research and Development Services,All Occupations,94760,39100,47840,76920,129050,174840
Oklahoma,Scientific Research and Development Services,Computer and Mathematical Occupations,108540,44940,63830,102120,144950,181400
Oklahoma,Scientific Research and Development Services,Data Scientists,154070,73200,99640,132930,219350,219350
Oregon,Scientific Research and Development Services,All Occupations,131150,55890,80440,112990,167290,225560
Oregon,Scientific Research and Development Services,Computer and Mathematical Occupations,134530,77600,97580,134170,167960,196840
Oregon,Scientific Research and Development Services,Statisticians,136660,94650,106790,140070,168260,169930
Oregon,Scientific Research and Development Services,Data Scientists,132330,87120,101550,148490,164920,168280
Pennsylvania,Scientific Research and Development Services,All Occupations,131670,53080,74630,106670,170370,224130
Pennsylvania,Scientific Research and Development Services,Computer and Mathematical Occupations,130650,65560,82480,125260,166450,217080
Pennsylvania,Scientific Research and Development Services,Computer and Information Research Scientists,147980,123430,131770,142130,156920,227900
Pennsylvania,Scientific Research and Development Services,Database Administrators,144260,94770,104550,155560,169200,169200
Pennsylvania,Scientific Research and Development Services,Database Architects,142480,101300,106790,155640,163590,172580
Pennsylvania,Scientific Research and Development Services,Statisticians,134850,75740,97930,134530,171540,171620
Pennsylvania,Scientific Research and Development Services,Data Scientists,124750,73250,83980,122770,152620,191570
Rhode Island,Scientific Research and Development Services,All Occupations,123260,54540,72090,104520,164170,208000
Rhode Island,Scientific Research and Development Services,Computer and Mathematical Occupations,117900,90790,103800,106190,126690,168040
South Carolina,Scientific Research and Development Services,All Occupations,120880,51780,77010,103030,154480,208860
South Carolina,Scientific Research and Development Services,Computer and Mathematical Occupations,125300,79400,94240,118780,160530,187490
South Carolina,Scientific Research and Development Services,Data Scientists,100560,79970,91770,95710,100110,134550
South Dakota,Scientific Research and Development Services,All Occupations,87090,38550,51980,71240,111410,159810
South Dakota,Scientific Research and Development Services,Computer and Mathematical Occupations,116830,54480,76630,127450,159820,165700
South Dakota,Scientific Research and Development Services,Data Scientists,135000,54480,127450,129720,165700,165700
Tennessee,Scientific Research and Development Services,All Occupations,112280,51980,68370,97670,133640,176550
Tennessee,Scientific Research and Development Services,Computer and Mathematical Occupations,103470,59920,77160,100800,128190,145190
Tennessee,Scientific Research and Development Services,Statisticians,138510,94850,136320,137810,153540,167430
Tennessee,Scientific Research and Development Services,Data Scientists,116940,71400,92640,108540,143150,156160
Texas,Scientific Research and Development Services,All Occupations,109780,45050,60370,88800,137320,190720
Texas,Scientific Research and Development Services,Computer and Mathematical Occupations,117880,60410,81140,110490,141120,172370
Texas,Scientific Research and Development Services,Computer and Information Research Scientists,135270,67770,72210,127360,171820,228420
Texas,Scientific Research and Development Services,Database Administrators,108930,72760,88030,99610,124600,164180
Texas,Scientific Research and Development Services,Statisticians,128300,83720,97190,118190,169280,175710
Texas,Scientific Research and Development Services,Data Scientists,101910,61320,75870,96160,124040,156350
Utah,Scientific Research and Development Services,All Occupations,108450,43680,56880,96960,146160,187770
Utah,Scientific Research and Development Services,Computer and Mathematical Occupations,132180,69510,100530,131780,165490,201300
Utah,Scientific Research and Development Services,Computer and Information Research Scientists,185450,148180,154990,165680,215690,285940
Utah,Scientific Research and Development Services,Data Scientists,157360,107090,139870,146160,150130,217910
Vermont,Scientific Research and Development Services,All Occupations,122350,52890,79800,111700,167950,197620
Vermont,Scientific Research and Development Services,Computer and Mathematical Occupations,126700,68830,85720,122190,146880,235280
Virginia,Scientific Research and Development Services,All Occupations,133720,62450,83460,126990,167140,215040
Virginia,Scientific Research and Development Services,Computer and Mathematical Occupations,145940,82300,104650,134040,178830,215040
Virginia,Scientific Research and Development Services,Computer and Information Research Scientists,161660,103570,131310,159890,195730,217110
Virginia,Scientific Research and Development Services,Database Administrators,118690,66950,92270,111140,155300,167140
Virginia,Scientific Research and Development Services,Database Architects,148890,96980,126350,154670,171760,194000
Virginia,Scientific Research and Development Services,Statisticians,104930,58100,58100,99120,149230,183040
Virginia,Scientific Research and Development Services,Data Scientists,117690,67140,82960,110580,130130,169940
Washington,Scientific Research and Development Services,All Occupations,134460,63970,82880,127270,168130,213050
Washington,Scientific Research and Development Services,Computer and Mathematical Occupations,147440,93380,109980,138420,171230,207190
Washington,Scientific Research and Development Services,Computer and Information Research Scientists,179570,82200,124760,183290,210930,294390
Washington,Scientific Research and Development Services,Database Administrators,107020,50070,60980,108580,148700,165300
Washington,Scientific Research and Development Services,Database Architects,145200,112650,136350,145900,164210,165130
Washington,Scientific Research and Development Services,Statisticians,125420,80870,97350,130310,167840,171650
Washington,Scientific Research and Development Services,Data Scientists,153040,102320,129540,148920,169570,207110
Washington,Scientific Research and Development Services,"Mathematical Science Occupations, All Other",86360,55980,58630,81180,105090,136510
West Virginia,Scientific Research and Development Services,All Occupations,87700,36650,48810,70290,114260,154110
West Virginia,Scientific Research and Development Services,Computer and Mathematical Occupations,103370,53630,78620,102220,126190,141790
West Virginia,Scientific Research and Development Services,Computer and Information Research Scientists,114990,101030,102220,103380,127270,137950
Wisconsin,Scientific Research and Development Services,All Occupations,98790,48880,61510,79970,125370,164230
Wisconsin,Scientific Research and Development Services,Computer and Mathematical Occupations,94520,55810,70640,93300,111560,131280
Wisconsin,Scientific Research and Development Services,Statisticians,118520,81260,98310,121710,136600,153960
Wisconsin,Scientific Research and Development Services,Data Scientists,104950,63910,83480,96300,122480,164730
Wyoming,Scientific Research and Development Services,All Occupations,109260,39070,55280,106680,137960,191600
Wyoming,Scientific Research and Development Services,Computer and Mathematical Occupations,164420,117380,138890,170350,170350,175090
Puerto Rico,Scientific Research and Development Services,All Occupations,54680,29020,35190,49060,63250,82500
Alabama,"Research and Development in the Physical, Engineering, and Life Sciences",All Occupations,120960,51980,77100,106750,165170,208610
Alabama,"Research and Development in the Physical, Engineering, and Life Sciences",Computer and Mathematical Occupations,130070,78020,101880,130320,168460,190080
Alabama,"Research and Development in the Physical, Engineering, and Life Sciences",Data Scientists,125590,82390,107340,125090,136600,158360
Alaska,"Research and Development in the Physical, Engineering, and Life Sciences",All Occupations,81010,39260,48310,62800,105130,138900
Alaska,"Research and Development in the Physical, Engineering, and Life Sciences",Computer and Mathematical Occupations,95690,70140,87420,103700,105230,113130
Arizona,"Research and Development in the Physical, Engineering, and Life Sciences",All Occupations,116720,49160,65390,100880,146930,204950
Arizona,"Research and Development in the Physical, Engineering, and Life Sciences",Computer and Mathematical Occupations,119970,47510,74230,105680,164450,201860
Arizona,"Research and Development in the Physical, Engineering, and Life Sciences",Data Scientists,98500,62050,76080,92840,119640,130880
Arkansas,"Research and Development in the Physical, Engineering, and Life Sciences",All Occupations,86400,38840,49660,65220,105040,162360
Arkansas,"Research and Development in the Physical, Engineering, and Life Sciences",Computer and Mathematical Occupations,103260,58160,62400,78700,128240,191170
California,"Research and Development in the Physical, Engineering, and Life Sciences",All Occupations,169410,75340,103780,160690,212960,292010
California,"Research and Development in the Physical, Engineering, and Life Sciences",Computer and Mathematical Occupations,175810,99760,131630,169060,211760,265780
California,"Research and Development in the Physical, Engineering, and Life Sciences",Computer and Information Research Scientists,140370,78200,89990,103450,178780,252200
California,"Research and Development in the Physical, Engineering, and Life Sciences",Database Administrators,141900,96170,109780,142750,170250,177420
California,"Research and Development in the Physical, Engineering, and Life Sciences",Database Architects,186100,106320,154930,176280,219050,261370
California,"Research and Development in the Physical, Engineering, and Life Sciences",Statisticians,128980,50870,59370,135790,169350,200440
California,"Research and Development in the Physical, Engineering, and Life Sciences",Data Scientists,171320,103550,131950,167390,208320,243710
Colorado,"Research and Development in the Physical, Engineering, and Life Sciences",All Occupations,140450,68760,95160,131470,173080,215260
Colorado,"Research and Development in the Physical, Engineering, and Life Sciences",Computer and Mathematical Occupations,146770,94830,115230,138390,169930,210850
Colorado,"Research and Development in the Physical, Engineering, and Life Sciences",Computer and Information Research Scientists,122110,101110,107090,108420,133970,166820
Colorado,"Research and Development in the Physical, Engineering, and Life Sciences",Database Architects,134520,110280,110550,126230,147660,164360
Colorado,"Research and Development in the Physical, Engineering, and Life Sciences",Statisticians,147790,134330,134330,141820,147690,164600
Colorado,"Research and Development in the Physical, Engineering, and Life Sciences",Data Scientists,133830,76420,100420,132540,169740,178000
Connecticut,"Research and Development in the Physical, Engineering, and Life Sciences",All Occupations,157200,76060,101070,135530,187450,276270
Connecticut,"Research and Development in the Physical, Engineering, and Life Sciences",Computer and Mathematical Occupations,140970,86330,108040,135100,167230,205160
Connecticut,"Research and Development in the Physical, Engineering, and Life Sciences",Database Administrators,144710,112070,147240,149470,151590,157760
Connecticut,"Research and Development in the Physical, Engineering, and Life Sciences",Data Scientists,139160,98530,101940,132740,172590,215310
Delaware,"Research and Development in the Physical, Engineering, and Life Sciences",All Occupations,128060,57880,79250,109890,146270,208630
Delaware,"Research and Development in the Physical, Engineering, and Life Sciences",Computer and Mathematical Occupations,131520,62940,93900,124920,159920,226690
Delaware,"Research and Development in the Physical, Engineering, and Life Sciences",Database Administrators,180720,94230,122500,226690,226690,226690
District of Columbia,"Research and Development in the Physical, Engineering, and Life Sciences",All Occupations,119060,56240,74460,99030,141610,206360
District of Columbia,"Research and Development in the Physical, Engineering, and Life Sciences",Computer and Mathematical Occupations,106060,65820,76960,81200,131290,172770
Florida,"Research and Development in the Physical, Engineering, and Life Sciences",All Occupations,123750,49250,69990,106430,154910,210290
Florida,"Research and Development in the Physical, Engineering, and Life Sciences",Computer and Mathematical Occupations,128230,76240,96560,124300,157460,182840
Florida,"Research and Development in the Physical, Engineering, and Life Sciences",Computer and Information Research Scientists,154040,44210,145620,162370,204790,211290
Florida,"Research and Development in the Physical, Engineering, and Life Sciences",Database Administrators,106740,53350,66570,97660,139990,165840
Florida,"Research and Development in the Physical, Engineering, and Life Sciences",Statisticians,129280,86350,99920,122060,148680,190820
Florida,"Research and Development in the Physical, Engineering, and Life Sciences",Data Scientists,150610,87850,119990,156300,170000,220460
Georgia,"Research and Development in the Physical, Engineering, and Life Sciences",All Occupations,106070,46640,60350,98000,136850,173390
Georgia,"Research and Development in the Physical, Engineering, and Life Sciences",Computer and Mathematical Occupations,115070,58570,95490,102900,136740,165070
Georgia,"Research and Development in the Physical, Engineering, and Life Sciences",Database Architects,134940,102400,102400,132620,162600,162600
Georgia,"Research and Development in the Physical, Engineering, and Life Sciences",Statisticians,132170,76860,76900,106180,164000,204400
Georgia,"Research and Development in the Physical, Engineering, and Life Sciences",Data Scientists,119890,74730,96130,114590,129260,161730
Hawaii,"Research and Development in the Physical, Engineering, and Life Sciences",All Occupations,121570,51280,63660,102290,166500,217110
Hawaii,"Research and Development in the Physical, Engineering, and Life Sciences",Computer and Mathematical Occupations,152270,80790,103270,163610,183220,210560
Idaho,"Research and Development in the Physical, Engineering, and Life Sciences",All Occupations,106840,48870,67450,98780,135150,173810
Idaho,"Research and Development in the Physical, Engineering, and Life Sciences",Computer and Mathematical Occupations,139440,76120,103600,135460,172090,219400
Idaho,"Research and Development in the Physical, Engineering, and Life Sciences",Statisticians,161460,157200,160700,160820,168200,169210
Illinois,"Research and Development in the Physical, Engineering, and Life Sciences",All Occupations,129490,60010,82110,124610,165660,214150
Illinois,"Research and Development in the Physical, Engineering, and Life Sciences",Computer and Mathematical Occupations,135800,82560,106830,132410,168020,204470
Illinois,"Research and Development in the Physical, Engineering, and Life Sciences",Computer and Information Research Scientists,165970,138760,139030,170070,170140,216120
Illinois,"Research and Development in the Physical, Engineering, and Life Sciences",Statisticians,133970,100950,105020,136090,153930,163540
Illinois,"Research and Development in the Physical, Engineering, and Life Sciences",Data Scientists,134500,96510,105030,132410,160710,182000
Illinois,"Research and Development in the Physical, Engineering, and Life Sciences","Mathematical Science Occupations, All Other",110400,39440,82850,135960,138670,138960
Indiana,"Research and Development in the Physical, Engineering, and Life Sciences",All Occupations,100870,43320,55680,80450,131660,174440
Indiana,"Research and Development in the Physical, Engineering, and Life Sciences",Computer and Mathematical Occupations,133570,74040,95490,134580,165280,201770
Indiana,"Research and Development in the Physical, Engineering, and Life Sciences",Data Scientists,91470,61450,61450,76910,134580,142190
Iowa,"Research and Development in the Physical, Engineering, and Life Sciences",All Occupations,97500,38170,50340,82580,131470,165350
Iowa,"Research and Development in the Physical, Engineering, and Life Sciences",Computer and Mathematical Occupations,125200,75960,89110,131450,157820,184400
Kansas,"Research and Development in the Physical, Engineering, and Life Sciences",All Occupations,105310,45280,57490,86130,130100,193890
Kansas,"Research and Development in the Physical, Engineering, and Life Sciences",Computer and Mathematical Occupations,119870,68060,87920,118200,147420,184170
Kansas,"Research and Development in the Physical, Engineering, and Life Sciences",Statisticians,129440,101390,111770,122440,125260,173290
Kentucky,"Research and Development in the Physical, Engineering, and Life Sciences",All Occupations,107440,46350,63450,93470,138950,189920
Kentucky,"Research and Development in the Physical, Engineering, and Life Sciences",Computer and Mathematical Occupations,113400,69850,77920,103630,137570,179640
Kentucky,"Research and Development in the Physical, Engineering, and Life Sciences",Data Scientists,150250,81970,131720,136530,169000,184000
Louisiana,"Research and Development in the Physical, Engineering, and Life Sciences",All Occupations,123960,46530,61950,102910,167730,249450
Louisiana,"Research and Development in the Physical, Engineering, and Life Sciences",Computer and Mathematical Occupations,106430,52650,76370,102490,134610,166870
Maine,"Research and Development in the Physical, Engineering, and Life Sciences",All Occupations,94540,47260,57780,76590,105970,162440
Maine,"Research and Development in the Physical, Engineering, and Life Sciences",Computer and Mathematical Occupations,106790,64430,80200,107480,130600,143650
Maryland,"Research and Development in the Physical, Engineering, and Life Sciences",All Occupations,126580,61510,80220,114020,162260,210510
Maryland,"Research and Development in the Physical, Engineering, and Life Sciences",Computer and Mathematical Occupations,134750,79410,101870,130480,165540,203190
Maryland,"Research and Development in the Physical, Engineering, and Life Sciences",Computer and Information Research Scientists,119630,79420,96410,103810,128860,167160
Maryland,"Research and Development in the Physical, Engineering, and Life Sciences",Database Administrators,131760,83420,102660,130480,160690,165490
Maryland,"Research and Development in the Physical, Engineering, and Life Sciences",Database Architects,126000,67230,89580,118180,164780,174690
Maryland,"Research and Development in the Physical, Engineering, and Life Sciences",Statisticians,132730,100010,104880,121700,162050,170700
Maryland,"Research and Development in the Physical, Engineering, and Life Sciences",Data Scientists,134430,74890,102160,127060,167140,200300
Massachusetts,"Research and Development in the Physical, Engineering, and Life Sciences",All Occupations,164580,74330,100280,140050,208910,311930
Massachusetts,"Research and Development in the Physical, Engineering, and Life Sciences",Computer and Mathematical Occupations,148470,83990,106980,142640,174040,213930
Massachusetts,"Research and Development in the Physical, Engineering, and Life Sciences",Computer and Information Research Scientists,197100,133380,170460,209500,223660,288310
Massachusetts,"Research and Development in the Physical, Engineering, and Life Sciences",Database Administrators,171580,102970,135450,159250,210620,261860
Massachusetts,"Research and Development in the Physical, Engineering, and Life Sciences",Database Architects,167000,96950,160130,163650,199120,227570
Massachusetts,"Research and Development in the Physical, Engineering, and Life Sciences",Statisticians,121180,83710,83990,95520,161920,200890
Massachusetts,"Research and Development in the Physical, Engineering, and Life Sciences",Data Scientists,144010,84400,117550,135680,167400,206220
Michigan,"Research and Development in the Physical, Engineering, and Life Sciences",All Occupations,132340,69990,99120,131880,159900,181160
Michigan,"Research and Development in the Physical, Engineering, and Life Sciences",Computer and Mathematical Occupations,129920,82590,102190,131800,160930,170040
Michigan,"Research and Development in the Physical, Engineering, and Life Sciences",Computer and Information Research Scientists,86020,82590,82590,82590,82590,85540
Michigan,"Research and Development in the Physical, Engineering, and Life Sciences",Statisticians,191910,121720,154450,213610,221640,221640
Michigan,"Research and Development in the Physical, Engineering, and Life Sciences",Data Scientists,128000,96880,101830,129280,137820,168510
Minnesota,"Research and Development in the Physical, Engineering, and Life Sciences",All Occupations,110790,45190,59410,81710,132650,215370
Minnesota,"Research and Development in the Physical, Engineering, and Life Sciences",Computer and Mathematical Occupations,106340,61810,79490,99810,128600,158230
Minnesota,"Research and Development in the Physical, Engineering, and Life Sciences",Data Scientists,66500,50350,51630,61130,63040,111430
Mississippi,"Research and Development in the Physical, Engineering, and Life Sciences",All Occupations,94660,47660,60010,77820,126600,157550
Mississippi,"Research and Development in the Physical, Engineering, and Life Sciences",Computer and Mathematical Occupations,115740,72780,80840,111180,138930,181430
Missouri,"Research and Development in the Physical, Engineering, and Life Sciences",All Occupations,114170,47580,62030,96930,150820,204430
Missouri,"Research and Development in the Physical, Engineering, and Life Sciences",Computer and Mathematical Occupations,123300,59300,86740,130830,151420,173740
Missouri,"Research and Development in the Physical, Engineering, and Life Sciences",Data Scientists,104560,71910,79190,88700,136630,147640
Montana,"Research and Development in the Physical, Engineering, and Life Sciences",All Occupations,107880,48210,60930,87960,127520,224260
Montana,"Research and Development in the Physical, Engineering, and Life Sciences",Computer and Mathematical Occupations,127330,67120,89710,116090,132570,224260
Nebraska,"Research and Development in the Physical, Engineering, and Life Sciences",All Occupations,85610,39550,47950,66810,125950,145480
Nebraska,"Research and Development in the Physical, Engineering, and Life Sciences",Computer and Mathematical Occupations,103030,47770,68050,105880,133010,139720
Nevada,"Research and Development in the Physical, Engineering, and Life Sciences",All Occupations,112300,47700,62000,102980,150940,191570
Nevada,"Research and Development in the Physical, Engineering, and Life Sciences",Computer and Mathematical Occupations,118360,75150,100160,126170,134050,163100
New Hampshire,"Research and Development in the Physical, Engineering, and Life Sciences",All Occupations,121730,51920,72190,106380,156580,217970
New Hampshire,"Research and Development in the Physical, Engineering, and Life Sciences",Computer and Mathematical Occupations,139710,71860,103660,132820,180340,208690
New Jersey,"Research and Development in the Physical, Engineering, and Life Sciences",All Occupations,169040,73040,103640,160040,213770,293530
New Jersey,"Research and Development in the Physical, Engineering, and Life Sciences",Computer and Mathematical Occupations,149850,94970,122890,147740,170810,203600
New Jersey,"Research and Development in the Physical, Engineering, and Life Sciences",Computer and Information Research Scientists,181210,108100,171330,183180,213650,228990
New Jersey,"Research and Development in the Physical, Engineering, and Life Sciences",Database Administrators,154910,124070,130760,160070,172170,179840
New Jersey,"Research and Development in the Physical, Engineering, and Life Sciences",Statisticians,177040,137970,167230,167230,182650,237430
New Jersey,"Research and Development in the Physical, Engineering, and Life Sciences",Data Scientists,162000,101720,125410,163390,182090,218780
New Mexico,"Research and Development in the Physical, Engineering, and Life Sciences",All Occupations,143180,74260,101750,139870,167380,204150
New Mexico,"Research and Development in the Physical, Engineering, and Life Sciences",Computer and Mathematical Occupations,142820,91770,105150,135560,165360,201250
New Mexico,"Research and Development in the Physical, Engineering, and Life Sciences",Computer and Information Research Scientists,193660,160430,160430,201190,207780,270660
New Mexico,"Research and Development in the Physical, Engineering, and Life Sciences",Database Administrators,110910,86990,95330,98450,121520,172100
New York,"Research and Development in the Physical, Engineering, and Life Sciences",All Occupations,111030,49580,63280,87360,136110,203260
New York,"Research and Development in the Physical, Engineering, and Life Sciences",Computer and Mathematical Occupations,132790,69330,88770,127980,167430,208690
New York,"Research and Development in the Physical, Engineering, and Life Sciences",Computer and Information Research Scientists,160920,94230,108800,148790,203100,252670
New York,"Research and Development in the Physical, Engineering, and Life Sciences",Database Administrators,72300,52610,58940,61180,76820,113780
New York,"Research and Development in the Physical, Engineering, and Life Sciences",Database Architects,132840,59520,83560,116550,177680,224180
New York,"Research and Development in the Physical, Engineering, and Life Sciences",Statisticians,177930,80470,126380,174060,208700,304890
New York,"Research and Development in the Physical, Engineering, and Life Sciences",Data Scientists,126240,63550,77950,108010,170450,206430
North Carolina,"Research and Development in the Physical, Engineering, and Life Sciences",All Occupations,128510,58610,77870,106270,164980,215220
North Carolina,"Research and Development in the Physical, Engineering, and Life Sciences",Computer and Mathematical Occupations,119450,68350,82820,108600,139540,173590
North Carolina,"Research and Development in the Physical, Engineering, and Life Sciences",Database Architects,140860,92800,126400,145000,173590,174360
North Carolina,"Research and Development in the Physical, Engineering, and Life Sciences",Statisticians,128610,81480,101210,124890,161190,193330
North Carolina,"Research and Development in the Physical, Engineering, and Life Sciences",Data Scientists,123690,50800,68350,100830,168390,281410
North Dakota,"Research and Development in the Physical, Engineering, and Life Sciences",All Occupations,84690,38350,50590,62560,132950,148940
Ohio,"Research and Development in the Physical, Engineering, and Life Sciences",All Occupations,110970,49510,67220,98950,137040,180170
Ohio,"Research and Development in the Physical, Engineering, and Life Sciences",Computer and Mathematical Occupations,120130,66080,93090,116480,150910,169420
Ohio,"Research and Development in the Physical, Engineering, and Life Sciences",Database Administrators,119010,71100,93180,125140,133250,159960
Ohio,"Research and Development in the Physical, Engineering, and Life Sciences",Data Scientists,111320,76300,84530,106870,132910,167180
Oklahoma,"Research and Development in the Physical, Engineering, and Life Sciences",All Occupations,96240,39500,48360,77370,131620,180120
Oklahoma,"Research and Development in the Physical, Engineering, and Life Sciences",Computer and Mathematical Occupations,109570,44200,62100,103240,149090,193010
Oklahoma,"Research and Development in the Physical, Engineering, and Life Sciences",Data Scientists,154070,73200,99640,132930,219350,219350
Oregon,"Research and Development in the Physical, Engineering, and Life Sciences",All Occupations,133580,56800,82170,117000,168540,225560
Oregon,"Research and Development in the Physical, Engineering, and Life Sciences",Computer and Mathematical Occupations,135900,78310,97580,134420,167960,198590
Oregon,"Research and Development in the Physical, Engineering, and Life Sciences",Statisticians,140330,94650,107830,140080,168990,169930
Oregon,"Research and Development in the Physical, Engineering, and Life Sciences",Data Scientists,129910,85850,100060,121890,166680,168280
Pennsylvania,"Research and Development in the Physical, Engineering, and Life Sciences",All Occupations,133050,54820,75420,107870,170920,224580
Pennsylvania,"Research and Development in the Physical, Engineering, and Life Sciences",Computer and Mathematical Occupations,131160,64990,82480,125650,167040,217080
Pennsylvania,"Research and Development in the Physical, Engineering, and Life Sciences",Computer and Information Research Scientists,137210,93750,130300,140190,148460,160780
Pennsylvania,"Research and Development in the Physical, Engineering, and Life Sciences",Database Administrators,147060,103370,125680,156750,169200,171600
Pennsylvania,"Research and Development in the Physical, Engineering, and Life Sciences",Database Architects,143050,103380,106790,155640,163590,172580
Pennsylvania,"Research and Development in the Physical, Engineering, and Life Sciences",Statisticians,134840,75740,97130,134530,171540,183140
Pennsylvania,"Research and Development in the Physical, Engineering, and Life Sciences",Data Scientists,125150,72490,95060,122770,152410,180550
Rhode Island,"Research and Development in the Physical, Engineering, and Life Sciences",All Occupations,124890,56730,73130,105060,168040,208000
Rhode Island,"Research and Development in the Physical, Engineering, and Life Sciences",Computer and Mathematical Occupations,117690,90820,103800,106190,126690,168040
South Carolina,"Research and Development in the Physical, Engineering, and Life Sciences",All Occupations,122130,52310,79400,103270,156340,211360
South Carolina,"Research and Development in the Physical, Engineering, and Life Sciences",Computer and Mathematical Occupations,126710,78110,95000,120890,162730,195230
South Dakota,"Research and Development in the Physical, Engineering, and Life Sciences",All Occupations,87470,38410,51980,73010,115500,159820
South Dakota,"Research and Development in the Physical, Engineering, and Life Sciences",Computer and Mathematical Occupations,118100,54480,89530,127450,159830,165700
South Dakota,"Research and Development in the Physical, Engineering, and Life Sciences",Data Scientists,135000,54480,127450,129720,165700,165700
Tennessee,"Research and Development in the Physical, Engineering, and Life Sciences",All Occupations,112890,52570,69550,97810,133640,176550
Tennessee,"Research and Development in the Physical, Engineering, and Life Sciences",Computer and Mathematical Occupations,103440,59920,77160,99570,128190,145190
Tennessee,"Research and Development in the Physical, Engineering, and Life Sciences",Statisticians,138510,94850,136320,137810,153540,167430
Tennessee,"Research and Development in the Physical, Engineering, and Life Sciences",Data Scientists,116940,71400,92640,108540,143150,156160
Texas,"Research and Development in the Physical, Engineering, and Life Sciences",All Occupations,114940,49330,63490,95590,142530,201300
Texas,"Research and Development in the Physical, Engineering, and Life Sciences",Computer and Mathematical Occupations,118500,60410,81180,113890,141770,173480
Texas,"Research and Development in the Physical, Engineering, and Life Sciences",Computer and Information Research Scientists,144630,66240,114990,135930,171820,228420
Texas,"Research and Development in the Physical, Engineering, and Life Sciences",Database Administrators,108930,72760,88030,99610,124600,164180
Texas,"Research and Development in the Physical, Engineering, and Life Sciences",Statisticians,134670,94300,100910,129920,169800,180540
Texas,"Research and Development in the Physical, Engineering, and Life Sciences",Data Scientists,102220,61680,75870,96030,126850,161260
Utah,"Research and Development in the Physical, Engineering, and Life Sciences",All Occupations,108870,44170,57250,97440,146160,190320
Utah,"Research and Development in the Physical, Engineering, and Life Sciences",Computer and Mathematical Occupations,132330,69580,100530,131780,165680,202320
Utah,"Research and Development in the Physical, Engineering, and Life Sciences",Computer and Information Research Scientists,185450,148180,154990,165680,215690,285940
Utah,"Research and Development in the Physical, Engineering, and Life Sciences",Data Scientists,158220,107090,140160,146160,152860,217910
Vermont,"Research and Development in the Physical, Engineering, and Life Sciences",All Occupations,121110,52890,81020,111700,158660,197620
Vermont,"Research and Development in the Physical, Engineering, and Life Sciences",Computer and Mathematical Occupations,126700,68830,85720,122190,146880,235280
Virginia,"Research and Development in the Physical, Engineering, and Life Sciences",All Occupations,134480,63320,84670,127550,167030,215040
Virginia,"Research and Development in the Physical, Engineering, and Life Sciences",Computer and Mathematical Occupations,147030,83310,105920,134970,178830,215040
Virginia,"Research and Development in the Physical, Engineering, and Life Sciences",Computer and Information Research Scientists,160540,103570,131310,158210,195730,217000
Virginia,"Research and Development in the Physical, Engineering, and Life Sciences",Database Administrators,122890,66310,97110,111730,155860,170380
Virginia,"Research and Development in the Physical, Engineering, and Life Sciences",Database Architects,146350,96980,126130,147830,171760,194000
Virginia,"Research and Development in the Physical, Engineering, and Life Sciences",Statisticians,95650,57970,58100,63570,149230,175140
Virginia,"Research and Development in the Physical, Engineering, and Life Sciences",Data Scientists,116120,66580,82510,110580,129780,168520
Washington,"Research and Development in the Physical, Engineering, and Life Sciences",All Occupations,135380,64120,83700,127800,168470,213720
Washington,"Research and Development in the Physical, Engineering, and Life Sciences",Computer and Mathematical Occupations,148330,95220,111270,140850,171640,207400
Washington,"Research and Development in the Physical, Engineering, and Life Sciences",Computer and Information Research Scientists,180320,82200,124760,183290,210930,294390
Washington,"Research and Development in the Physical, Engineering, and Life Sciences",Database Architects,144050,111950,136350,138350,162330,164210
Washington,"Research and Development in the Physical, Engineering, and Life Sciences",Statisticians,129770,81620,102470,130310,167840,171920
Washington,"Research and Development in the Physical, Engineering, and Life Sciences",Data Scientists,153330,103310,129540,149880,169620,208700
Washington,"Research and Development in the Physical, Engineering, and Life Sciences","Mathematical Science Occupations, All Other",86360,55980,58630,81180,105090,136510
West Virginia,"Research and Development in the Physical, Engineering, and Life Sciences",All Occupations,91850,39360,50760,82060,119110,159010
West Virginia,"Research and Development in the Physical, Engineering, and Life Sciences",Computer and Mathematical Occupations,104670,53630,81490,103380,127270,149150
West Virginia,"Research and Development in the Physical, Engineering, and Life Sciences",Computer and Information Research Scientists,114990,101030,102220,103380,127270,137950
Wisconsin,"Research and Development in the Physical, Engineering, and Life Sciences",All Occupations,99530,49450,62040,80410,125630,164430
Wisconsin,"Research and Development in the Physical, Engineering, and Life Sciences",Computer and Mathematical Occupations,93910,54660,67330,92410,111560,131270
Wisconsin,"Research and Development in the Physical, Engineering, and Life Sciences",Statisticians,118520,81260,98310,121710,136600,153960
Wisconsin,"Research and Development in the Physical, Engineering, and Life Sciences",Data Scientists,101430,63560,83480,95190,124230,148410
Wyoming,"Research and Development in the Physical, Engineering, and Life Sciences",All Occupations,115770,38820,55540,108240,166110,192890
Wyoming,"Research and Development in the Physical, Engineering, and Life Sciences",Computer and Mathematical Occupations,164420,117380,138890,170350,170350,175090
Puerto Rico,"Research and Development in the Physical, Engineering, and Life Sciences",All Occupations,54480,29660,36580,49680,61650,80580
Alabama,Research and Development in the Social Sciences and Humanities,All Occupations,91920,47500,58260,87990,115250,120030
Alaska,Research and Development in the Social Sciences and Humanities,All Occupations,98020,57100,69410,102120,109770,158790
Arizona,Research and Development in the Social Sciences and Humanities,All Occupations,81760,45300,49090,70020,100950,137640
Arkansas,Research and Development in the Social Sciences and Humanities,All Occupations,73210,30960,37340,56750,93930,158990
California,Research and Development in the Social Sciences and Humanities,All Occupations,108460,49750,64260,93230,134520,181220
California,Research and Development in the Social Sciences and Humanities,Computer and Mathematical Occupations,108330,47490,75060,101870,133510,167190
California,Research and Development in the Social Sciences and Humanities,Data Scientists,108420,73940,81550,93080,119600,167610
Colorado,Research and Development in the Social Sciences and Humanities,All Occupations,132230,59990,77500,113060,169940,245550
Colorado,Research and Development in the Social Sciences and Humanities,Computer and Mathematical Occupations,140870,81280,101460,135140,171710,213290
Colorado,Research and Development in the Social Sciences and Humanities,Data Scientists,122990,84490,88160,124040,158110,171710
Connecticut,Research and Development in the Social Sciences and Humanities,All Occupations,112070,57640,78780,103500,128730,167600
Delaware,Research and Development in the Social Sciences and Humanities,All Occupations,98320,40400,51990,76300,129370,170590
District of Columbia,Research and Development in the Social Sciences and Humanities,All Occupations,124770,60670,67030,101250,163040,219800
District of Columbia,Research and Development in the Social Sciences and Humanities,Computer and Mathematical Occupations,141860,66300,91630,132860,203300,218210
Florida,Research and Development in the Social Sciences and Humanities,All Occupations,70280,34380,46000,55870,81530,121970
Florida,Research and Development in the Social Sciences and Humanities,Computer and Mathematical Occupations,77980,51130,59710,61840,95910,110500
Georgia,Research and Development in the Social Sciences and Humanities,All Occupations,79410,38650,51770,70680,103310,129190
Georgia,Research and Development in the Social Sciences and Humanities,Computer and Mathematical Occupations,117290,92550,112510,119030,128960,144130
Hawaii,Research and Development in the Social Sciences and Humanities,All Occupations,91170,54980,59170,80770,120580,143950
Idaho,Research and Development in the Social Sciences and Humanities,All Occupations,60200,24280,29070,64420,71440,94700
Illinois,Research and Development in the Social Sciences and Humanities,All Occupations,112020,51010,62840,100030,134100,190660
Indiana,Research and Development in the Social Sciences and Humanities,All Occupations,79010,36210,46160,62350,95530,143780
Indiana,Research and Development in the Social Sciences and Humanities,Computer and Mathematical Occupations,91500,54080,59480,89540,119190,131700
Iowa,Research and Development in the Social Sciences and Humanities,All Occupations,67060,38980,42500,61520,83280,131700
Kansas,Research and Development in the Social Sciences and Humanities,All Occupations,97350,36130,43140,78660,131910,195770
Kentucky,Research and Development in the Social Sciences and Humanities,All Occupations,78740,37190,43390,64330,107870,136870
Maine,Research and Development in the Social Sciences and Humanities,All Occupations,97470,46550,77830,94540,125060,150430
Maryland,Research and Development in the Social Sciences and Humanities,All Occupations,115830,49180,65790,105020,141870,205770
Maryland,Research and Development in the Social Sciences and Humanities,Computer and Mathematical Occupations,117820,70000,83750,106190,137300,171400
Maryland,Research and Development in the Social Sciences and Humanities,Statisticians,123040,81010,81010,123130,137300,169490
Maryland,Research and Development in the Social Sciences and Humanities,Data Scientists,147440,86390,111310,165480,171520,197660
Massachusetts,Research and Development in the Social Sciences and Humanities,All Occupations,136260,62920,77420,98400,149130,263580
Massachusetts,Research and Development in the Social Sciences and Humanities,Computer and Mathematical Occupations,115690,74660,91760,106350,135630,145900
Massachusetts,Research and Development in the Social Sciences and Humanities,Data Scientists,122140,96620,100610,129990,143500,143980
Michigan,Research and Development in the Social Sciences and Humanities,All Occupations,86410,40210,44380,67090,108700,153720
Michigan,Research and Development in the Social Sciences and Humanities,Computer and Mathematical Occupations,97820,59910,62500,95960,129670,143220
Minnesota,Research and Development in the Social Sciences and Humanities,All Occupations,104550,53390,61320,79530,126510,202230
Missouri,Research and Development in the Social Sciences and Humanities,All Occupations,92300,45670,47320,66390,98540,136280
Montana,Research and Development in the Social Sciences and Humanities,All Occupations,96370,55100,62130,94490,127360,141040
Nebraska,Research and Development in the Social Sciences and Humanities,All Occupations,86720,41210,47740,70520,112720,157450
Nevada,Research and Development in the Social Sciences and Humanities,All Occupations,86670,56820,62280,77130,106240,143070
New Hampshire,Research and Development in the Social Sciences and Humanities,All Occupations,101650,46930,56600,76500,128920,214130
New Jersey,Research and Development in the Social Sciences and Humanities,All Occupations,108450,49290,58540,79350,132800,209560
New Mexico,Research and Development in the Social Sciences and Humanities,All Occupations,102340,51880,60650,84790,105880,152120
New Mexico,Research and Development in the Social Sciences and Humanities,Computer and Mathematical Occupations,99950,70810,84790,99430,114040,124670
New York,Research and Development in the Social Sciences and Humanities,All Occupations,87870,39020,48880,69210,103920,156310
New York,Research and Development in the Social Sciences and Humanities,Computer and Mathematical Occupations,84260,46450,46450,82510,103390,130260
New York,Research and Development in the Social Sciences and Humanities,Data Scientists,108760,83640,98020,113280,113280,132940
North Carolina,Research and Development in the Social Sciences and Humanities,All Occupations,103040,38910,50640,89400,134750,176080
North Carolina,Research and Development in the Social Sciences and Humanities,Computer and Mathematical Occupations,119570,79780,98120,106420,137740,164530
North Carolina,Research and Development in the Social Sciences and Humanities,Data Scientists,148830,99120,119150,162050,164530,172440
Ohio,Research and Development in the Social Sciences and Humanities,All Occupations,87880,49560,54130,78380,108580,133480
Ohio,Research and Development in the Social Sciences and Humanities,Computer and Mathematical Occupations,70590,50140,50580,51640,79540,154120
Oklahoma,Research and Development in the Social Sciences and Humanities,All Occupations,67780,34880,38130,47740,94440,138550
Oregon,Research and Development in the Social Sciences and Humanities,All Occupations,103440,53670,65360,89240,119570,162170
Oregon,Research and Development in the Social Sciences and Humanities,Computer and Mathematical Occupations,95000,52950,64230,83930,112290,148500
Pennsylvania,Research and Development in the Social Sciences and Humanities,All Occupations,97760,44240,59070,83980,127250,172540
Pennsylvania,Research and Development in the Social Sciences and Humanities,Computer and Mathematical Occupations,118760,76860,80550,97120,145770,200320
Pennsylvania,Research and Development in the Social Sciences and Humanities,Data Scientists,119930,75330,81010,93320,167420,216860
South Carolina,Research and Development in the Social Sciences and Humanities,All Occupations,104940,45570,59190,100090,148940,168430
South Dakota,Research and Development in the Social Sciences and Humanities,All Occupations,79420,44140,59700,65720,87670,115230
Tennessee,Research and Development in the Social Sciences and Humanities,All Occupations,90560,47560,59450,75240,115990,154480
Texas,Research and Development in the Social Sciences and Humanities,All Occupations,71480,37630,42730,52280,86330,133150
Texas,Research and Development in the Social Sciences and Humanities,Computer and Mathematical Occupations,102670,60850,75180,98170,131640,149810
Texas,Research and Development in the Social Sciences and Humanities,Data Scientists,96360,47420,76130,100800,107360,145290
Utah,Research and Development in the Social Sciences and Humanities,All Occupations,97520,40550,53510,81420,144780,164180
Vermont,Research and Development in the Social Sciences and Humanities,All Occupations,129910,55610,74400,129440,193540,209150
Virginia,Research and Development in the Social Sciences and Humanities,All Occupations,127970,58500,77280,114530,169230,216860
Virginia,Research and Development in the Social Sciences and Humanities,Computer and Mathematical Occupations,128890,73270,85270,122380,160950,207230
Virginia,Research and Development in the Social Sciences and Humanities,Database Administrators,95110,66950,69230,82790,102790,151910
Virginia,Research and Development in the Social Sciences and Humanities,Data Scientists,134480,86000,106890,125540,159630,197430
Washington,Research and Development in the Social Sciences and Humanities,All Occupations,107650,54560,72620,97170,130470,175170
Washington,Research and Development in the Social Sciences and Humanities,Computer and Mathematical Occupations,99800,75610,81310,93380,105200,155540
Washington,Research and Development in the Social Sciences and Humanities,Statisticians,87720,76220,81270,90250,93600,100320
West Virginia,Research and Development in the Social Sciences and Humanities,All Occupations,62400,27320,36950,53550,73490,107130
Wisconsin,Research and Development in the Social Sciences and Humanities,All Occupations,70600,37070,45560,52990,88230,120370
Wisconsin,Research and Development in the Social Sciences and Humanities,Computer and Mathematical Occupations,105360,72450,81510,99590,112580,191710
Wyoming,Research and Development in the Social Sciences and Humanities,All Occupations,72990,40070,40070,62380,81430,123250
Puerto Rico,Research and Development in the Social Sciences and Humanities,All Occupations,56680,24680,29530,41900,75400,104010
Alabama,"Advertising, Public Relations, and Related Services",All Occupations,69990,29390,39680,57070,80900,130080
Alabama,"Advertising, Public Relations, and Related Services",Computer and Mathematical Occupations,90010,45580,48740,80670,112490,161990
Alaska,"Advertising, Public Relations, and Related Services",All Occupations,68600,30920,37130,63870,98800,113010
Arizona,"Advertising, Public Relations, and Related Services",All Occupations,72210,32180,47340,62140,82500,124470
Arizona,"Advertising, Public Relations, and Related Services",Computer and Mathematical Occupations,69440,42950,55730,64910,76230,93100
Arkansas,"Advertising, Public Relations, and Related Services",All Occupations,66830,31550,37920,55280,77180,110780
Arkansas,"Advertising, Public Relations, and Related Services",Computer and Mathematical Occupations,85320,38230,62820,78760,104670,125660
California,"Advertising, Public Relations, and Related Services",All Occupations,102080,38860,55770,80980,128730,186690
California,"Advertising, Public Relations, and Related Services",Computer and Mathematical Occupations,125840,59340,80300,121160,163000,204290
California,"Advertising, Public Relations, and Related Services",Database Architects,138850,101040,124480,132430,154420,185470
California,"Advertising, Public Relations, and Related Services",Data Scientists,134410,74830,85500,116220,175310,214100
Colorado,"Advertising, Public Relations, and Related Services",All Occupations,94280,37750,50510,79970,109560,164930
Colorado,"Advertising, Public Relations, and Related Services",Computer and Mathematical Occupations,120500,58420,86060,126020,156430,174990
Colorado,"Advertising, Public Relations, and Related Services",Data Scientists,117440,86060,86110,122370,129200,154850
Connecticut,"Advertising, Public Relations, and Related Services",All Occupations,82110,35430,40830,60790,99430,164210
Connecticut,"Advertising, Public Relations, and Related Services",Computer and Mathematical Occupations,86970,49590,57160,79150,106950,143100
Delaware,"Advertising, Public Relations, and Related Services",All Occupations,61510,31200,31440,41230,71680,114550
Delaware,"Advertising, Public Relations, and Related Services",Computer and Mathematical Occupations,91590,68160,72470,95680,100630,123990
District of Columbia,"Advertising, Public Relations, and Related Services",All Occupations,172110,64460,81990,145160,219770,346190
District of Columbia,"Advertising, Public Relations, and Related Services",Computer and Mathematical Occupations,148870,85020,127100,155550,171560,213500
District of Columbia,"Advertising, Public Relations, and Related Services",Data Scientists,171990,64500,145160,169920,216540,216570
Florida,"Advertising, Public Relations, and Related Services",All Occupations,86480,30380,40280,62460,105180,164090
Florida,"Advertising, Public Relations, and Related Services",Computer and Mathematical Occupations,113440,52340,70250,98690,154060,188650
Florida,"Advertising, Public Relations, and Related Services",Data Scientists,79120,46990,46990,61500,84180,152570
Georgia,"Advertising, Public Relations, and Related Services",All Occupations,80770,30370,38680,60920,100000,153300
Georgia,"Advertising, Public Relations, and Related Services",Computer and Mathematical Occupations,114570,61590,83760,103140,145970,173300
Georgia,"Advertising, Public Relations, and Related Services",Data Scientists,133310,88780,96630,121910,171610,198950
Hawaii,"Advertising, Public Relations, and Related Services",All Occupations,63640,36400,38140,47170,79990,97690
Idaho,"Advertising, Public Relations, and Related Services",All Occupations,79720,30910,34450,58170,108690,162990
Idaho,"Advertising, Public Relations, and Related Services",Computer and Mathematical Occupations,139620,64810,138910,159990,159990,168230
Illinois,"Advertising, Public Relations, and Related Services",All Occupations,97360,34780,47640,77140,125030,191520
Illinois,"Advertising, Public Relations, and Related Services",Computer and Mathematical Occupations,100810,63660,74300,84970,126670,158850
Illinois,"Advertising, Public Relations, and Related Services",Database Architects,107450,81110,104510,104580,125990,132220
Illinois,"Advertising, Public Relations, and Related Services",Data Scientists,168390,93560,155220,182220,198650,200320
Indiana,"Advertising, Public Relations, and Related Services",All Occupations,71330,29670,37440,57370,80750,122060
Indiana,"Advertising, Public Relations, and Related Services",Computer and Mathematical Occupations,112830,42670,60060,75510,113790,196300
Iowa,"Advertising, Public Relations, and Related Services",All Occupations,71900,31650,45220,60530,83620,127070
Iowa,"Advertising, Public Relations, and Related Services",Computer and Mathematical Occupations,92360,54090,60950,89910,105140,151490
Kansas,"Advertising, Public Relations, and Related Services",All Occupations,67300,29790,38050,55430,80050,115190
Kansas,"Advertising, Public Relations, and Related Services",Computer and Mathematical Occupations,77930,48730,63270,76240,84660,114180
Kentucky,"Advertising, Public Relations, and Related Services",All Occupations,71130,29740,38570,57530,82630,139130
Kentucky,"Advertising, Public Relations, and Related Services",Computer and Mathematical Occupations,117470,61160,76340,137760,142250,163910
Louisiana,"Advertising, Public Relations, and Related Services",All Occupations,66530,29680,40990,53840,76750,119110
Louisiana,"Advertising, Public Relations, and Related Services",Computer and Mathematical Occupations,76550,40240,46860,63430,95340,136130
Maine,"Advertising, Public Relations, and Related Services",All Occupations,81390,35380,45110,61640,97200,167940
Maine,"Advertising, Public Relations, and Related Services",Computer and Mathematical Occupations,80610,55270,58960,67530,104140,115340
Maryland,"Advertising, Public Relations, and Related Services",All Occupations,86710,35560,46180,69290,105490,158660
Maryland,"Advertising, Public Relations, and Related Services",Computer and Mathematical Occupations,79610,31200,31200,70600,123610,137270
Massachusetts,"Advertising, Public Relations, and Related Services",All Occupations,104260,44450,56220,84360,132560,178810
Massachusetts,"Advertising, Public Relations, and Related Services",Computer and Mathematical Occupations,100150,44450,69970,98090,127750,154490
Michigan,"Advertising, Public Relations, and Related Services",All Occupations,82630,38600,49090,64650,99990,138050
Michigan,"Advertising, Public Relations, and Related Services",Computer and Mathematical Occupations,88670,50900,63530,75040,100040,160190
Michigan,"Advertising, Public Relations, and Related Services",Data Scientists,115940,68070,84380,100000,177200,183810
Minnesota,"Advertising, Public Relations, and Related Services",All Occupations,80770,34190,48590,68130,99630,136980
Minnesota,"Advertising, Public Relations, and Related Services",Computer and Mathematical Occupations,88360,48590,63530,88710,105290,127240
Minnesota,"Advertising, Public Relations, and Related Services",Database Architects,98290,57490,77630,96250,121760,127300
Mississippi,"Advertising, Public Relations, and Related Services",All Occupations,45490,24660,28470,36090,51530,78740
Mississippi,"Advertising, Public Relations, and Related Services",Computer and Mathematical Occupations,54600,48260,48260,48260,48260,83160
Missouri,"Advertising, Public Relations, and Related Services",All Occupations,76740,35700,46920,61630,96520,130970
Missouri,"Advertising, Public Relations, and Related Services",Computer and Mathematical Occupations,86450,48820,50890,73440,112040,140900
Montana,"Advertising, Public Relations, and Related Services",All Occupations,69150,31200,41220,56430,85370,130560
Montana,"Advertising, Public Relations, and Related Services",Computer and Mathematical Occupations,113370,60680,67130,118400,153200,164560
Nebraska,"Advertising, Public Relations, and Related Services",All Occupations,70630,32180,42900,60420,86920,116710
Nebraska,"Advertising, Public Relations, and Related Services",Computer and Mathematical Occupations,88110,49830,71180,80910,96310,125610
Nebraska,"Advertising, Public Relations, and Related Services",Data Scientists,93970,78960,79180,85710,93850,121090
Nevada,"Advertising, Public Relations, and Related Services",All Occupations,85980,30900,39160,66960,101390,168710
Nevada,"Advertising, Public Relations, and Related Services",Computer and Mathematical Occupations,103090,65740,76090,106520,120010,150290
New Hampshire,"Advertising, Public Relations, and Related Services",All Occupations,87730,40010,48790,63540,98070,171090
New Hampshire,"Advertising, Public Relations, and Related Services",Computer and Mathematical Occupations,96540,61480,78300,97940,111640,135070
New Jersey,"Advertising, Public Relations, and Related Services",All Occupations,94210,36830,48760,78530,116870,169160
New Jersey,"Advertising, Public Relations, and Related Services",Computer and Mathematical Occupations,93200,58570,73520,83770,112380,130130
New Mexico,"Advertising, Public Relations, and Related Services",All Occupations,58580,28460,34320,49960,69860,98770
New York,"Advertising, Public Relations, and Related Services",All Occupations,127130,51340,69120,101740,166540,222660
New York,"Advertising, Public Relations, and Related Services",Computer and Mathematical Occupations,123980,62980,80270,111310,155900,205430
New York,"Advertising, Public Relations, and Related Services",Database Administrators,109880,80200,92300,111310,134650,143150
New York,"Advertising, Public Relations, and Related Services",Database Architects,110550,63850,82430,100480,124680,162000
New York,"Advertising, Public Relations, and Related Services",Data Scientists,114040,67180,82970,106130,132290,166720
North Carolina,"Advertising, Public Relations, and Related Services",All Occupations,73660,28200,36050,55640,82710,132190
North Carolina,"Advertising, Public Relations, and Related Services",Computer and Mathematical Occupations,89960,36310,57320,79990,123710,141370
North Carolina,"Advertising, Public Relations, and Related Services",Database Architects,138400,97620,130300,132720,164360,188570
North Dakota,"Advertising, Public Relations, and Related Services",All Occupations,60040,32180,36040,51310,76980,93280
Ohio,"Advertising, Public Relations, and Related Services",All Occupations,74320,31560,41450,60680,93040,130730
Ohio,"Advertising, Public Relations, and Related Services",Computer and Mathematical Occupations,73700,46790,55880,64640,87920,112420
Oklahoma,"Advertising, Public Relations, and Related Services",All Occupations,70700,29620,38030,58900,82270,124810
Oklahoma,"Advertising, Public Relations, and Related Services",Computer and Mathematical Occupations,85540,45660,57410,88900,105880,124680
Oregon,"Advertising, Public Relations, and Related Services",All Occupations,86610,37270,49590,79300,104710,142720
Oregon,"Advertising, Public Relations, and Related Services",Computer and Mathematical Occupations,92620,81680,81680,81680,81680,121070
Pennsylvania,"Advertising, Public Relations, and Related Services",All Occupations,79810,34230,45400,64500,98840,138010
Pennsylvania,"Advertising, Public Relations, and Related Services",Computer and Mathematical Occupations,80460,50910,60830,74790,95950,116650
Pennsylvania,"Advertising, Public Relations, and Related Services",Data Scientists,91510,59820,64110,80900,126040,144650
Rhode Island,"Advertising, Public Relations, and Related Services",All Occupations,84540,39690,45200,78240,99510,133670
South Carolina,"Advertising, Public Relations, and Related Services",All Occupations,77810,21250,40730,58610,93430,158380
South Carolina,"Advertising, Public Relations, and Related Services",Computer and Mathematical Occupations,72450,41590,43720,63390,91160,123880
South Carolina,"Advertising, Public Relations, and Related Services",Data Scientists,90800,47470,64380,110260,115890,123880
South Dakota,"Advertising, Public Relations, and Related Services",All Occupations,63830,30050,43360,52650,76490,102300
South Dakota,"Advertising, Public Relations, and Related Services",Computer and Mathematical Occupations,61850,44990,46320,47520,79550,100540
Tennessee,"Advertising, Public Relations, and Related Services",All Occupations,74420,35470,43530,60520,87650,138210
Tennessee,"Advertising, Public Relations, and Related Services",Computer and Mathematical Occupations,77380,44470,52880,76810,97140,111710
Texas,"Advertising, Public Relations, and Related Services",All Occupations,73650,33270,43170,59570,90210,129920
Texas,"Advertising, Public Relations, and Related Services",Computer and Mathematical Occupations,95060,50450,64440,91610,115090,139840
Texas,"Advertising, Public Relations, and Related Services",Database Administrators,104120,67230,82740,100910,123000,130740
Texas,"Advertising, Public Relations, and Related Services",Database Architects,132400,74000,78820,165700,180910,186600
Texas,"Advertising, Public Relations, and Related Services",Data Scientists,125190,103140,113490,123910,134920,151670
Utah,"Advertising, Public Relations, and Related Services",All Occupations,73730,34950,38380,56070,84990,149770
Utah,"Advertising, Public Relations, and Related Services",Computer and Mathematical Occupations,95220,58490,67400,82480,126770,155770
Utah,"Advertising, Public Relations, and Related Services",Data Scientists,101050,72030,75260,100590,126770,135630
Vermont,"Advertising, Public Relations, and Related Services",All Occupations,95540,36560,52480,84980,131630,174350
Virginia,"Advertising, Public Relations, and Related Services",All Occupations,88790,32210,43040,63550,103870,181260
Virginia,"Advertising, Public Relations, and Related Services",Computer and Mathematical Occupations,97200,49150,63680,91880,130400,145670
Virginia,"Advertising, Public Relations, and Related Services",Database Administrators,77450,49900,60720,72950,97980,113710
Washington,"Advertising, Public Relations, and Related Services",All Occupations,88320,38560,45240,74010,105980,163380
Washington,"Advertising, Public Relations, and Related Services",Computer and Mathematical Occupations,97010,60750,72420,92310,99520,139910
West Virginia,"Advertising, Public Relations, and Related Services",All Occupations,54980,23210,32420,46480,68000,97170
West Virginia,"Advertising, Public Relations, and Related Services",Computer and Mathematical Occupations,64480,39010,44330,78240,78490,81240
Wisconsin,"Advertising, Public Relations, and Related Services",All Occupations,65970,34560,41550,57670,76180,111950
Wisconsin,"Advertising, Public Relations, and Related Services",Computer and Mathematical Occupations,88100,45120,62740,80360,113830,142150
Wyoming,"Advertising, Public Relations, and Related Services",All Occupations,74100,30980,41600,61740,96470,147060
Guam,"Advertising, Public Relations, and Related Services",All Occupations,50180,21500,28840,39670,59170,89840
Puerto Rico,"Advertising, Public Relations, and Related Services",All Occupations,44050,23640,27690,39150,48900,63150
Puerto Rico,"Advertising, Public Relations, and Related Services",Computer and Mathematical Occupations,45140,23960,35710,40950,60220,67230
Alabama,"Other Professional, Scientific, and Technical Services",All Occupations,49770,24890,29090,36780,50430,99600
Alabama,"Other Professional, Scientific, and Technical Services",Computer and Mathematical Occupations,119190,56220,65690,125890,160120,188800
Alaska,"Other Professional, Scientific, and Technical Services",All Occupations,80120,36350,38560,60830,86360,124810
Alaska,"Other Professional, Scientific, and Technical Services",Computer and Mathematical Occupations,85030,32680,73170,74370,83770,118580
Arizona,"Other Professional, Scientific, and Technical Services",All Occupations,71430,35520,38340,46600,77360,131990
Arizona,"Other Professional, Scientific, and Technical Services",Computer and Mathematical Occupations,93960,61190,80740,90960,98040,134770
Arkansas,"Other Professional, Scientific, and Technical Services",All Occupations,54530,27680,29980,36360,54410,109190
Arkansas,"Other Professional, Scientific, and Technical Services",Computer and Mathematical Occupations,145280,59610,111740,152610,161930,234740
California,"Other Professional, Scientific, and Technical Services",All Occupations,83670,38350,45520,58110,98190,168660
California,"Other Professional, Scientific, and Technical Services",Computer and Mathematical Occupations,131520,60860,89020,123730,170010,208030
California,"Other Professional, Scientific, and Technical Services",Computer and Information Research Scientists,108180,84230,85750,98790,112130,134290
California,"Other Professional, Scientific, and Technical Services",Database Administrators,113390,92590,104820,105020,119200,158070
California,"Other Professional, Scientific, and Technical Services",Database Architects,145900,86280,100810,142040,195000,220680
California,"Other Professional, Scientific, and Technical Services",Data Scientists,136460,80350,98380,124600,181900,218230
Colorado,"Other Professional, Scientific, and Technical Services",All Occupations,83920,36990,43950,58980,108330,163400
Colorado,"Other Professional, Scientific, and Technical Services",Computer and Mathematical Occupations,130330,69280,81260,131000,162430,197740
Colorado,"Other Professional, Scientific, and Technical Services",Statisticians,70920,46580,61960,73130,77580,79310
Colorado,"Other Professional, Scientific, and Technical Services",Data Scientists,127120,54720,69280,69540,144830,349990
Connecticut,"Other Professional, Scientific, and Technical Services",All Occupations,87290,37230,43920,56400,104490,172660
Connecticut,"Other Professional, Scientific, and Technical Services",Computer and Mathematical Occupations,106220,51560,81380,94390,126600,156010
Connecticut,"Other Professional, Scientific, and Technical Services",Data Scientists,155650,88670,92630,130500,243500,256420
Delaware,"Other Professional, Scientific, and Technical Services",All Occupations,66310,31790,37340,48460,63020,127700
District of Columbia,"Other Professional, Scientific, and Technical Services",All Occupations,107750,47170,67550,86490,134460,186510
District of Columbia,"Other Professional, Scientific, and Technical Services",Computer and Mathematical Occupations,140240,63520,115850,138610,162140,206180
District of Columbia,"Other Professional, Scientific, and Technical Services",Data Scientists,149450,115850,115850,126490,206170,206180
Florida,"Other Professional, Scientific, and Technical Services",All Occupations,76430,33620,38350,49910,87330,158540
Florida,"Other Professional, Scientific, and Technical Services",Computer and Mathematical Occupations,111550,48080,64430,101560,150290,187980
Florida,"Other Professional, Scientific, and Technical Services",Database Administrators,88760,45080,45900,46210,138350,138350
Florida,"Other Professional, Scientific, and Technical Services",Data Scientists,176000,108670,118290,174090,225610,269370
Georgia,"Other Professional, Scientific, and Technical Services",All Occupations,64570,29630,35200,44910,78180,132020
Georgia,"Other Professional, Scientific, and Technical Services",Computer and Mathematical Occupations,79490,43440,51710,51710,105950,146710
Georgia,"Other Professional, Scientific, and Technical Services",Data Scientists,110150,77890,79600,88950,125990,202450
Hawaii,"Other Professional, Scientific, and Technical Services",All Occupations,64210,34660,38500,46850,67280,129990
Idaho,"Other Professional, Scientific, and Technical Services",All Occupations,66090,28410,36790,46690,81450,124700
Idaho,"Other Professional, Scientific, and Technical Services",Computer and Mathematical Occupations,111650,81450,81450,81450,104400,155490
Idaho,"Other Professional, Scientific, and Technical Services",Data Scientists,82940,81450,81450,81450,81450,81450
Illinois,"Other Professional, Scientific, and Technical Services",All Occupations,74360,33990,38050,47930,83700,153150
Illinois,"Other Professional, Scientific, and Technical Services",Computer and Mathematical Occupations,85640,46800,50410,66990,111140,135430
Illinois,"Other Professional, Scientific, and Technical Services",Statisticians,149190,108410,120620,134370,183340,216080
Illinois,"Other Professional, Scientific, and Technical Services",Data Scientists,130080,97010,105060,133970,164000,164440
Illinois,"Other Professional, Scientific, and Technical Services","Mathematical Science Occupations, All Other",70840,48840,65760,76820,77240,78980
Indiana,"Other Professional, Scientific, and Technical Services",All Occupations,62120,29360,35670,44600,70960,125050
Indiana,"Other Professional, Scientific, and Technical Services",Computer and Mathematical Occupations,101690,58770,66040,93770,110980,168740
Iowa,"Other Professional, Scientific, and Technical Services",All Occupations,57120,28260,35220,41990,63590,113680
Iowa,"Other Professional, Scientific, and Technical Services",Computer and Mathematical Occupations,86080,72910,76960,84840,93350,111250
Kansas,"Other Professional, Scientific, and Technical Services",All Occupations,69060,30060,36320,47230,84610,139120
Kansas,"Other Professional, Scientific, and Technical Services",Computer and Mathematical Occupations,118850,61880,85350,109990,159830,181490
Kentucky,"Other Professional, Scientific, and Technical Services",All Occupations,57380,27770,33150,40990,64680,108930
Kentucky,"Other Professional, Scientific, and Technical Services",Computer and Mathematical Occupations,96600,35360,61930,94350,121000,179150
Kentucky,"Other Professional, Scientific, and Technical Services",Data Scientists,93080,61950,73860,75340,130840,138790
Louisiana,"Other Professional, Scientific, and Technical Services",All Occupations,59280,27730,31250,42840,73780,115740
Maine,"Other Professional, Scientific, and Technical Services",All Occupations,68740,37760,45070,50250,74040,130640
Maryland,"Other Professional, Scientific, and Technical Services",All Occupations,85720,37930,44070,62440,111100,167550
Maryland,"Other Professional, Scientific, and Technical Services",Computer and Mathematical Occupations,120730,68850,100110,111100,155690,170450
Maryland,"Other Professional, Scientific, and Technical Services",Data Scientists,157760,108290,133680,166490,177990,189990
Massachusetts,"Other Professional, Scientific, and Technical Services",All Occupations,91540,37820,47610,61710,114800,186470
Massachusetts,"Other Professional, Scientific, and Technical Services",Computer and Mathematical Occupations,104330,55740,55740,99450,130280,162490
Michigan,"Other Professional, Scientific, and Technical Services",All Occupations,69000,33280,37540,49920,82110,127460
Michigan,"Other Professional, Scientific, and Technical Services",Computer and Mathematical Occupations,99320,46030,58040,116890,116890,135960
Michigan,"Other Professional, Scientific, and Technical Services",Data Scientists,111230,54920,56990,89140,140260,217580
Minnesota,"Other Professional, Scientific, and Technical Services",All Occupations,81350,35680,42950,58570,96910,162100
Minnesota,"Other Professional, Scientific, and Technical Services",Computer and Mathematical Occupations,129310,50110,68060,105750,228950,228950
Minnesota,"Other Professional, Scientific, and Technical Services",Data Scientists,196690,74120,228950,228950,228950,228950
Mississippi,"Other Professional, Scientific, and Technical Services",All Occupations,50350,22820,28090,36680,60520,100010
Mississippi,"Other Professional, Scientific, and Technical Services",Computer and Mathematical Occupations,90880,57020,68670,88390,106280,123800
Missouri,"Other Professional, Scientific, and Technical Services",All Occupations,63740,30360,34770,44430,75120,124500
Missouri,"Other Professional, Scientific, and Technical Services",Computer and Mathematical Occupations,96000,48870,57340,88250,128690,169990
Missouri,"Other Professional, Scientific, and Technical Services",Data Scientists,95830,48410,64110,81430,100550,175550
Montana,"Other Professional, Scientific, and Technical Services",All Occupations,61670,32220,37400,44980,68080,117800
Nebraska,"Other Professional, Scientific, and Technical Services",All Occupations,64620,31200,37210,47410,76320,107960
Nebraska,"Other Professional, Scientific, and Technical Services",Computer and Mathematical Occupations,88390,49840,64440,79790,101670,134030
Nevada,"Other Professional, Scientific, and Technical Services",All Occupations,60790,28720,35580,43480,64460,123410
Nevada,"Other Professional, Scientific, and Technical Services",Computer and Mathematical Occupations,101930,57140,63500,89870,113530,144250
Nevada,"Other Professional, Scientific, and Technical Services",Data Scientists,100450,57140,57140,63470,109990,283440
New Hampshire,"Other Professional, Scientific, and Technical Services",All Occupations,76160,33540,38950,49160,81600,161550
New Hampshire,"Other Professional, Scientific, and Technical Services",Computer and Mathematical Occupations,161510,57890,94440,129990,260000,260000
New Hampshire,"Other Professional, Scientific, and Technical Services",Data Scientists,210510,129990,129990,260000,260000,260010
New Jersey,"Other Professional, Scientific, and Technical Services",All Occupations,90110,36810,44590,58430,115770,187140
New Jersey,"Other Professional, Scientific, and Technical Services",Computer and Mathematical Occupations,134240,62970,96360,133480,167830,202240
New Jersey,"Other Professional, Scientific, and Technical Services",Data Scientists,94700,59150,63660,96700,99480,137350
New Mexico,"Other Professional, Scientific, and Technical Services",All Occupations,63680,31120,37160,45060,66900,132690
New Mexico,"Other Professional, Scientific, and Technical Services",Computer and Mathematical Occupations,91330,58350,69300,93460,115990,126880
New York,"Other Professional, Scientific, and Technical Services",All Occupations,87460,38910,46380,65500,104380,161140
New York,"Other Professional, Scientific, and Technical Services",Computer and Mathematical Occupations,122750,75500,88010,115790,143080,187880
New York,"Other Professional, Scientific, and Technical Services",Database Administrators,121310,81900,114600,124830,143080,143080
New York,"Other Professional, Scientific, and Technical Services",Data Scientists,113270,67020,93100,113990,131710,159820
North Carolina,"Other Professional, Scientific, and Technical Services",All Occupations,67270,29990,35970,45220,82320,138180
North Carolina,"Other Professional, Scientific, and Technical Services",Computer and Mathematical Occupations,111130,55740,75720,103860,142740,164820
North Carolina,"Other Professional, Scientific, and Technical Services",Statisticians,127060,80420,103860,131360,164820,164820
North Carolina,"Other Professional, Scientific, and Technical Services",Data Scientists,128340,60210,79850,136510,157970,188200
North Dakota,"Other Professional, Scientific, and Technical Services",All Occupations,57960,35330,38280,48880,66010,101040
Ohio,"Other Professional, Scientific, and Technical Services",All Occupations,67190,30940,36480,47540,76830,130750
Ohio,"Other Professional, Scientific, and Technical Services",Computer and Mathematical Occupations,100260,59610,64660,87640,113420,163280
Ohio,"Other Professional, Scientific, and Technical Services",Data Scientists,81660,57090,61870,82560,96120,109020
Oklahoma,"Other Professional, Scientific, and Technical Services",All Occupations,54890,25330,31550,40260,62960,104630
Oklahoma,"Other Professional, Scientific, and Technical Services",Computer and Mathematical Occupations,100140,42360,66720,104490,128130,146600
Oregon,"Other Professional, Scientific, and Technical Services",All Occupations,77700,37020,43390,54500,98800,150250
Oregon,"Other Professional, Scientific, and Technical Services",Computer and Mathematical Occupations,136140,69100,91660,130510,182410,212270
Oregon,"Other Professional, Scientific, and Technical Services",Data Scientists,124560,98120,103420,107800,165360,195710
Pennsylvania,"Other Professional, Scientific, and Technical Services",All Occupations,78450,33320,37880,55040,100770,159350
Pennsylvania,"Other Professional, Scientific, and Technical Services",Computer and Mathematical Occupations,105080,46800,74130,100790,129910,162200
Pennsylvania,"Other Professional, Scientific, and Technical Services",Database Administrators,116220,79180,108930,121460,128230,141950
Pennsylvania,"Other Professional, Scientific, and Technical Services",Data Scientists,106610,61810,74560,95840,141520,160080
Rhode Island,"Other Professional, Scientific, and Technical Services",All Occupations,78980,36900,43110,62070,107020,134270
Rhode Island,"Other Professional, Scientific, and Technical Services",Computer and Mathematical Occupations,99150,64490,92940,99470,102440,133640
Rhode Island,"Other Professional, Scientific, and Technical Services",Data Scientists,106530,98920,99470,102440,102440,133640
South Carolina,"Other Professional, Scientific, and Technical Services",All Occupations,75340,30230,37100,49860,98050,169620
South Carolina,"Other Professional, Scientific, and Technical Services",Computer and Mathematical Occupations,110440,72400,82480,103700,139610,139990
South Carolina,"Other Professional, Scientific, and Technical Services",Data Scientists,87010,82480,82480,88260,88260,90610
South Dakota,"Other Professional, Scientific, and Technical Services",All Occupations,53300,28680,33900,42880,62790,99840
Tennessee,"Other Professional, Scientific, and Technical Services",All Occupations,58140,28210,33800,38390,62400,124180
Tennessee,"Other Professional, Scientific, and Technical Services",Computer and Mathematical Occupations,116760,60930,80500,114780,157630,172410
Tennessee,"Other Professional, Scientific, and Technical Services",Database Administrators,150700,98130,102790,167490,179170,179170
Tennessee,"Other Professional, Scientific, and Technical Services",Data Scientists,115800,90840,97180,120270,127450,133520
Texas,"Other Professional, Scientific, and Technical Services",All Occupations,66080,29790,36360,46380,77690,132280
Texas,"Other Professional, Scientific, and Technical Services",Computer and Mathematical Occupations,113270,39580,76920,121240,144550,166700
Texas,"Other Professional, Scientific, and Technical Services",Database Architects,104230,82480,82480,82480,125910,169080
Texas,"Other Professional, Scientific, and Technical Services",Data Scientists,114410,72750,81040,98320,142430,169890
Utah,"Other Professional, Scientific, and Technical Services",All Occupations,83980,32990,38840,61940,107810,154790
Utah,"Other Professional, Scientific, and Technical Services",Computer and Mathematical Occupations,113510,58840,77750,122940,124800,165640
Utah,"Other Professional, Scientific, and Technical Services",Data Scientists,100580,51200,62340,79850,134080,174280
Vermont,"Other Professional, Scientific, and Technical Services",All Occupations,75980,33940,37730,50060,94280,169370
Vermont,"Other Professional, Scientific, and Technical Services",Computer and Mathematical Occupations,99590,82210,82210,84700,114970,150420
Virginia,"Other Professional, Scientific, and Technical Services",All Occupations,125260,34340,43830,69280,134480,186200
Virginia,"Other Professional, Scientific, and Technical Services",Computer and Mathematical Occupations,134120,76710,93490,128740,168840,209000
Virginia,"Other Professional, Scientific, and Technical Services",Database Administrators,83350,43700,45240,65690,112140,165160
Virginia,"Other Professional, Scientific, and Technical Services",Database Architects,146260,93490,106810,137690,160990,237700
Virginia,"Other Professional, Scientific, and Technical Services",Data Scientists,144900,90140,103210,125810,194570,216250
Washington,"Other Professional, Scientific, and Technical Services",All Occupations,73840,38700,43480,49990,78480,149760
Washington,"Other Professional, Scientific, and Technical Services",Computer and Mathematical Occupations,113790,63780,80530,100690,134200,201230
West Virginia,"Other Professional, Scientific, and Technical Services",All Occupations,64010,27660,30060,38150,67820,150280
West Virginia,"Other Professional, Scientific, and Technical Services",Computer and Mathematical Occupations,159190,93980,99060,176680,201800,271340
Wisconsin,"Other Professional, Scientific, and Technical Services",All Occupations,60760,31390,37310,46340,67800,108920
Wisconsin,"Other Professional, Scientific, and Technical Services",Computer and Mathematical Occupations,79170,47440,56880,69510,94480,125640
Wyoming,"Other Professional, Scientific, and Technical Services",All Occupations,54670,30320,37410,41600,61660,101310
Puerto Rico,"Other Professional, Scientific, and Technical Services",All Occupations,42440,22210,23310,28270,46250,78750
Puerto Rico,"Other Professional, Scientific, and Technical Services",Computer and Mathematical Occupations,45150,31650,37570,38750,48370,66710
Virgin Islands,"Other Professional, Scientific, and Technical Services",All Occupations,52770,28260,37020,46220,59190,93600
Alabama,Photographic Services,All Occupations,40560,24330,27510,35720,51770,58730
Alaska,Photographic Services,All Occupations,75650,33330,36650,48640,80100,167990
Arizona,Photographic Services,All Occupations,47630,31930,33830,35810,48330,84130
Arkansas,Photographic Services,All Occupations,41160,25960,27780,35610,42020,74410
California,Photographic Services,All Occupations,66610,36250,38460,46890,65370,94520
Colorado,Photographic Services,All Occupations,57160,36500,38860,46360,69990,97810
Connecticut,Photographic Services,All Occupations,50100,34010,34940,47130,57600,75310
Delaware,Photographic Services,All Occupations,48110,32440,35220,49720,54410,66460
District of Columbia,Photographic Services,All Occupations,56130,36400,36400,46290,63100,88410
Florida,Photographic Services,All Occupations,52320,30640,33640,43070,59990,81730
Georgia,Photographic Services,All Occupations,52590,23940,34270,42760,59990,95400
Hawaii,Photographic Services,All Occupations,48960,31200,38580,42960,47640,70170
Idaho,Photographic Services,All Occupations,41620,22470,29860,34110,53570,61480
Illinois,Photographic Services,All Occupations,52120,31200,31380,36520,52890,102900
Indiana,Photographic Services,All Occupations,39590,26690,29760,35030,45360,57610
Iowa,Photographic Services,All Occupations,37300,15080,19450,37060,41190,63900
Kansas,Photographic Services,All Occupations,50510,29050,34700,38980,63970,79130
Kentucky,Photographic Services,All Occupations,40670,23990,28580,39210,48180,67510
Louisiana,Photographic Services,All Occupations,49990,19180,26240,36500,53230,71990
Maine,Photographic Services,All Occupations,47490,32900,33370,45140,57840,78750
Maryland,Photographic Services,All Occupations,63330,31890,40000,54330,76960,93660
Massachusetts,Photographic Services,All Occupations,69220,42300,50680,56230,92050,104450
Michigan,Photographic Services,All Occupations,48880,30910,35530,40700,49920,65750
Minnesota,Photographic Services,All Occupations,48940,34850,40000,45720,47360,73300
Mississippi,Photographic Services,All Occupations,41330,22950,27580,43920,47600,62530
Missouri,Photographic Services,All Occupations,48380,30020,33420,39170,49920,87510
Montana,Photographic Services,All Occupations,55030,28620,35820,39310,55800,116150
Nebraska,Photographic Services,All Occupations,47770,28080,32940,42840,55060,68990
Nevada,Photographic Services,All Occupations,41950,26660,27330,37580,47940,61770
New Hampshire,Photographic Services,All Occupations,42640,22110,29640,35300,43230,64670
New Jersey,Photographic Services,All Occupations,53230,32610,36070,40380,60570,83730
New Mexico,Photographic Services,All Occupations,54840,30900,35200,41640,67990,81720
New York,Photographic Services,All Occupations,75150,38120,43710,58840,105160,123650
North Carolina,Photographic Services,All Occupations,49580,28280,34680,39590,49230,76230
North Dakota,Photographic Services,All Occupations,46480,31450,36070,44230,52790,63020
Ohio,Photographic Services,All Occupations,53130,28400,33590,44600,60090,88170
Oklahoma,Photographic Services,All Occupations,44140,17210,21780,36080,60480,73900
Oregon,Photographic Services,All Occupations,81940,37310,43800,59210,95650,178770
Pennsylvania,Photographic Services,All Occupations,51640,28940,33150,37830,56720,78570
Rhode Island,Photographic Services,All Occupations,43110,34260,34910,36700,50400,53770
South Carolina,Photographic Services,All Occupations,42200,26450,27830,36570,55850,71810
South Dakota,Photographic Services,All Occupations,42040,28400,33140,39780,51540,54080
Tennessee,Photographic Services,All Occupations,43830,27610,31200,36630,51440,59990
Texas,Photographic Services,All Occupations,42320,22490,30770,37750,48170,62100
Texas,Photographic Services,Computer and Mathematical Occupations,83000,49360,54200,78240,96820,131780
Utah,Photographic Services,All Occupations,46920,22790,33890,38770,61070,71740
Vermont,Photographic Services,All Occupations,51970,31020,36070,41170,57440,73190
Virginia,Photographic Services,All Occupations,54030,31240,35560,46800,56920,96590
Washington,Photographic Services,All Occupations,51030,36580,38840,46280,60650,74110
West Virginia,Photographic Services,All Occupations,32890,27040,27290,30630,36100,36910
Wisconsin,Photographic Services,All Occupations,44670,27680,36660,39060,47200,63630
Alabama,Veterinary Services,All Occupations,45000,23630,28750,35740,41400,92700
Alaska,Veterinary Services,All Occupations,77860,36000,37040,46280,73500,124770
Arizona,Veterinary Services,All Occupations,68390,36080,38150,45120,57440,131160
Arkansas,Veterinary Services,All Occupations,45890,27560,29600,35230,42360,101500
California,Veterinary Services,All Occupations,73640,38280,44460,49520,70260,160080
Colorado,Veterinary Services,All Occupations,65410,36590,39220,47810,61650,130850
Connecticut,Veterinary Services,All Occupations,65130,36740,39660,48550,62680,122430
Delaware,Veterinary Services,All Occupations,63740,31200,36970,42870,58550,127900
District of Columbia,Veterinary Services,All Occupations,86890,46570,47980,60960,104990,135320
Florida,Veterinary Services,All Occupations,60370,33480,37230,45350,58290,122050
Georgia,Veterinary Services,All Occupations,52270,29120,31920,37290,47130,109990
Georgia,Veterinary Services,Computer and Mathematical Occupations,35220,30790,31190,32370,38720,43940
Hawaii,Veterinary Services,All Occupations,63280,35630,37770,46350,62440,130830
Idaho,Veterinary Services,All Occupations,51320,29430,35890,39160,47600,105480
Illinois,Veterinary Services,All Occupations,60590,34460,37440,45040,57660,108980
Indiana,Veterinary Services,All Occupations,53750,28550,34510,38080,52450,107810
Iowa,Veterinary Services,All Occupations,54000,28290,33160,38010,49610,119140
Kansas,Veterinary Services,All Occupations,52620,28600,34080,38230,54330,101450
Kentucky,Veterinary Services,All Occupations,50110,27040,30190,37360,47440,99900
Louisiana,Veterinary Services,All Occupations,49590,24740,29160,35360,46030,97830
Maine,Veterinary Services,All Occupations,66300,38180,44760,49270,60560,130730
Maryland,Veterinary Services,All Occupations,67000,37340,39720,46430,62680,149990
Massachusetts,Veterinary Services,All Occupations,71300,37090,45020,49940,68290,136360
Michigan,Veterinary Services,All Occupations,56090,30680,36500,43470,58700,104160
Michigan,Veterinary Services,Computer and Mathematical Occupations,59910,53110,54920,56990,69560,72090
Minnesota,Veterinary Services,All Occupations,73790,37220,44990,56870,82100,153780
Mississippi,Veterinary Services,All Occupations,44260,21900,27040,31440,41110,99730
Missouri,Veterinary Services,All Occupations,57110,30360,34300,38230,50140,121150
Montana,Veterinary Services,All Occupations,55860,31360,37290,42190,56420,98810
Nebraska,Veterinary Services,All Occupations,56330,30060,35620,39140,50990,103490
Nevada,Veterinary Services,All Occupations,57580,32140,35860,41160,62420,121170
New Hampshire,Veterinary Services,All Occupations,67220,32910,38000,47320,61790,130050
New Jersey,Veterinary Services,All Occupations,66820,36890,40570,47280,60290,136460
New Mexico,Veterinary Services,All Occupations,58610,30700,35990,40790,56840,127910
New York,Veterinary Services,All Occupations,68280,37790,43670,49450,69760,126750
North Carolina,Veterinary Services,All Occupations,54630,29120,35210,37910,50140,109190
North Dakota,Veterinary Services,All Occupations,56960,33970,37300,45550,57420,101850
Ohio,Veterinary Services,All Occupations,59440,30210,35830,45290,59850,121900
Oklahoma,Veterinary Services,All Occupations,47560,23930,30320,36120,48520,93680
Oregon,Veterinary Services,All Occupations,62550,36450,39050,46730,60400,127040
Pennsylvania,Veterinary Services,All Occupations,63330,31210,36940,44930,59170,131240
Rhode Island,Veterinary Services,All Occupations,70400,37300,38160,50060,100920,130680
South Carolina,Veterinary Services,All Occupations,55920,29620,35650,40090,54080,108820
South Dakota,Veterinary Services,All Occupations,46770,28160,29530,37120,47140,79600
Tennessee,Veterinary Services,All Occupations,52330,28180,32090,37130,47700,119410
Texas,Veterinary Services,All Occupations,54360,28960,34920,39510,48510,120710
Utah,Veterinary Services,All Occupations,56780,29710,35800,44140,56260,105500
Vermont,Veterinary Services,All Occupations,63680,33670,37230,48100,56890,131820
Virginia,Veterinary Services,All Occupations,61020,30240,35750,44610,58790,122640
Washington,Veterinary Services,All Occupations,71350,38590,43080,47600,70190,157950
West Virginia,Veterinary Services,All Occupations,50960,27050,29240,35700,46070,113560
Wisconsin,Veterinary Services,All Occupations,56020,30520,36600,44470,58570,105800
Wyoming,Veterinary Services,All Occupations,48140,29140,36340,38730,48960,80230
Puerto Rico,Veterinary Services,All Occupations,37750,21990,22720,26570,38010,74700
Virgin Islands,Veterinary Services,All Occupations,51640,29420,38480,45340,54080,94720
