state,state_abb,fips,year,year_frac,law_class,law_class_subtype,handguns_or_long_guns,age_for_minimum_age_laws,length_of_waiting_period_days_handguns,additional_context_and_notes,discrepancies,law_id
Alaska,AK,02,2024,0,carrying a concealed weapon (ccw),prohibited,handgun,NA,NA,"Prior law prohibiting concealed carry enacted before 1966. Carl Bakal, ""The Right to Bear Arms."". Replaced by  § 11.61.220 in 1978, which says ""a person commits the crime of misconduct involving weapons in the third degree if he‚…knowingly possesses a deadly weapon other than an ordinary pocket knife, that is concealed on his person.",NA,AK1002
Alaska,AK,02,2024,0,carrying a concealed weapon (ccw),shall issue,handgun,NA,NA,NA,NA,AK1003
Alaska,AK,02,2024,1,carrying a concealed weapon (ccw),shall issue (permit not required),handgun,NA,NA,"Permitting system maintained for residents seeking reciprocity with other states or ""those who seek to be exempt from background checks when purchasing additional firearms"" (""Concealed Weapons Permitting,"" Giffords Law Center to Prevent Gun Violence, undated).",NA,AK1004
Alaska,AK,02,2024,0,castle doctrine,traditional,handgun and long gun,NA,NA,See 2006 S.B. No. 200 Ch. 68.,NA,AK1005
Alaska,AK,02,2024,0,castle doctrine,expanded 2,handgun and long gun,NA,NA,Catagorized as expanded 2 because removes duty to retreat in instances where a person is a guest at a residence,NA,AK1006
Alaska,AK,02,2024,1,minimum age,youth possession,long gun,16,NA,NA,NA,AK1009
Alaska,AK,02,2024,1,minimum age,purchase and sale,long gun,18,NA,NA,NA,AK1011
Alaska,AK,02,2024,1,minimum age,youth possession,handgun,16,NA,NA,NA,AK1015
Alaska,AK,02,2024,1,minimum age,purchase and sale,handgun,18,NA,NA,NA,AK1016
Alaska,AK,02,2024,1,prohibited possessor,dvro : expanded,handgun and long gun,NA,NA,"Called the ""Domestic Violence Prevention and Victims Protection Act of 1996"" : Alaska law provides that protective orders issued after notice and a hearing against a household member for victims of domestic violence may direct the abuser to surrender any firearm owned or possessed if the respondent was in actual possession of or used a firearm during a domestic violence incident. ""House hold"" member is defined broadly to include former and current dating partners,  co-habitants, and family members. This law allows for the judges discretion about whether to bar the defendant from owning, possessing, or purchasing firearms. This law includes a discretionary firearm surrender requirement.",NA,AK1023
Alaska,AK,02,2024,0,background checks,sales from dealer : federal,handgun,NA,NA,Part of the 1994 Brady Handgun Violence Prevention Act (Interim provisions),NA,AK1030
Alaska,AK,02,2024,1,background checks,sales from dealer : federal,handgun and long gun,NA,NA,The National Instant Criminal Background Check System (NICS) was created in 1998. The Brady Act's interim provisions  requiring background checks for handguns were struck down and replaced with the requirement to conduct background checks on all dealer sales.,NA,AK1031
Alaska,AK,02,2024,0,castle doctrine,traditional,handgun and long gun,NA,NA,NA,NA,AK1040
Alaska,AK,02,2024,0,waiting period,federal,handgun,NA,5,"In general, the waiting period applies only in states without an acceptable alternate system of conducting background checks on handgun purchasers. The interim provisions of the Brady Law became effective on February 28, 1994, and ceased to apply on November 30, 1998.",NA,AK1041
Alaska,AK,02,2024,1,waiting period,federal,handgun,NA,NA,NA,NA,AK1042
Alaska,AK,02,2024,1,firearm removal at scene of domestic violence,authorized,handgun and long gun,NA,NA,NA,NA,AK1044
Alaska,AK,02,2024,1,local laws preempted by state,comprehensive,handgun and long gun,NA,NA,"Exceptions: (b) Municipalities may enact and enforce ordinances

(1) that are identical to state law and that have the same penalty as provided for by state law;

(2) restricting the discharge of firearms in any portion of their respective jurisdictions where there is a reasonable likelihood that people, domestic animals, or property will be jeopardized; ordinances enacted or enforced under this paragraph may not abridge the right of the individual guaranteed by art. I, sec. 19, Constitution of the State of Alaska, to bear arms in defense of self or others;

(3) restricting the areas in their respective jurisdictions in which firearms or knives may be sold; a business selling firearms or knives may not be treated more restrictively than other businesses located within the same zone; and

(4) prohibiting the possession of firearms or knives in the restricted access area of municipal government buildings; the municipal assembly shall post notice of the prohibition against possession of firearms or knives at each entrance to the restricted access area.",NA,AK1047
Alaska,AK,02,2024,1,castle doctrine,stand your ground,handgun and long gun,NA,NA,NA,NA,AK1050
Alaska,AK,02,2024,0,firearm sales restrictions,assault weapons ban — Federal,handgun and long gun,NA,NA,"This subtitle and the amendments made by this subtitle—
<< 18 USCA § 921 NOTE >>
(1) shall take effect on the date of the enactment of this Act; and
(2) are repealed effective as of the date that is 10 years after that date.",NA,AK1051
Alaska,AK,02,2024,0,firearm sales restrictions,ban on high capacity magazines – federal,handgun and long gun,NA,NA,"This subtitle and the amendments made by this subtitle—
<< 18 USCA § 921 NOTE >>
(1) shall take effect on the date of the enactment of this Act; and
(2) are repealed effective as of the date that is 10 years after that date.",NA,AK1053
Alaska,AK,02,2024,1,minimum age,minimum age purchase - federal,long gun,21,NA,NA,NA,AK1054
Alaska,AK,02,2024,1,minimum age,minimum age purchase - federal,handgun,18,NA,NA,NA,AK1055
Alaska,AK,02,2024,1,minimum age,minimum age possession - federal,handgun,18,NA,NA,NA,AK1056
Alaska,AK,02,2024,1,prohibited possessor,mental health : committed to mh facility,handgun and long gun,NA,NA,NA,NA,AK1057
Alabama,AL,01,2024,0,carrying a concealed weapon (ccw),shall issue,handgun,NA,NA,"Disagreement between experts here. 1975 law can be read as ""may issue,"" but was enforced as ""shall issue."" Vernick and Hepburn (2003) characterize as ""may issue,"" but most consider it ""shall issue"" since the 1970s. 2006 law changed wording to ""may issue,"" but that didn't change the enforcement. See Ala. Code § 13-6-155 for 1975 version of the law.",NA,AL1003
Alabama,AL,01,2024,0,castle doctrine,traditional,handgun and long gun,NA,NA,NA,NA,AL1004
Alabama,AL,01,2024,1,castle doctrine,stand your ground,handgun and long gun,NA,NA,NA,NA,AL1005
Alabama,AL,01,2024,1,dealer license,state license requirement,handgun,NA,NA,"See 1940 Law, tit. 14, Ch. 40, Art. 2.",NA,AL1007
Alabama,AL,01,2024,1,minimum age,purchase and sale,handgun,18,NA,"2015 statutory amendments added exceptions listed in Ala. Code § 13A-11-72(f) & (g) include hunting, target shooting, self defense against home intruders. Since 2015, unclear what definition of ""minor"" is in Alabama for purposes of gun laws.",Not included on the Giffords Law Center to Prevent Gun Violence (undated) website.,AL1011
Alabama,AL,01,2024,1,minimum age,youth possession,handgun,18,NA,"Restricted to pistols only. Exceptions include hunting, target shooting, self defense against home intruders. Since 2015, unclear what definition of ""minor"" is in Alabama for purposes of gun laws.",NA,AL1012
Alabama,AL,01,2024,0,registration,required,handgun,NA,NA,NA,NA,AL1015
Alabama,AL,01,2024,1,registration,required,handgun,NA,NA,NA,NA,AL1016
Alabama,AL,01,2024,0,waiting period,general,handgun,NA,2,"""Alabama has no law imposing a waiting period prior to purchase of a firearm."" [https://giffords.org/lawcenter/state-laws/waiting-periods-in-alabama/]",NA,AL1018
Alabama,AL,01,2024,1,waiting period,general,handgun,NA,NA,"Contains provision that if the Brady Handgun Violence Prevention Act's instant background check requirement is repealed or rescinded, then 13a-11-77 would come back into effect.",NA,AL1019
Alabama,AL,01,2024,1,prohibited possessor,dvro,handgun and long gun,NA,NA,"The restraining order must ""explicitly prohibits the use, attempted use, or threatened use of physical force against the qualified individual or child that would reasonably be expected to cause bodily injury"" for the firearm part of the law to go into effect and the person must be a spouse, former spouse, be cohabitating or previously cohabitated, or the child of anyone who fits this description in relation to the perpetrator for the gun law to go into effect.",NA,AL1023
Alabama,AL,01,2024,1,prohibited possessor,mental health : adjudicated as mentally incompetent//incapacitated/disabled,handgun and long gun,NA,NA,"Individuals can have their ""rights to possess a firearm reinstated by operation of law or legal process."" Includes commitments after criminal trial.",NA,AL1024
Alabama,AL,01,2024,1,prohibited possessor,mental health : committed to mh facility,handgun and long gun,NA,NA,"Individuals can have their ""rights to possess a firearm reinstated by operation of law or legal process."" Includes commitments after criminal trial.",NA,AL1025
Alabama,AL,01,2024,0,background checks,sales from dealer : federal,handgun,NA,NA,Part of the 1994 Brady Handgun Violence Prevention Act (Interim provisions),NA,AL1031
Alabama,AL,01,2024,1,background checks,sales from dealer : federal,handgun and long gun,NA,NA,The National Instant Criminal Background Check System (NICS) was created in 1998. The Brady Act's interim provisions  requiring background checks for handguns were struck down and replaced with the requirement to conduct background checks on all dealer sales.,NA,AL1032
Alabama,AL,01,2024,0,castle doctrine,traditional,handgun and long gun,NA,NA,NA,NA,AL1037
Alabama,AL,01,2024,1,local laws preempted by state,comprehensive - punitive,handgun and long gun,NA,NA,"Exceptions: (g) This section shall not be construed to prevent any of the following:

(1) A duly organized law enforcement agency of a political subdivision from promulgating and enforcing rules pertaining to firearms, ammunition, or firearm accessories that it issues to or that are used by the political subdivision's peace officers in the course of their official duties.

(2) An employer from regulating or prohibiting an employee's carrying or possession of firearms, firearm accessories, or ammunition during and in the course of the employee's official duties.

(3) A prosecutor, court or administrative law judge from hearing and resolving a case or controversy or issuing an opinion or order on a matter within its jurisdiction.

(4) The enactment or enforcement of a generally applicable zoning or business ordinance that includes firearms businesses along with other businesses, provided that an ordinance designed or enforced effectively to restrict or prohibit the sale, purchase, transfer, manufacture, or display of firearms, ammunition, or firearm accessories that is otherwise lawful under the laws of this state is in conflict with this section and is void.

(5) A political subdivision from enacting and enforcing rules of operation and use for any firearm range owned or operated by the political subdivision.

(6) A political subdivision from sponsoring or conducting any firearm-related competition or educational or cultural program and from enacting and enforcing rules for participation in or attendance at such program, provided that nothing in this section authorizes or permits a political subdivision to offer remuneration for the surrender or transfer of a privately owned firearm to the political subdivision or another party as a method of reducing the number of privately owned firearms within the political subdivision.

(7) Any official of a political subdivision, a sheriff, or other law enforcement officer with appropriate authority and jurisdiction from enforcing any law enacted by the Legislature.

(8) A sheriff of a county from acting on an application for a permit under Section 13A-11-75.

(9) A political subdivision from leasing public property to another person or entity for a gun show or other firearm-related event on terms agreeable to both parties.

(10) The adoption or enforcement by a county or municipality of ordinances which make the violation of a state firearm law a violation of an ordinance, provided that the elements of the local ordinance may not differ from the state firearm law, nor may the local ordinance impose a higher penalty than what is imposed under the state firearm law.

(11) A municipality from regulating the discharge of firearms within the limits of the municipality or a county from exercising any authority it has under law, to regulate the discharge of firearms within the jurisdiction of the county. The discharge of a firearm in defense of one's self or family or in defense of one's property may not be construed to be a violation of state law or any ordinance or rule of a political subdivision of this state.",NA,AL1042
Alabama,AL,01,2024,0,firearm sales restrictions,ban on high capacity magazines – federal,handgun and long gun,NA,NA,"This subtitle and the amendments made by this subtitle—
<< 18 USCA § 921 NOTE >>
(1) shall take effect on the date of the enactment of this Act; and
(2) are repealed effective as of the date that is 10 years after that date.",NA,AL1046
Alabama,AL,01,2024,1,minimum age,minimum age purchase - federal,long gun,21,NA,NA,NA,AL1047
Alabama,AL,01,2024,1,minimum age,minimum age purchase - federal,handgun,18,NA,NA,NA,AL1048
Alabama,AL,01,2024,1,minimum age,minimum age possession - federal,handgun,18,NA,NA,NA,AL1049
Alabama,AL,01,2024,1,prohibited possessor,violent misdemeanor,handgun and long gun,NA,NA,NA,NA,AL1050
Alabama,AL,01,2024,0,prohibited possessor,violent misdemeanor limited,handgun,NA,NA,Month and day could not be confirmed,NA,AL1051
Alabama,AL,01,2024,1,carrying a concealed weapon (ccw),shall issue (permit not required),handgun,NA,NA,NA,NA,AL1053
Alabama,AL,01,2024,0,firearm sales restrictions,assault weapons ban — Federal,handgun and long gun,NA,NA,"This subtitle and the amendments made by this subtitle—
<< 18 USCA § 921 NOTE >>
(1) shall take effect on the date of the enactment of this Act; and
(2) are repealed effective as of the date that is 10 years after that date.",NA,AL1054
Arkansas,AR,05,2024,0,carrying a concealed weapon (ccw),prohibited,handgun,NA,NA,NA,NA,AR1002
Arkansas,AR,05,2024,0,carrying a concealed weapon (ccw),shall issue,handgun,NA,NA,NA,NA,AR1003
Arkansas,AR,05,2024,0,castle doctrine,traditional,handgun and long gun,NA,NA,NA,NA,AR1004
Arkansas,AR,05,2024,1,minimum age,youth possession,handgun,18,NA,NA,NA,AR1007
Arkansas,AR,05,2024,1,minimum age,purchase and sale,long gun,18,NA,"""Minor"" defined as under 18 by Ark. Code Ann. § 5-73-101.",NA,AR1010
Arkansas,AR,05,2024,1,minimum age,purchase and sale,handgun,18,NA,"""Minor"" defined as under 18 by Ark. Code Ann. § 5-73-101.",NA,AR1014
Arkansas,AR,05,2024,1,prohibited possessor,mental health : adjudicated as mentally incompetent//incapacitated/disabled,handgun and long gun,NA,NA,NA,NA,AR1020
Arkansas,AR,05,2024,1,prohibited possessor,mental health : committed to mh facility,handgun and long gun,NA,NA,NA,NA,AR1021
Arkansas,AR,05,2024,0,carrying a concealed weapon (ccw),shall issue,handgun,NA,NA,NA,NA,AR1025
Arkansas,AR,05,2024,0,background checks,sales from dealer : federal,handgun,NA,NA,Part of the 1994 Brady Handgun Violence Prevention Act (Interim provisions),NA,AR1030
Arkansas,AR,05,2024,0,background checks,sales from dealer : federal,handgun,NA,NA,"Most states voluntarily complied with the mandate, so the effects of the ruling were negligible.  Only Ohio and Arkansas stopped performing background checks.",NA,AR1031
Arkansas,AR,05,2024,1,background checks,sales from dealer : federal,handgun,NA,NA,"When NICS came online, the issues in the Printz ruling were no longer relevant.",NA,AR1032
Arkansas,AR,05,2024,1,background checks,sales from dealer : federal,handgun and long gun,NA,NA,The National Instant Criminal Background Check System (NICS) was created in 1998. The Brady Act's interim provisions  requiring background checks for handguns were struck down and replaced with the requirement to conduct background checks on all dealer sales.,NA,AR1033
Arkansas,AR,05,2024,0,waiting period,federal,handgun,NA,5,"In general, the waiting period applies only in states without an acceptable alternate system of conducting background checks on handgun purchasers.",NA,AR1039
Arkansas,AR,05,2024,1,firearms in college/university,private : possession prohibited,handgun,NA,NA,See A.C.A. § 5-73-322 (exception for concealed handguns).,NA,AR1043
Arkansas,AR,05,2024,1,firearms in college/university,public : CCW allowed,handgun,NA,NA,Private university and college may expressly prohibit CCW.,NA,AR1044
Arkansas,AR,05,2024,0,firearms in college/university,public : possession prohibited,handgun,NA,NA,See A.C.A. § 5-73-322 (exception for concealed handguns).,NA,AR1045
Arkansas,AR,05,2024,1,local laws preempted by state,comprehensive,handgun and long gun,NA,NA,"Exceptions: Notwithstanding subsection (b) of this section, the governing body of a local unit of government, following the proclamation by the Governor of a state of emergency, may enact an emergency ordinance regulating the transfer, transportation, or carrying of firearms or components of firearms.

(2) Such emergency ordinance shall not be effective for a period of more than twenty (20) days and shall be enacted by a two-thirds ( 2/3 ) majority of the governing body.",NA,AR1047
Arkansas,AR,05,2024,1,waiting period,federal,handgun,NA,NA,NA,NA,AR1050
Arkansas,AR,05,2024,0,castle doctrine,traditional,handgun and long gun,NA,NA,NA,NA,AR1051
Arkansas,AR,05,2024,1,carrying a concealed weapon (ccw),shall issue (permit not required),handgun,NA,NA,"Defines ""journey"" to be any travel outside of the home",NA,AR1052
Arkansas,AR,05,2024,1,castle doctrine,stand your ground,handgun and long gun,NA,NA,NA,NA,AR1053
Arkansas,AR,05,2024,0,firearm sales restrictions,assault weapons ban — Federal,handgun and long gun,NA,NA,"This subtitle and the amendments made by this subtitle—
<< 18 USCA § 921 NOTE >>
(1) shall take effect on the date of the enactment of this Act; and
(2) are repealed effective as of the date that is 10 years after that date.",NA,AR1054
Arkansas,AR,05,2024,0,firearm sales restrictions,ban on high capacity magazines – federal,handgun and long gun,NA,NA,"This subtitle and the amendments made by this subtitle—
<< 18 USCA § 921 NOTE >>
(1) shall take effect on the date of the enactment of this Act; and
(2) are repealed effective as of the date that is 10 years after that date.",NA,AR1056
Arkansas,AR,05,2024,1,minimum age,minimum age purchase - federal,long gun,21,NA,NA,NA,AR1057
Arkansas,AR,05,2024,1,minimum age,minimum age purchase - federal,handgun,18,NA,NA,NA,AR1058
Arkansas,AR,05,2024,1,minimum age,minimum age possession - federal,handgun,18,NA,NA,NA,AR1059
Arizona,AZ,04,2024,0,background checks,sales from dealer,handgun and long gun,NA,NA,"

If the Brady Handgun Violence Protection Act (P.L. 103-159) is repealed or if there is a final determination by a court of competent jurisdiction that the Brady Handgun Violence Protection Act is unconstitutional, this section is repealed.

  A. By October 1, 1994 the department of public safety shall establish an instant background check system to determine whether purchases, sales or transfers of handguns to any person violate any federal law or any law of this state prohibiting the possession of handguns.",NA,AZ1002
Arizona,AZ,04,2024,1,background checks,sales from dealer,long gun,NA,NA,NA,NA,AZ1004
Arizona,AZ,04,2024,0,carrying a concealed weapon (ccw),prohibited,handgun,NA,NA,"Prior law prohibting concealed carry enacted before 1966. Carl Bakal, ""The Right to Bear Arms.""",NA,AZ1005
Arizona,AZ,04,2024,0,carrying a concealed weapon (ccw),shall issue,handgun,NA,NA,NA,NA,AZ1006
Arizona,AZ,04,2024,1,carrying a concealed weapon (ccw),shall issue (permit not required),handgun,NA,NA,NA,NA,AZ1007
Arizona,AZ,04,2024,0,castle doctrine,traditional,handgun and long gun,NA,NA,NA,NA,AZ1008
Arizona,AZ,04,2024,1,castle doctrine,stand your ground,handgun and long gun,NA,NA,NA,NA,AZ1009
Arizona,AZ,04,2024,1,minimum age,youth possession,handgun,18,NA,NA,NA,AZ1012
Arizona,AZ,04,2024,1,minimum age,purchase and sale,long gun,18,NA,Ariz. Rev. Stat. § 1-215(21) defines minor as under 18.,NA,AZ1014
Arizona,AZ,04,2024,1,minimum age,youth possession,long gun,18,NA,NA,NA,AZ1022
Arizona,AZ,04,2024,1,minimum age,purchase and sale,handgun,18,NA,Ariz. Rev. Stat. § 1-215(21) defines minor as under 18.,NA,AZ1023
Arizona,AZ,04,2024,0,prohibited possessor,mental health : committed to mh facility,handgun and long gun,NA,NA,"Prohibition ends when court ordered treatment has been terminated by court order. In 2014, law amended to include commitments after criminal trial.",NA,AZ1025
Arizona,AZ,04,2024,1,prohibited possessor,mental health : committed to mh facility : outpatient,handgun and long gun,NA,NA,NA,NA,AZ1026
Arizona,AZ,04,2024,0,prohibited possessor,dvro,handgun and long gun,NA,NA,"This law allows for the judge's discretion about whether to bar the defendant from owning, possessing, or purchasing firearms.",NA,AZ1027
Arizona,AZ,04,2024,1,prohibited possessor,mental health : adjudicated as mentally incompetent//incapacitated/disabled,handgun and long gun,NA,NA,"For danger to self/others or grave disbility, right to possess a firearm may be restored pursuant to § 13-925.",NA,AZ1029
Arizona,AZ,04,2024,1,prohibited possessor,dvro ex parte : expanded,handgun and long gun,NA,NA,"In 2009, Arizona adopted “Kaity’s Law,”  which extended this definition to include situations where the victim and the defendant are, or were previously, in a significant romantic or sexual relationship, as determined by a set of factors.",NA,AZ1030
Arizona,AZ,04,2024,1,prohibited possessor,mental health : committed to mh facility,handgun and long gun,NA,NA,"For those found incompetent, they may ""subsequently be found competent..""",NA,AZ1031
Arizona,AZ,04,2024,1,background checks,sales from dealer,handgun,NA,NA,NA,NA,AZ1037
Arizona,AZ,04,2024,0,background checks,sales from dealer : federal,handgun,NA,NA,Part of the 1994 Brady Handgun Violence Prevention Act (Interim provisions),NA,AZ1038
Arizona,AZ,04,2024,1,background checks,sales from dealer : federal,handgun and long gun,NA,NA,The National Instant Criminal Background Check System (NICS) was created in 1998. The Brady Act's interim provisions  requiring background checks for handguns were struck down and replaced with the requirement to conduct background checks on all dealer sales.,NA,AZ1039
Arizona,AZ,04,2024,0,castle doctrine,traditional,handgun and long gun,NA,NA,NA,NA,AZ1045
Arizona,AZ,04,2024,0,waiting period,federal,handgun,NA,5,"In general, the waiting period applies only in states without an acceptable alternate system of conducting background checks on handgun purchasers.",NA,AZ1046
Arizona,AZ,04,2024,1,waiting period,federal,handgun,NA,NA,"The interim provisions of the Brady Law became effective on February 28, 1994, and ceased to apply on  10/1/1994  because Arizona implemented instant background check system.  Luca et al. says Arizona waiting period law ceased due to ARS  § 13-3114, but only renumbered in 1998.  Was initially passed as ARS  § 13-3108.01.",NA,AZ1047
Arizona,AZ,04,2024,1,firearm removal at scene of domestic violence,authorized,handgun and long gun,NA,NA,NA,NA,AZ1049
Arizona,AZ,04,2024,1,local laws preempted by state,comprehensive,handgun and long gun,NA,NA,"Amended in 2016 to provide further sanctions: fines, firing of officials, and civil liability.

Exceptions: G. This section does not prohibit a political subdivision of this state from enacting and enforcing any ordinance or rule pursuant to state law or relating to any of the following:

1. Imposing any privilege or use tax on the retail sale, lease or rental of, or the gross proceeds or gross income from the sale, lease or rental of, firearms or ammunition or any firearm or ammunition components at a rate that applies generally to other items of tangible personal property.

2. Prohibiting a minor who is unaccompanied by a parent, grandparent or guardian or a certified hunter safety instructor or certified firearms safety instructor acting with the consent of the minor's parent, grandparent or guardian from knowingly possessing or carrying on the minor's person, within the minor's immediate control or in or on a means of transportation a firearm in any place that is open to the public or on any street or highway or on any private property except private property that is owned or leased by the minor or the minor's parent, grandparent or guardian.",NA,AZ1051
Arizona,AZ,04,2024,0,firearm sales restrictions,ban on high capacity magazines – federal,handgun and long gun,NA,NA,NA,NA,AZ1054
Arizona,AZ,04,2024,1,local laws preempted by state,comprehensive - punitive,handgun and long gun,NA,NA,"1. Imposing any privilege or use tax on the retail sale, lease or rental of, or the gross proceeds or gross income from the sale, lease or rental of, firearms or ammunition or any firearm or ammunition components at a rate that applies generally to other items of tangible personal property.",NA,AZ1055
Arizona,AZ,04,2024,1,minimum age,minimum age purchase - federal,long gun,21,NA,NA,NA,AZ1056
Arizona,AZ,04,2024,1,minimum age,minimum age purchase - federal,handgun,18,NA,"2. Prohibiting a minor who is unaccompanied by a parent, grandparent or guardian or a certified hunter safety instructor or certified firearms safety instructor acting with the consent of the minor's parent, grandparent or guardian from knowingly possessing or carrying on the minor's person, within the minor's immediate control or in or on a means of transportation a firearm in any place that is open to the public or on any street or highway or on any private property except private property that is owned or leased by the minor or the minor's parent, grandparent or guardian.",NA,AZ1057
Arizona,AZ,04,2024,1,minimum age,minimum age possession - federal,handgun,18,NA,NA,NA,AZ1058
Arizona,AZ,04,2024,0,firearm sales restrictions,assault weapons ban — Federal,handgun and long gun,NA,NA,NA,NA,AZ1059
Arizona,AZ,04,2024,1,prohibited possessor,dvro ex parte,handgun and long gun,NA,NA,"This law allows for the judge's discretion about whether to bar the defendant from owning, possessing, or purchasing firearms.",NA,AZ1060
California,CA,06,2024,1,background checks,private sales : point of sale,long gun,NA,NA,NA,NA,CA1001
California,CA,06,2024,0,background checks,sales from dealer,handgun,NA,NA,Original citation was Cal. Penal Code § 12076,NA,CA1003
California,CA,06,2024,0,background checks,sales from dealer,long gun,NA,NA,NA,NA,CA1004
California,CA,06,2024,0,background checks,sales from dealer,long gun,NA,NA,NA,NA,CA1005
California,CA,06,2024,0,carrying a concealed weapon (ccw),may issue,handgun,NA,NA,NA,NA,CA1007
California,CA,06,2024,1,castle doctrine,traditional,handgun and long gun,NA,NA,NA,NA,CA1008
California,CA,06,2024,0,castle doctrine,traditional,handgun and long gun,NA,NA,"See Catalfamo (2007), p. 509.",NA,CA1009
California,CA,06,2024,1,child access laws,negligent storage,handgun and long gun,NA,NA,"Citation originally Cal Pen Code § 12035(b),(d), reorganized in 2010 to Cal Pen § 25100; amended in 2013 to add 3rd degree (loaded firearm kept on premises, etc., regardless of whether a child accessed firearm or not); amended in 2013 to also include persons prohibiting from possessing firearm, in addition to children; amended in 2019 to include injury to the person improperly keeping firearm, in addition to others.",NA,CA1011
California,CA,06,2024,1,dealer license,state license requirement,long gun,NA,NA,NA,NA,CA1013
California,CA,06,2024,1,firearm sales restrictions,assault weapons ban,long gun,NA,NA,"List of banned weapons in Cal. Penal Code § 30510, and banned features in Cal. Penal Code § 30515.",NA,CA1014
California,CA,06,2024,1,firearm sales restrictions,saturday night special ban,handgun,NA,NA,NA,NA,CA1015
California,CA,06,2024,1,minimum age,youth possession,handgun,18,NA,"Before 2012, section titled Cal. Penal Code § 12102. ""Minor"" defined by Cal. Fam. Code § 6500 as under 18..",NA,CA1017
California,CA,06,2024,0,minimum age,purchase and sale,handgun,18,NA,NA,Disagreement with Vernick and Hepburn (2003) about effective date and minimum age.,CA1020
California,CA,06,2024,1,minimum age,purchase and sale,handgun,21,NA,"Before 2012, reference was Cal. Penal Code §12072(a)(3)(A).","Disagreement with Vernick and Hepburn (2003) about year of enactment, age limit.",CA1022
California,CA,06,2024,1,firearm sales restrictions,one gun per month,handgun,NA,NA,NA,NA,CA1023
California,CA,06,2024,1,open carry,prohibited,handgun,NA,NA,"Exception in Cal. Penal Code §§ 26150, 26155: Where the population of the county is less than 200,000 persons according to the most recent federal decennial census, a license to carry loaded and exposed in only that county a pistol, revolver, or other firearm capable of being concealed upon the person.",NA,CA1025
California,CA,06,2024,0,open carry,limited : prohibited : loaded,long gun,NA,NA,NA,NA,CA1026
California,CA,06,2024,1,open carry,prohibited,long gun,NA,NA,NA,NA,CA1027
California,CA,06,2024,1,registration,required,handgun,NA,NA,"Originally passed as Cal. Penal Code §§ 12076(b), 12077. While California has required dealers to register handguns since 1917, private sales were not included in this process until the background check point of sale requirement was put in place in 1991. See also Cal Penal Code § 11106, which requires that the State Attorney General maintain records of all firearm sales.",NA,CA1031
California,CA,06,2024,1,registration,required,long gun,NA,NA,"See also Cal Penal Code § 11106, which requires that the State Attorney General maintain records of all firearm sales.",NA,CA1032
California,CA,06,2024,1,background checks,extra time,handgun,NA,NA,Gives U.S. Department of Justice up to 30 days to complete a background check before delivery of firearm.,NA,CA1034
California,CA,06,2024,0,waiting period,general,handgun,NA,5,NA,NA,CA1035
California,CA,06,2024,0,waiting period,general,handgun,NA,15,NA,NA,CA1036
California,CA,06,2024,1,waiting period,general,long gun,NA,10,Adds long guns. Originally enacted as Cal. Pen. Code § 12072(c )(1) (1998).,NA,CA1037
California,CA,06,2024,1,background checks,private sales : point of sale,handgun,NA,NA,NA,NA,CA1040
California,CA,06,2024,1,dealer license,state license requirement,handgun,NA,NA,NA,NA,CA1043
California,CA,06,2024,1,firearm sales restrictions,assault weapons ban,handgun,NA,NA,"List of banned weapons in Cal. Penal Code § 30510, and banned features in Cal. Penal Code § 30515.",NA,CA1044
California,CA,06,2024,0,open carry,limited : prohibited : loaded,handgun,NA,NA,NA,NA,CA1045
California,CA,06,2024,1,waiting period,general,handgun,NA,10,Adds long guns. Originally enacted as Cal. Pen. Code § 12072(c )(1) (1998).,NA,CA1047
California,CA,06,2024,0,minimum age,purchase and sale,long gun,18,NA,"Before 2012, reference was Cal. Penal Code §12072(a)(3)(A).","Disagreement with Vernick and Hepburn (2003) about year of enactment, age limit.",CA1048
California,CA,06,2024,1,minimum age,purchase and sale,long gun,21,NA,NA,NA,CA1049
California,CA,06,2024,1,prohibited possessor,mental health : committed to mh facility : voluntary,handgun and long gun,NA,NA,"Prohibition only lasts for period of inpatient care.  1969 version of the law referred to admitted ""patients.""",NA,CA1052
California,CA,06,2024,0,prohibited possessor,mental health : adjudicated as mentally incompetent//incapacitated/disabled,handgun and long gun,NA,NA,"May not purchase or possess ""unless there has been issued to the person a certificate by the court of adjudication upon release from treatment or at a later date stating that the person may possess a firearm or any other deadly weapon without endangering others, and the person has not, subsequent to the issuance of the certificate, again been adjudicated by a court to be a danger to others as a result of a mental disorder or mental illness.""",NA,CA1053
California,CA,06,2024,1,prohibited possessor,mental health : adjudicated as mentally incompetent//incapacitated/disabled,handgun and long gun,NA,NA,"If the conservatorship is subsequently terminated before the date listed in the notice to the Department of Justice or the court subsequently finds that possession of a firearm or any other deadly weapon by the person would no longer present a danger to the safety of the person or others, the court shall notify the Department of Justice as soon as possible, but not later than one court day after terminating the conservatorship.",NA,CA1054
California,CA,06,2024,0,prohibited possessor,mental health : committed to mh facility,handgun and long gun,NA,NA,"If possession is not allowed due to not guilty by reason of insanity for cetain felonies (but not others), the court of commitment may find the person to have recovered sanity, pursuant to Section 1026.2 of the Penal Code or the law of any other state or the United States. If possession is not allowed because  incompetent to stand trial, The court shall notify the Department of Justice of the court order finding the person to be mentally incompetent as described in paragraph (1) as soon as possible, but not later than one court day after issuing the order. The court shall also notify the Department of Justice when it finds that the person has recovered his or her competence as soon as possible, but not later than one court day after making the finding.",NA,CA1055
California,CA,06,2024,1,prohibited possessor,mental health : committed to mh facility,handgun and long gun,NA,NA,"Prohibition in (f)(1) states that ""No person described in that sentence shall be ineligible to own, possess, control, receive, or purchase, or attempt to own, possess, control, receive, or purchase any firearm if, prior to being released, the person is declared by the facility to be a person who is likely to use firearms in a safe and lawful manner."" Prohibition in (g)(1)  lasts 5 years.",NA,CA1056
California,CA,06,2024,0,prohibited possessor,dvro ex parte,handgun and long gun,NA,NA,NA,NA,CA1057
California,CA,06,2024,1,prohibited possessor,dvro ex parte : expanded,handgun and long gun,NA,NA,"In 2013, CA added required firearm surrender to this law with: Cal. Fam. Code § 6389 and in 2016 CA added required firearm removal with: Cal. Penal Code § 18250.",NA,CA1058
California,CA,06,2024,0,prohibited possessor,dvro : expanded,handgun and long gun,NA,NA,Initially passed as Cal.Penal Code § 12021. This law includes a firearm surrender requirement. The surrender component of the law was further clarified in 2013 with Cal. Fam. Code § 6389.,NA,CA1059
California,CA,06,2024,1,prohibited possessor,dvro : expanded,handgun and long gun,NA,NA,This law includes a firearm surrender requirement.,NA,CA1060
California,CA,06,2024,1,prohibited possessor,dvro,handgun and long gun,NA,NA,This law includes a firearm removal requirement.,NA,CA1062
California,CA,06,2024,1,prohibited possessor,erpo : expanded,handgun and long gun,NA,NA,ERPOs are called Gun Violence Restraining Orders (GVROs) in California,NA,CA1064
California,CA,06,2024,1,prohibited possessor,erpo : ex parte expanded,handgun and long gun,NA,NA,ERPOs are called Gun Violence Restraining Orders (GVROs) in California,NA,CA1065
California,CA,06,2024,1,safety training required,to purchase,handgun,NA,NA,"Initially implemented as Cal. Penal Code § 12800.  Now, handgun safety certificate or firearm safety certificate can be used.  Cal.Penal Code § 31640(a) provides details about the contents of the firearm safety training: The department shall develop a written objective test, in English and in Spanish, and prescribe its content, form, and manner, to be administered by an instructor certified by the department.

(b) If the person taking the test is unable to read, the test shall be administered orally. If the person taking the test is unable to read English or Spanish, the test may be administered orally by a translator.

(c) The test shall cover, but not be limited to, all of the following:

(1) The laws applicable to carrying and handling firearms, particularly handguns.

(2) The responsibilities of ownership of firearms, particularly handguns.

(3) Current law as it relates to the private sale and transfer of firearms.

(4) Current law as it relates to the permissible use of lethal force.

(5) What constitutes safe firearm storage.

(6) Issues associated with bringing a firearm into the home.

(7) Prevention strategies to address issues associated with bringing firearms into the home.",NA,CA1067
California,CA,06,2024,1,safety training required,to purchase,long gun,NA,NA,"Cal.Penal Code § 31640(a) provides details about the contents of the firearm safety training: The department shall develop a written objective test, in English and in Spanish, and prescribe its content, form, and manner, to be administered by an instructor certified by the department (b) If the person taking the test is unable to read, the test shall be administered orally. If the person taking the test is unable to read English or Spanish, the test may be administered orally by a translator.

(c) The test shall cover, but not be limited to, all of the following:

(1) The laws applicable to carrying and handling firearms, particularly handguns.

(2) The responsibilities of ownership of firearms, particularly handguns.

(3) Current law as it relates to the private sale and transfer of firearms.

(4) Current law as it relates to the permissible use of lethal force.

(5) What constitutes safe firearm storage.

(6) Issues associated with bringing a firearm into the home.

(7) Prevention strategies to address issues associated with bringing firearms into the home.",NA,CA1068
California,CA,06,2024,0,background checks,sales from dealer : federal,handgun,NA,NA,Part of the 1994 Brady Handgun Violence Prevention Act (Interim provisions),NA,CA1072
California,CA,06,2024,1,background checks,sales from dealer : federal,handgun and long gun,NA,NA,The National Instant Criminal Background Check System (NICS) was created in 1998. The Brady Act's interim provisions  requiring background checks for handguns were struck down and replaced with the requirement to conduct background checks on all dealer sales.,NA,CA1073
California,CA,06,2024,1,background checks,extra time,long gun,NA,NA,Gives U.S. Department of Justice up to 30 days to complete a background check before delivery of firearm.,NA,CA1077
California,CA,06,2024,1,safety training required,to purchase,handgun,NA,NA,Prior citation is Cal Penal Code 12072,NA,CA1078
California,CA,06,2024,1,safety training required,to purchase,long gun,NA,NA,NA,NA,CA1079
California,CA,06,2024,1,firearm removal at scene of domestic violence,required,handgun and long gun,NA,NA,Initially pased as Cal. Penal Code ¬ß 12028.5(b).,NA,CA1080
California,CA,06,2024,1,firearms in college/university,private : possession prohibited,handgun,NA,NA,NA,NA,CA1082
California,CA,06,2024,1,firearms in college/university,private : possession prohibited,long gun,NA,NA,NA,NA,CA1083
California,CA,06,2024,0,firearms in college/university,public : CCW allowed,handgun,NA,NA,NA,NA,CA1084
California,CA,06,2024,0,firearms in college/university,public : possession prohibited,handgun,NA,NA,NA,NA,CA1085
California,CA,06,2024,0,firearms in college/university,public : possession prohibited,long gun,NA,NA,Exception for CCW permit holders,NA,CA1086
California,CA,06,2024,1,firearms in college/university,public and private : CCW not allowed,handgun,NA,NA,NA,NA,CA1087
California,CA,06,2024,1,local laws preempted by state,limited,handgun and long gun,NA,NA,"But, exception for County of Los Angeles: (b) Notwithstanding subdivision (a), the County of Los Angeles, and any city within the County of Los Angeles, may enact and enforce an ordinance or resolution that is more restrictive than state law regulating the manufacture, sale, possession, or use of any BB device, toy gun, replica of a firearm, or other device that meets both of the following requirements:

(1) The device is so substantially similar in coloration and overall appearance to an existing firearm as to lead a reasonable person to perceive that the device is a firearm.

(2) The device expels a projectile that is no more than 16 millimeters in diameter.

Credits",NA,CA1088
California,CA,06,2024,0,local laws preempted by state,limited,handgun,NA,NA,Initially passed as Sec. 12026 of the Cal. Penal Code.,NA,CA1089
California,CA,06,2024,1,local laws preempted by state,limited,handgun and long gun,NA,NA,NA,NA,CA1090
California,CA,06,2024,1,required reporting of lost or stolen firearms,lost and stolen firearms,handgun and long gun,NA,NA,NA,NA,CA1093
California,CA,06,2024,0,required reporting of lost or stolen firearms,tracing firearms used in crimes,handgun and long gun,NA,NA,NA,NA,CA1096
California,CA,06,2024,1,required reporting of lost or stolen firearms,tracing firearms used in crimes,handgun and long gun,NA,NA,"Local law enforcement should submit firearms information to the DOJ National Integrated Ballistics Information Network.

The law does not specify if it's for handguns, long guns or both.",NA,CA1098
California,CA,06,2024,1,background checks,sales from dealer,handgun,NA,NA,Prior citation is Cal Penal Code 12072,NA,CA1099
California,CA,06,2024,1,background checks,sales from dealer,long gun,NA,NA,NA,NA,CA1100
California,CA,06,2024,0,required reporting of lost or stolen firearms,tracing firearms used in crimes,handgun and long gun,NA,NA,"Local law enforcement should submit firearms information to the DOJ National Integrated Ballistics Information Network.

The law does not specify longun or handgun, so I assumed.",NA,CA1101
California,CA,06,2024,1,gun trafficking,straw purchase - buyer and seller liability,handgun and long gun,NA,NA,Previous citation of Cal. Penal Code § 27515 was reorganized in 2010.,NA,CA1102
California,CA,06,2024,1,untraceable firearms,prohibited,handgun and long gun,NA,NA,Background Check for Parts,NA,CA1104
California,CA,06,2024,1,untraceable firearms,prohibited,handgun and long gun,NA,NA,Background Check for Assembled Firearms,NA,CA1105
California,CA,06,2024,1,untraceable firearms,prohibited,handgun and long gun,NA,NA,Serial Number Requirement; Some of the law does not take effect until 2019,NA,CA1106
California,CA,06,2024,1,carrying a concealed weapon (ccw),shall issue,handgun,NA,NA,NA,NA,CA1107
California,CA,06,2024,1,firearm sales restrictions,ban on high capacity magazines,handgun and long gun,NA,NA,NA,NA,CA1108
California,CA,06,2024,0,firearm sales restrictions,assault weapons ban — Federal,handgun and long gun,NA,NA,"This subtitle and the amendments made by this subtitle—
<< 18 USCA § 921 NOTE >>
(1) shall take effect on the date of the enactment of this Act; and
(2) are repealed effective as of the date that is 10 years after that date.",NA,CA1109
California,CA,06,2024,0,firearm sales restrictions,ban on high capacity magazines – federal,handgun and long gun,NA,NA,"This subtitle and the amendments made by this subtitle—
<< 18 USCA § 921 NOTE >>
(1) shall take effect on the date of the enactment of this Act; and
(2) are repealed effective as of the date that is 10 years after that date.",NA,CA1111
California,CA,06,2024,1,minimum age,youth possession,long gun,18,NA,"Before 2012, section titled Cal. Penal Code § 12102. ""Minor"" defined by Cal. Fam. Code § 6500 as under 18..",NA,CA1112
California,CA,06,2024,1,minimum age,minimum age purchase - federal,long gun,21,NA,NA,NA,CA1113
California,CA,06,2024,1,minimum age,minimum age purchase - federal,handgun,18,NA,NA,NA,CA1114
California,CA,06,2024,1,minimum age,minimum age possession - federal,handgun,18,NA,NA,NA,CA1115
California,CA,06,2024,1,prohibited possessor,violent misdemeanor,handgun and long gun,NA,NA,NA,NA,CA1116
California,CA,06,2024,0,prohibited possessor,violent misdemeanor,handgun and long gun,NA,NA,NA,NA,CA1117
California,CA,06,2024,1,carrying a concealed weapon (ccw),shall issue,handgun,21,NA,NA,NA,CA1118
Colorado,CO,08,2024,1,background checks,private sales : point of sale,long gun,NA,NA,NA,NA,CO1001
Colorado,CO,08,2024,0,background checks,sales from dealer,handgun,NA,NA,NA,NA,CO1003
Colorado,CO,08,2024,1,background checks,sales from dealer,handgun,NA,NA,"Although the Colorado law was repealed, then later replaced, the Federal law continued requiring background checks, so this isn't a repeal of the policy.",NA,CO1004
Colorado,CO,08,2024,0,carrying a concealed weapon (ccw),may issue,handgun,NA,NA,"Many sources cite Colo. Rev. Stat. §18-12-105.1 (1981) as implementing ""may issue"" in Colorado, but we believe this language is sufficient to establish ""may issue.""",NA,CO1007
Colorado,CO,08,2024,1,carrying a concealed weapon (ccw),shall issue,handgun,NA,NA,NA,NA,CO1008
Colorado,CO,08,2024,1,castle doctrine,traditional,handgun and long gun,NA,NA,NA,NA,CO1009
Colorado,CO,08,2024,0,castle doctrine,traditional,handgun and long gun,NA,NA,"See Catalfamo (2007), p. 509.",NA,CO1010
Colorado,CO,08,2024,1,child access laws,"intentional, reckless, or knowing provision",handgun,NA,NA,NA,NA,CO1012
Colorado,CO,08,2024,1,minimum age,youth possession,handgun,18,NA,NA,NA,CO1014
Colorado,CO,08,2024,1,minimum age,purchase and sale,handgun,18,NA,NA,NA,CO1016
Colorado,CO,08,2024,1,background checks,private sales : point of sale,handgun,NA,NA,NA,NA,CO1025
Colorado,CO,08,2024,1,prohibited possessor,dvro ex parte,handgun and long gun,NA,NA,"This law allows for the judge's discretion about whether to bar the defendant from owning, possessing, or purchasing firearms. This law includes a firearm surrender requirement. This is a ""conditional"" law because the law text says that a judge ""shall have original concurrent jurisdiction"" to order a temporary or permanent civil protection order but is not required to if the person is threatened with domestic abuse. However, if they do decide to issue such a protection order, that person would be barred from owning or purchasing a firearm.",NA,CO1033
Colorado,CO,08,2024,1,prohibited possessor,dvro,handgun and long gun,NA,NA,This law includes a firearm surrender requirement.,NA,CO1034
Colorado,CO,08,2024,1,prohibited possessor,dvro,handgun and long gun,NA,NA,This law includes a firearm surrender requirement.,NA,CO1035
Colorado,CO,08,2024,1,prohibited possessor,erpo : expanded,handgun and long gun,NA,NA,NA,NA,CO1037
Colorado,CO,08,2024,1,prohibited possessor,erpo : ex parte expanded,handgun and long gun,NA,NA,NA,NA,CO1038
Colorado,CO,08,2024,0,background checks,sales from dealer : federal,handgun,NA,NA,Part of the 1994 Brady Handgun Violence Prevention Act (Interim provisions),NA,CO1044
Colorado,CO,08,2024,1,background checks,sales from dealer : federal,handgun and long gun,NA,NA,The National Instant Criminal Background Check System (NICS) was created in 1998. The Brady Act's interim provisions  requiring background checks for handguns were struck down and replaced with the requirement to conduct background checks on all dealer sales.,NA,CO1045
Colorado,CO,08,2024,1,background checks,sales from dealer : federal,handgun,NA,NA,NA,NA,CO1046
Colorado,CO,08,2024,0.019125683,firearms in college/university,public and private : CCW allowed,handgun,NA,NA,"Colorado’s 1987 banning deadly weapons at public and private colleges and universities was originally codified in Colo. Rev. Stat. § 18-12-105 and moved to Colo. Rev. Stat. § 18-12-105.5 in 1993. While the original law allowed concealed carry permit holders to conceal carry on campus, the Colorado Board of Regents enacted a policy banning guns - including those carried by concealed carry permit holders – on March 17, 1994. In 2003, Colorado passed a comprehensive concealed carry law (CO ST § 18–12–201, et seq.) that included the permission of permit holders “to carry a concealed handgun authorizes the permittee to carry a concealed handgun in all areas of the state, except as specifically limited in this section (18–12–214). Colleges and universities were not listed in the exempted areas listed and the enacting legislation also made minor language changes to CO ST § 18–12–105.5 that reaffirmed the ability of permit holders to conceal carry on colleges and universities. However, the Colorado Board of Regent policy was still maintained. In 2012 in Regents of the Univ. of Colo. v. Students for Concealed Carry on Campus, 271 P.3d 496 (Colo. 2012), the Supreme Court of Colorado held that the policy violated Colorado law.",NA,CO1054
Colorado,CO,08,2024,1,firearms in college/university,public and private : possession prohibited,long gun,NA,NA,NA,NA,CO1055
Colorado,CO,08,2024,1,local laws preempted by state,comprehensive,handgun and long gun,NA,NA,"Exception: Colo. Rev. Stat. § 29-11.7-104: A local government may enact an ordinance, regulation, or other law that prohibits the open carrying of a firearm in a building or specific area within the local government's jurisdiction. If a local government enacts an ordinance, regulation, or other law that prohibits the open carrying of a firearm in a building or specific area, the local government shall post signs at the public entrances to the building or specific area informing persons that the open carrying of firearms is prohibited in the building or specific area.  See also State v. City & Cty. of Denver, 139 P.3d 635 (Colo. 2006), which allows Denve to enforce its ordinances regulating the open carrying of firearms generally and in city parks, and banning assault weapons and Saturday night specials.  Colorado may fall between comprehensive and selective.",NA,CO1057
Colorado,CO,08,2024,0,local laws preempted by state,limited,handgun and long gun,NA,NA,NA,NA,CO1058
Colorado,CO,08,2024,1,gun trafficking,straw purchase - buyer liability,handgun and long gun,NA,NA,NA,NA,CO1061
Colorado,CO,08,2024,1,background checks,extra time,handgun,NA,NA,Waiting period is indefinite until background check is complete,NA,CO1062
Colorado,CO,08,2024,1,background checks,extra time,long gun,NA,NA,Waiting period is indefinite until background check is complete,NA,CO1063
Colorado,CO,08,2024,1,child access laws,negligent storage,handgun and long gun,NA,NA,NA,NA,CO1064
Colorado,CO,08,2024,1,firearm removal at scene of domestic violence,required,handgun and long gun,NA,NA,NA,NA,CO1065
Colorado,CO,08,2024,1,firearm sales restrictions,ban on high capacity magazines,handgun and long gun,NA,NA,NA,NA,CO1066
Colorado,CO,08,2024,1,firearm sales restrictions,ban on high capacity magazines,handgun and long gun,NA,NA,NA,NA,CO1067
Colorado,CO,08,2024,0,firearm sales restrictions,assault weapons ban — Federal,handgun and long gun,NA,NA,"This subtitle and the amendments made by this subtitle—
<< 18 USCA § 921 NOTE >>
(1) shall take effect on the date of the enactment of this Act; and
(2) are repealed effective as of the date that is 10 years after that date.",NA,CO1068
Colorado,CO,08,2024,0,firearm sales restrictions,ban on high capacity magazines – federal,handgun and long gun,NA,NA,"This subtitle and the amendments made by this subtitle—
<< 18 USCA § 921 NOTE >>
(1) shall take effect on the date of the enactment of this Act; and
(2) are repealed effective as of the date that is 10 years after that date.",NA,CO1070
Colorado,CO,08,2024,1,minimum age,purchase and sale,long gun,18,NA,NA,NA,CO1071
Colorado,CO,08,2024,1,minimum age,purchase and sale,handgun,21,NA,NA,NA,CO1072
Colorado,CO,08,2024,1,minimum age,purchase and sale,long gun,21,NA,NA,NA,CO1073
Colorado,CO,08,2024,1,minimum age,minimum age purchase - federal,long gun,21,NA,NA,NA,CO1074
Colorado,CO,08,2024,1,minimum age,minimum age purchase - federal,handgun,18,NA,NA,NA,CO1075
Colorado,CO,08,2024,1,minimum age,minimum age possession - federal,handgun,18,NA,NA,NA,CO1076
Colorado,CO,08,2024,1,prohibited possessor,erpo : expanded,handgun and long gun,NA,NA,NA,NA,CO1077
Colorado,CO,08,2024,0,prohibited possessor,not RAND violent misdemeanor,handgun and long gun,NA,NA,"Despite the law restricting access to firearms to those convicted of a misdemeanor, it does not explicitly call out ""simple assault"" and does not meet RAND's definition for this subclass.",NA,CO1078
Colorado,CO,08,2024,0,prohibited possessor,not RAND violent misdemeanor,handgun and long gun,NA,NA,NA,NA,CO1079
Colorado,CO,08,2024,1,prohibited possessor,violent misdemeanor limited,handgun and long gun,NA,NA,NA,NA,CO1080
Colorado,CO,08,2024,1,required reporting of lost or stolen firearms,lost and stolen firearms,handgun and long gun,NA,NA,NA,NA,CO1081
Colorado,CO,08,2024,1,untraceable firearms,prohibited,handgun and long gun,NA,NA,NA,NA,CO1083
Colorado,CO,08,2024,1,waiting period,general,handgun and long gun,NA,3,NA,NA,CO1084
Colorado,CO,08,2024,0.5027322404371585,firearms in college/university,public and private : possession prohibited,handgun and long gun,NA,NA,NA,NA,CO1085
Colorado,CO,08,2024,0,dealer license,state license requirement,handgun and long gun,NA,NA,NA,NA,CO1086
Connecticut,CT,09,2024,1,background checks,permit to purchase,long gun,NA,NA,NA,NA,CT1001
Connecticut,CT,09,2024,1,background checks,private sales : point of sale,handgun,NA,NA,NA,NA,CT1002
Connecticut,CT,09,2024,1,background checks,sales from dealer,handgun,NA,NA,NA,NA,CT1004
Connecticut,CT,09,2024,1,background checks,sales from dealer,long gun,NA,NA,NA,NA,CT1006
Connecticut,CT,09,2024,0,carrying a concealed weapon (ccw),may issue,handgun,NA,NA,NA,"Some disagreement here. Vernick and Hepburn (2003) characterize as ""may issue,"" and note that the Brady Campaign to Prevent Gun Violence does as well, but that the National Rifle Association characterizes as ""shall issue."" We agree that this is ""may issue.""",CT1007
Connecticut,CT,09,2024,1,carrying a concealed weapon (ccw),shall issue,handgun,NA,NA,"Connecticut's concealed-carry law is  ambiguous and subject to different interpretations. In 1969, Connecticut established a Handgun Review Board to minimize arbitrary denials of permit applications. Sources such as Grossman and Lee (2008), and Ayres and Donohue (2009) consider 1969 to be the year Connecticut became ""shall issue"" in practice. We ultimately agreed, but note that Vernick and Hepburn (2003) characterize the law as remaining ""may issue,"" and the NRA characterizes Connecticut's law as ""reasonable/discretionary issue.""

On June 23, 2022, the Supreme Court ruled in New York State Rifle & Pistol Association v. Bruen that 
while Connecticut, Delaware, and Rhode Island have laws with discretionary criteria, because they “appear to operate like ‘shall issue’ jurisdictions” and are therefore not unconstitutional.  “Although Connecticut officials have discretion to deny a concealed-carry permit to anyone who is not a ‘suitable person,’ see Conn. Gen. Stat. §29–28(b), the ‘suitable person’ standard precludes permits only to those ‘individuals whose conduct has shown them to be lacking the essential character or temperament necessary to be entrusted with a weapon.’”  As such, the Bruen decision did not reqjuire any real changes in rules or operations of the permitting system, but is recorded here to reflect that the Supreme Court concluded that any discretionary elements of the states law that might be considered a feature of a “may issue” state, are not unconstitutional.",NA,CT1008
Connecticut,CT,09,2024,1,castle doctrine,expanded 1,handgun and long gun,NA,NA,NA,NA,CT1009
Connecticut,CT,09,2024,1,child access laws,negligent storage,handgun and long gun,NA,NA,"2019 amendment deleted reference to ""loaded"" firearm.",NA,CT1011
Connecticut,CT,09,2024,0,dealer license,state license requirement,handgun,NA,NA,"1959 act corrected typographical error; P.A. 77-614 replaced commissioner of state police with commissioner of public safety, effective January 1, 1979; P.A. 90-155 added provision re compliance with local zoning requirements; P.A. 92-130 divided section into two Subsecs., inserting new language as Subsec. (b) to prohibit issuing authority from requiring police officers to furnish their residence addresses in permit applications and to require issuing authority to allow police officers who have a permit to carry a pistol or revolver on May 26, 1992, to revise such applications to include business or post office address in lieu of residence address.",NA,CT1012
Connecticut,CT,09,2024,1,dealer license,state license requirement,handgun,NA,NA,Also allows people to have fewer than 10 pistols with no permit.,NA,CT1013
Connecticut,CT,09,2024,1,firearm sales restrictions,assault weapons ban,long gun,NA,NA,List of banned weapons and features in Conn. Gen Stat. § 53-202a.,NA,CT1015
Connecticut,CT,09,2024,0,minimum age,purchase and sale,handgun,18,NA,NA,NA,CT1018
Connecticut,CT,09,2024,1,minimum age,purchase and sale,handgun,21,NA,See also Conn. Gen. Stat. § 29-36f(a): Any person who is twenty-one years of age or older may apply to the Commissioner of Emergency Services and Public Protection for an eligibility certificate for a pistol or revolver.,NA,CT1019
Connecticut,CT,09,2024,1,minimum age,purchase and sale,long gun,18,NA,NA,NA,CT1021
Connecticut,CT,09,2024,0,open carry,license required,handgun,NA,NA,NA,NA,CT1023
Connecticut,CT,09,2024,1,waiting period,Waiting Periods: De facto (permit required),handgun,NA,10,"de facto (permit required)”: The law does not require that permits are issued with a delay, but in practice they may take weeks to obtain, so we treat this as a de facto waiting period for handguns, and arbitrarily set the length of the waiting period to 10 days.",NA,CT1024
Connecticut,CT,09,2024,1,waiting period,Waiting Periods: De facto (permit required),long gun,NA,10,"de facto (permit required)”: The law does not require that permits are issued with a delay, but in practice they may take weeks to obtain, so we treat this as a de facto waiting period for long guns, and arbitrarily set the length of the waiting period to 10 days.",NA,CT1025
Connecticut,CT,09,2024,1,registration,required,handgun,NA,NA,NA,NA,CT1026
Connecticut,CT,09,2024,1,registration,required,long gun,NA,NA,NA,NA,CT1027
Connecticut,CT,09,2024,1,background checks,extra time,handgun,NA,NA,NA,Citation in Vernick and Hepburn (2003) is Conn. Gen. Stat. § 29-369G.,CT1029
Connecticut,CT,09,2024,0,waiting period,general,handgun,NA,7,NA,NA,CT1030
Connecticut,CT,09,2024,0,waiting period,general,handgun,NA,14,NA,NA,CT1031
Connecticut,CT,09,2024,1,waiting period,general,handgun,NA,NA,NA,NA,CT1032
Connecticut,CT,09,2024,0,waiting period,general,long gun,NA,NA,NA,NA,CT1033
Connecticut,CT,09,2024,0,waiting period,general,long gun,NA,14,Specific to sales without permits from dealers.,Giffords Law Center to Prevent Gun Violence (undated) says that a 14-day waiting period continues to apply to private sales. Connecticut Department of Emergency Services and Public Protection says it doesn't.,CT1034
Connecticut,CT,09,2024,1,waiting period,general,long gun,NA,14,"As of April 1, 2014, waiting periods were replaced with waiting period de facto due to a permit to purchase requirement. Specific to sales without permits from dealers.",NA,CT1035
Connecticut,CT,09,2024,1,firearm sales restrictions,assault weapons ban,handgun,NA,NA,List of banned weapons and features in Conn. Gen Stat. § 53-202a.,NA,CT1039
Connecticut,CT,09,2024,1,background checks,permit to purchase,handgun,NA,NA,NA,NA,CT1040
Connecticut,CT,09,2024,1,prohibited possessor,erpo : ex parte,handgun and long gun,NA,NA,"Indiana, like Connecticut, call their laws ""Risk Based Firearm Removal Laws."" The key difference is that risk based firearm removal laws are implemented when the subject of the removal order already owns a firearm. However, both laws also include prohibitions about possessing a firearm while the order is in effect, essentially creating a scenario where the subject of the order could not legally purchase a firearm. ERPO laws state that the order can be served even if the person does not already own a firearm.

Have not identified copy of actual bill.",NA,CT1042
Connecticut,CT,09,2024,0,prohibited possessor,mental health : committed to mh facility,handgun,NA,NA,Citation initially C.G.S.A. §29-34,NA,CT1043
Connecticut,CT,09,2024,0,prohibited possessor,mental health : committed to mh facility : voluntary,handgun,NA,NA,Citation initially C.G.S.A. §29-34,NA,CT1044
Connecticut,CT,09,2024,1,prohibited possessor,dvro : expanded,handgun and long gun,NA,NA,§ 13A-4-2 dated 1975,NA,CT1045
Connecticut,CT,09,2024,1,prohibited possessor,dvro ex parte : expanded,handgun and long gun,NA,NA,NA,NA,CT1046
Connecticut,CT,09,2024,1,safety training required,to purchase,handgun,NA,NA,NA,NA,CT1048
Connecticut,CT,09,2024,1,safety training required,to carry,handgun,NA,NA,NA,NA,CT1049
Connecticut,CT,09,2024,0,background checks,private sales : point of sale,long gun,NA,NA,NA,NA,CT1053
Connecticut,CT,09,2024,0,background checks,sales from dealer : federal,handgun,NA,NA,Part of the 1994 Brady Handgun Violence Prevention Act (Interim provisions),NA,CT1055
Connecticut,CT,09,2024,1,background checks,sales from dealer : federal,handgun and long gun,NA,NA,The National Instant Criminal Background Check System (NICS) was created in 1998. The Brady Act's interim provisions  requiring background checks for handguns were struck down and replaced with the requirement to conduct background checks on all dealer sales.,NA,CT1056
Connecticut,CT,09,2024,0,castle doctrine,traditional,handgun and long gun,NA,NA,NA,NA,CT1061
Connecticut,CT,09,2024,1,firearm removal at scene of domestic violence,authorized,handgun and long gun,NA,NA,NA,NA,CT1064
Connecticut,CT,09,2024,1,local laws preempted by state,limited,handgun,NA,NA,NA,NA,CT1067
Connecticut,CT,09,2024,1,required reporting of lost or stolen firearms,lost and stolen firearms,handgun and long gun,NA,NA,NA,NA,CT1069
Connecticut,CT,09,2024,0,required reporting of lost or stolen firearms,tracing firearms used in crimes,handgun and long gun,NA,NA,CT defines firearm as any device that can be shot so should include handgun and long gun,NA,CT1072
Connecticut,CT,09,2024,1,required reporting of lost or stolen firearms,tracing firearms used in crimes,handgun and long gun,NA,NA,NA,NA,CT1073
Connecticut,CT,09,2024,1,gun trafficking,straw purchase - buyer and seller liability,handgun,NA,NA,Please note that this one of the few laws that restricts handguns only,NA,CT1075
Connecticut,CT,09,2024,1,gun trafficking,straw purchase - buyer liability,handgun and long gun,NA,NA,NA,NA,CT1076
Connecticut,CT,09,2024,1,untraceable firearms,prohibited,handgun,NA,NA,Serial Number Requirement,NA,CT1080
Connecticut,CT,09,2024,1,firearm sales restrictions,ban on high capacity magazines,handgun and long gun,NA,NA,NA,NA,CT1081
Connecticut,CT,09,2024,0,firearm sales restrictions,assault weapons ban — Federal,handgun and long gun,NA,NA,"This subtitle and the amendments made by this subtitle—
<< 18 USCA § 921 NOTE >>
(1) shall take effect on the date of the enactment of this Act; and
(2) are repealed effective as of the date that is 10 years after that date.",NA,CT1082
Connecticut,CT,09,2024,0,firearm sales restrictions,ban on high capacity magazines – federal,handgun and long gun,NA,NA,"This subtitle and the amendments made by this subtitle—
<< 18 USCA § 921 NOTE >>
(1) shall take effect on the date of the enactment of this Act; and
(2) are repealed effective as of the date that is 10 years after that date.",NA,CT1084
Connecticut,CT,09,2024,1,gun trafficking,straw purchase - buyer liability,handgun and long gun,NA,NA,NA,NA,CT1085
Connecticut,CT,09,2024,1,minimum age,minimum age purchase - federal,long gun,21,NA,NA,NA,CT1086
Connecticut,CT,09,2024,1,minimum age,minimum age purchase - federal,handgun,18,NA,NA,NA,CT1087
Connecticut,CT,09,2024,1,minimum age,minimum age possession - federal,handgun,18,NA,NA,NA,CT1088
Connecticut,CT,09,2024,1,open carry,prohibited,handgun,NA,NA,NA,NA,CT1089
Connecticut,CT,09,2024,1,permit to purchase,required,handgun,NA,NA,Originally was found in Conn. Gen. Stat. § 29-36j(a),NA,CT1090
Connecticut,CT,09,2024,1,permit to purchase,required,long gun,NA,NA,Long gun eligibility certificate required.,NA,CT1091
Connecticut,CT,09,2024,1,prohibited possessor,mental health : committed to mh facility,handgun,NA,NA,"Includes commitments after criminal trials. If possession is prohibited for reason of not guilty by reason of insanity, has to have been discharged from custody within prior 20 years; if involuntarily committed, must have been confined within prior 60 or 12 months depending on who confined them; and if voluntarily admitted, must have been within prior 6 months.",NA,CT1092
Connecticut,CT,09,2024,1,prohibited possessor,mental health : committed to mh facility : voluntary,handgun,NA,NA,"Includes commitments after criminal trials. If possession is prohibited for reason of not guilty by reason of insanity, has to have been discharged from custody within prior 20 years; if involuntarily committed, must have been confined within prior 60 or 12 months depending on who confined them; and if voluntarily admitted, must have been within prior 6 months.",NA,CT1093
Connecticut,CT,09,2024,1,prohibited possessor,violent misdemeanor,handgun,NA,NA,NA,NA,CT1094
Connecticut,CT,09,2024,0,prohibited possessor,violent misdemeanor,handgun,NA,NA,NA,NA,CT1095
Connecticut,CT,09,2024,1,minimum age,youth possession,handgun,21,NA,NA,NA,CT1096
Connecticut,CT,09,2024,1,prohibited possessor,erpo : ex parte expanded,handgun and long gun,NA,NA,NA,NA,CT1097
District of Columbia,DC,11,2024,1,background checks,permit to purchase,long gun,NA,NA,"Registration certificate required for all purchases, involves background check.",NA,DC1001
District of Columbia,DC,11,2024,0,carrying a concealed weapon (ccw),may issue,handgun,NA,NA,NA,NA,DC1004
District of Columbia,DC,11,2024,1,child access laws,negligent storage,handgun and long gun,NA,NA,NA,NA,DC1005
District of Columbia,DC,11,2024,1,dealer license,state license requirement,long gun,NA,NA,"Initial code section (22-3209) referred to ""pistol, machine gun, sawed-off shotgun, or blackjack[s].""",NA,DC1007
District of Columbia,DC,11,2024,1,firearm sales restrictions,assault weapons ban,handgun,NA,NA,List of banned weapons and features in D.C. Code Ann. § 7-2501.01,NA,DC1008
District of Columbia,DC,11,2024,0,firearm sales restrictions,handgun ban,handgun,NA,NA,"Implemented as very strict permit-to-purchase scheme, but was a handgun ban in practice.",NA,DC1009
District of Columbia,DC,11,2024,1,firearm sales restrictions,handgun ban,handgun,NA,NA,NA,NA,DC1010
District of Columbia,DC,11,2024,1,minimum age,youth possession,long gun,18,NA,"18 with parental permission and parent assuming civil liability, so we treat this as minimum age 18, rather than 21 (without parental permission).",NA,DC1012
District of Columbia,DC,11,2024,0,minimum age,purchase and sale,handgun,18,NA,NA,NA,DC1013
District of Columbia,DC,11,2024,1,minimum age,purchase and sale,handgun,21,NA,1953 code section was D.C. Code Ann. §  22-3207.,NA,DC1014
District of Columbia,DC,11,2024,0,firearm sales restrictions,one gun per month,handgun,NA,NA,NA,NA,DC1015
District of Columbia,DC,11,2024,1,open carry,prohibited,handgun,NA,NA,See D.C. Code Ann. § 22-4504.,NA,DC1016
District of Columbia,DC,11,2024,1,open carry,prohibited,long gun,NA,NA,NA,NA,DC1017
District of Columbia,DC,11,2024,0,waiting period,general,handgun,NA,2,NA,NA,DC1019
District of Columbia,DC,11,2024,1,waiting period,general,long gun,NA,10,Expanded waiting period from handguns to all firearms.,NA,DC1020
District of Columbia,DC,11,2024,1,background checks,sales from dealer,long gun,NA,NA,"Registration certificate required for all purchases, involves background check.",NA,DC1021
District of Columbia,DC,11,2024,1,dealer license,state license requirement,handgun,NA,NA,"Initial code section (22-3209) referred to ""pistol, machine gun, sawed-off shotgun, or blackjack[s].""",NA,DC1022
District of Columbia,DC,11,2024,1,firearm sales restrictions,assault weapons ban,long gun,NA,NA,List of banned weapons and features in D.C. Code Ann. § 7-2501.01,NA,DC1023
District of Columbia,DC,11,2024,1,waiting period,general,handgun,NA,10,Expanded waiting period from handguns to all firearms.,NA,DC1026
District of Columbia,DC,11,2024,1,waiting period,Waiting Periods: De facto (permit required),handgun,NA,10,"de facto (permit required)”: The law does not require that permits are issued with a delay, but in practice they may take weeks to obtain, so we treat this as a de facto waiting period for handguns, and arbitrarily set the length of the waiting period to 10 days.",NA,DC1027
District of Columbia,DC,11,2024,1,waiting period,Waiting Periods: De facto (permit required),long gun,NA,10,"de facto (permit required)”: The law does not require that permits are issued with a delay, but in practice they may take weeks to obtain, so we treat this as a de facto waiting period for long guns, and arbitrarily set the length of the waiting period to 10 days.",NA,DC1028
District of Columbia,DC,11,2024,1,firearm sales restrictions,one gun per month,handgun,NA,NA,Ruled unconstitutional by court ruling. Law is still on the books.,NA,DC1030
District of Columbia,DC,11,2024,1,minimum age,purchase and sale,long gun,18,NA,Original text of law was about registration certificate for purchase. Allowed people age 18-21 to purchase firearm if accompanied by notarized statement by parents or guardian.,NA,DC1031
District of Columbia,DC,11,2024,1,minimum age,youth possession,handgun,18,NA,"18 with parental permission and parent assuming civil liability, so we treat this as minimum age 18, rather than 21 (without parental permission).",NA,DC1032
District of Columbia,DC,11,2024,1,prohibited possessor,mental health : committed to mh facility : voluntary,handgun and long gun,NA,NA,"Includes commitments after criminal trials. Restriction based on acquittal due to insanity ""shall not apply if such person shall present to the Chief, with the application, a medical certification indicating that the applicant has recovered from such insanity or alcoholic condition and is capable of safe and responsible possession of a firearm;"" and restriction due to committment ""shall not apply, if such person shall present to the Chief, with the application, a medical certification that the applicant has recovered from whatever malady prompted such commitment.""",NA,DC1033
District of Columbia,DC,11,2024,1,prohibited possessor,dvro,handgun and long gun,NA,NA,"“Intrafamily offense” is defined as interpersonal, intimate partner, or intrafamily violence. D.C. Code Ann. § 7-2501.01(9B), referencing the definitions for intrafamily offense proceedings under D.C. Code Ann. § 16-1001(8). “Interpersonal violence” means an act punishable as a criminal offense that is committed or threatened to be committed by an offender upon a person: 1) with whom the offender shares or has shared a mutual residence; or 2) who is or was married to, in a domestic partnership with, divorced or separated from, or in a romantic, dating, or sexual relationship with another person who is or was married to, in a domestic partnership with, divorced or separated from, or in a romantic, dating, or sexual relationship with the offender. D.C. Code Ann. § 16-1001(6). “Intimate partner violence” means an act punishable as a criminal offense that is committed or threatened to be committed by an offender upon a person: 1) to whom the offender is or was married; 2) with whom the offender is or was in a domestic partnership; or 3) with whom the offender is or was in a romantic, dating, or sexual relationship. D.C. Code Ann. § 16-1001(7). “Intrafamily violence” means an act punishable as a criminal offense that is committed or threatened to be committed by an offender upon a person to whom the offender is related by blood, adoption, legal custody, marriage, or domestic partnership, or with whom the offender has a child in common. D.C. Code Ann. § 16-1001(9) (Giffords Center to PRevrnt Gun VIolence, 2019).",NA,DC1034
District of Columbia,DC,11,2024,1,prohibited possessor,erpo,handgun and long gun,NA,NA,NA,NA,DC1035
District of Columbia,DC,11,2024,1,prohibited possessor,erpo : ex parte,handgun and long gun,NA,NA,NA,NA,DC1036
District of Columbia,DC,11,2024,1,safety training required,to purchase,handgun,NA,NA,NA,NA,DC1038
District of Columbia,DC,11,2024,0,carrying a concealed weapon (ccw),shall issue,handgun,NA,NA,"D.C. did not appeal the Wrenn decision and instead dropped enforcement of the “good reason” requirement (Giffords Law Center, 2018).",NA,DC1039
District of Columbia,DC,11,2024,1,safety training required,to purchase,long gun,NA,NA,NA,NA,DC1041
District of Columbia,DC,11,2024,1,registration,required,handgun,NA,NA,"Note handgun ban in D.C. was in place until 2008, when struck down by Heller.",NA,DC1042
District of Columbia,DC,11,2024,1,registration,required,long gun,NA,NA,NA,NA,DC1043
District of Columbia,DC,11,2024,0,background checks,sales from dealer : federal,handgun,NA,NA,Part of the 1994 Brady Handgun Violence Prevention Act (Interim provisions),NA,DC1045
District of Columbia,DC,11,2024,1,background checks,sales from dealer : federal,handgun and long gun,NA,NA,The National Instant Criminal Background Check System (NICS) was created in 1998. The Brady Act's interim provisions  requiring background checks for handguns were struck down and replaced with the requirement to conduct background checks on all dealer sales.,NA,DC1046
District of Columbia,DC,11,2024,1,castle doctrine,traditional,handgun and long gun,NA,NA,NA,NA,DC1048
District of Columbia,DC,11,2024,1,background checks,permit to purchase,handgun,NA,NA,"Normally a permit to purchase law would be considered ""restrictive."" Since this permit to purchase police replaced a total ban on handguns, here is considered ""permissive.""",NA,DC1049
District of Columbia,DC,11,2024,1,firearm sales restrictions,saturday night special ban,handgun,NA,NA,NA,NA,DC1050
District of Columbia,DC,11,2024,1,firearms in college/university,public and private : CCW not allowed,handgun,NA,NA,NA,NA,DC1055
District of Columbia,DC,11,2024,1,firearms in college/university,public and private : possession prohibited,handgun,NA,NA,NA,NA,DC1056
District of Columbia,DC,11,2024,1,firearms in college/university,public and private : possession prohibited,long gun,NA,NA,NA,NA,DC1057
District of Columbia,DC,11,2024,1,required reporting of lost or stolen firearms,lost and stolen firearms,handgun and long gun,NA,NA,NA,NA,DC1059
District of Columbia,DC,11,2024,1,untraceable firearms,prohibited,handgun and long gun,NA,NA,Ghost Gun Ban,NA,DC1062
District of Columbia,DC,11,2024,0,carrying a concealed weapon (ccw),may issue,handgun,NA,NA,NA,NA,DC1063
District of Columbia,DC,11,2024,0,carrying a concealed weapon (ccw),may issue,handgun,NA,NA,NA,NA,DC1064
District of Columbia,DC,11,2024,1,carrying a concealed weapon (ccw),shall issue,handgun,NA,NA,NA,NA,DC1065
District of Columbia,DC,11,2024,1,firearm sales restrictions,ban on high capacity magazines,handgun and long gun,NA,NA,NA,NA,DC1066
District of Columbia,DC,11,2024,0,firearm sales restrictions,assault weapons ban — Federal,handgun and long gun,NA,NA,"This subtitle and the amendments made by this subtitle—
<< 18 USCA § 921 NOTE >>
(1) shall take effect on the date of the enactment of this Act; and
(2) are repealed effective as of the date that is 10 years after that date.",NA,DC1067
District of Columbia,DC,11,2024,0,firearm sales restrictions,ban on high capacity magazines – federal,handgun and long gun,NA,NA,"This subtitle and the amendments made by this subtitle—
<< 18 USCA § 921 NOTE >>
(1) shall take effect on the date of the enactment of this Act; and
(2) are repealed effective as of the date that is 10 years after that date.",NA,DC1069
District of Columbia,DC,11,2024,1,minimum age,minimum age purchase - federal,long gun,21,NA,NA,NA,DC1070
District of Columbia,DC,11,2024,1,minimum age,minimum age purchase - federal,handgun,18,NA,NA,NA,DC1071
District of Columbia,DC,11,2024,1,minimum age,minimum age possession - federal,handgun,18,NA,NA,NA,DC1072
District of Columbia,DC,11,2024,1,permit to purchase,required,handgun,NA,NA,NA,NA,DC1073
District of Columbia,DC,11,2024,1,permit to purchase,required,long gun,NA,NA,NA,NA,DC1074
District of Columbia,DC,11,2024,1,prohibited possessor,mental health : adjudicated as mentally incompetent//incapacitated/disabled,handgun and long gun,NA,NA,"Includes commitments after criminal trials. Restriction based on acquittal due to insanity ""shall not apply if such person shall present to the Chief, with the application, a medical certification indicating that the applicant has recovered from such insanity or alcoholic condition and is capable of safe and responsible possession of a firearm;"" and restriction due to committment ""shall not apply, if such person shall present to the Chief, with the application, a medical certification that the applicant has recovered from whatever malady prompted such commitment.""",NA,DC1075
District of Columbia,DC,11,2024,1,prohibited possessor,violent misdemeanor limited,handgun and long gun,NA,NA,This law was originally cited as D.C. Code § 6-2313(a)(4),NA,DC1076
District of Columbia,DC,11,2024,1,prohibited possessor,dvro ex parte : expanded,handgun and long gun,NA,NA,"This law allows for the judge's discretion about whether to bar the defendant from owning, possessing, or purchasing firearms in the case of civil protection orders, but includes a firearm surrender requirement for temporary protection orders.",NA,DC1077
Delaware,DE,10,2024,1,background checks,private sales : point of sale,long gun,NA,NA,NA,NA,DE1001
Delaware,DE,10,2024,1,background checks,sales from dealer,long gun,NA,NA,NA,Vernick and Hepburn (2003) said this applies only to handguns; we think the law has always referred to firearms in general.,DE1003
Delaware,DE,10,2024,1,carrying a concealed weapon (ccw),may issue,handgun,NA,NA,"On June 23, 2022, the Supreme Court’s decision in New York State Rifle & Pistol Association, Inc. v. Bruen, 597 U.S. ____ (2022) determined that “may issue” concealed carry laws were unconstitutional, though they explicitly stated that Delaware, Connecticut and Rhode Island’s versions of “may issue” laws were not unconstitutional. As such, this database treats all states but Delaware, Connecticut and Rhode Island as having “shall issue” concealed carry laws as of June 23, 2022.","Delaware's concealed-carry law is ambiguous and subject to different interpretations. 

On June 23, 2022, the Supreme Court ruled in New York State Rifle & Pistol Association v. Bruen that 
while Connecticut, Delaware, and Rhode Island have laws with discretionary criteria they “appear to operate like ‘shall issue’ jurisdictions” and are therefore not unconstitutional.  As such, this “law change” does not entail any real changes in rules or operations of the permitting system, but is recorded here to reflect that the Supreme Court concluded that any discretionary elements of the states law that might be considered a feature of a “may issue” state, are not unconstitutional. In the case of Deleware, the court stated in a footnote that although DE includes discretionary criteria: ""the state has thus far processed 5,680 license applications and renewals in fiscal year 2022 and has denied only 112. See Del. Courts, Super. Ct., Carrying Concealed Deadly Weapon (June 9, 2022), https://courts.delaware.gov/ forms/download.aspx?ID=125408. Moreover, Delaware appears to have no licensing requirement for open carry."" Neither of these explanations for why DE's law is constitutional bear on the question of whether DE allows discretion in the decision to award CCW permits, so we retain the ""may issue"" designation for this law.",DE1005
Delaware,DE,10,2024,1,castle doctrine,expanded 1,handgun and long gun,NA,NA,NA,NA,DE1006
Delaware,DE,10,2024,1,child access laws,negligent storage,handgun and long gun,NA,NA,NA,NA,DE1008
Delaware,DE,10,2024,1,dealer license,state license requirement,handgun,NA,NA,1991 citation: Del. Code Ann. tit. 24 § 901.,NA,DE1009
Delaware,DE,10,2024,1,minimum age,youth possession,handgun,18,NA,"As noted by the Giffords Law Center to Prevent Gun Violence (undated), ""The term‚ ""juvenile” is not defined under Delaware law, although state law notes that any person who attains age 18 is deemed to be of full legal age for‚ ""all purposes whatsoever.” Del. Code Ann. tit. 1, § 701"". While this law was modified in 2022 to include both handguns and long guns and update the minimum age to 21, the modification included a section stating that the ""section does not apply to the possession or control of a firearm by a person 18 years of age or older,"" with a built-in expiration for the section of three years.",NA,DE1011
Delaware,DE,10,2024,0,minimum age,purchase and sale,handgun,18,NA,"According to the Giffords Law Center to Prevent Gun Violence (undated), ""Del. Code Ann. tit. 11, § 1448(a)(5). The term ""juvenile"" is not defined under Delaware law, although state law notes that any person who attains age 18 is deemed to be of full legal age for ""all purposes whatsoever."" Del. Code Ann. tit. 1, § 701."" Citing 1935 version.",NA,DE1014
Delaware,DE,10,2024,1,minimum age,purchase and sale,handgun,21,NA,NA,NA,DE1015
Delaware,DE,10,2024,1,background checks,extra time,long gun,NA,NA,NA,NA,DE1021
Delaware,DE,10,2024,1,background checks,sales from dealer,handgun,NA,NA,NA,Vernick and Hepburn (2003) said this applies only to handguns; we think the law has always referred to firearms in general.,DE1024
Delaware,DE,10,2024,1,background checks,private sales : point of sale,handgun,NA,NA,NA,NA,DE1026
Delaware,DE,10,2024,0,prohibited possessor,mental health : committed to mh facility,handgun and long gun,NA,NA,The person may show they are no longer prohibited from possession a firearm under 11 Del.C. § 1448A(l).,NA,DE1031
Delaware,DE,10,2024,0,prohibited possessor,dvro,handgun and long gun,NA,NA,"This law includes a discretionary firearm surrender requirement. Prohibition on purchase passed earlier, in 10 Del.C. § 949(a)(8).

Doesn’t apply to contested orders.",NA,DE1032
Delaware,DE,10,2024,1,prohibited possessor,mental health : committed to mh facility,handgun and long gun,NA,NA,The person may show they are no longer prohibited from possession a firearm under 11 Del.C. § 1448A(l).,NA,DE1035
Delaware,DE,10,2024,1,prohibited possessor,erpo : expanded,handgun and long gun,NA,NA,"An ERPO in DE is called a ""Lethal Violence Protection Order"" in DE: (3) ""Lethal violence protective order"" means an order issued by the Justice of the Peace Court or Superior Court prohibiting and enjoining a person from controlling, owning, purchasing, possessing, having access to, or receiving a firearm.",NA,DE1036
Delaware,DE,10,2024,1,prohibited possessor,erpo : ex parte,handgun and long gun,NA,NA,"An ERPO in DE is called a ""Lethal Violence Protection Order"" in DE: (3) ""Lethal violence protective order"" means an order issued by the Justice of the Peace Court or Superior Court prohibiting and enjoining a person from controlling, owning, purchasing, possessing, having access to, or receiving a firearm.",NA,DE1037
Delaware,DE,10,2024,0,background checks,sales from dealer : federal,handgun,NA,NA,Part of the 1994 Brady Handgun Violence Prevention Act (Interim provisions),NA,DE1046
Delaware,DE,10,2024,1,background checks,sales from dealer : federal,handgun and long gun,NA,NA,The National Instant Criminal Background Check System (NICS) was created in 1998. The Brady Act's interim provisions  requiring background checks for handguns were struck down and replaced with the requirement to conduct background checks on all dealer sales.,NA,DE1047
Delaware,DE,10,2024,0,castle doctrine,traditional,handgun and long gun,NA,NA,NA,NA,DE1052
Delaware,DE,10,2024,1,background checks,extra time,handgun,NA,NA,NA,NA,DE1053
Delaware,DE,10,2024,1,local laws preempted by state,comprehensive,handgun and long gun,NA,NA,"Exception: (b) Subsection (a) of this section notwithstanding, municipal governments may adopt ordinances regulating the possession of firearms, ammunition, components of firearms, or explosives in police stations and municipal buildings which contain all of the provisions contained in this subsection. Any ordinance adopted by a municipal government regulating possession of firearms, ammunition, components of firearms, or explosives in police stations or municipal buildings shall require that all areas where possession is restricted are clearly identified by a conspicuous sign posted at each entrance to the restricted areas. The sign may also specify that persons in violation may be denied entrance to the building or be ordered to leave the building. Any ordinance adopted by municipal governments relating to possession in police stations or municipal buildings shall also state that any person who immediately foregoes entry or immediately exits such building due to the possession of a firearm, ammunition, components of firearms, or explosives shall not be guilty of violating the ordinance. Municipal governments may establish penalties for any intentional violation of such ordinance as deemed necessary to protect public safety",NA,DE1057
Delaware,DE,10,2024,1,required reporting of lost or stolen firearms,lost and stolen firearms,handgun and long gun,NA,NA,NA,NA,DE1059
Delaware,DE,10,2024,1,required reporting of lost or stolen firearms,tracing firearms used in crimes,handgun and long gun,NA,NA,"Formerly House Bill No. 217 An Act to Amend Title 11 of the Delaware Code Relating to Law Enforcement Procedure with Respect to Firearms and Firearm Related Evidence.

The law does not specify if it's for handguns, long guns or both.",NA,DE1062
Delaware,DE,10,2024,1,firearm sales restrictions,ban on high capacity magazines,handgun and long gun,NA,NA,"Subsection expires 1/1/24: (d)(1) The Secretary of the Department of Safety and Homeland Security (“Secretary”) shall establish and administer a compensation program for residents of this State to allow a resident in possession of a large-capacity magazine on August 29, 2022, to relinquish the large-capacity magazine to the Department of Safety and Homeland Security (“Department”) or a participating local law-enforcement agency in exchange for a monetary payment established under this subsection.
(2) The Secretary shall adopt rules to implement the compensation program, including the following:
a. That the compensation program be implemented between June 30, 2022 and June 30, 2023, at locations throughout this State. The Department shall coordinate with local law-enforcement agencies in implementing the program.
b. That the compensation program allows a resident to relinquish a large-capacity magazine to the Department, or a local law-enforcement agency participating in the program, in exchange for a compensation in the amount of the market rate for each large-capacity magazine.
c. That establishes the method for providing the monetary payment and reimbursing a participating law-enforcement agency for payments made to residents under the compensation program.
d. That the compensation program is subject to the availability of funds appropriated for this specific purpose by the General Assembly. This subsection does not create a right or entitlement in a resident to receive a monetary payment under the compensation program.
(3) The Secretary shall submit a report to the General Assembly by December 29, 2023, providing the results of the compensation program, including the number of large-capacity magazines relinquished to law-enforcement agencies, by county, and the total amount expended under the program.
(e) This section does not apply to any of the following:
(1) A person who manufactures a large-capacity magazine, if the person manufactures the large-capacity magazine with the intent to sell the large-capacity magazine, or offer the large-capacity magazine for sale, to a person outside of this State.
(2) A person who ships or transports a large-capacity magazine for a person under paragraph (e)(1) of this section.",NA,DE1063
Delaware,DE,10,2024,1,firearm sales restrictions,assault weapons ban,long gun,NA,NA,NA,NA,DE1064
Delaware,DE,10,2024,0,firearm sales restrictions,assault weapons ban — Federal,handgun and long gun,NA,NA,"This subtitle and the amendments made by this subtitle—
<< 18 USCA § 921 NOTE >>
(1) shall take effect on the date of the enactment of this Act; and
(2) are repealed effective as of the date that is 10 years after that date.",NA,DE1065
Delaware,DE,10,2024,0,firearm sales restrictions,ban on high capacity magazines – federal,handgun and long gun,NA,NA,"This subtitle and the amendments made by this subtitle—
<< 18 USCA § 921 NOTE >>
(1) shall take effect on the date of the enactment of this Act; and
(2) are repealed effective as of the date that is 10 years after that date.",NA,DE1067
Delaware,DE,10,2024,1,minimum age,minimum age purchase - federal,long gun,21,NA,NA,NA,DE1068
Delaware,DE,10,2024,1,minimum age,minimum age purchase - federal,handgun,18,NA,NA,NA,DE1069
Delaware,DE,10,2024,1,minimum age,minimum age possession - federal,handgun,18,NA,NA,NA,DE1070
Delaware,DE,10,2024,1,prohibited possessor,violent misdemeanor,handgun and long gun,NA,NA,Approved 7/21/92,NA,DE1071
Delaware,DE,10,2024,1,untraceable firearms,prohibited,handgun and long gun,NA,NA,NA,NA,DE1072
Delaware,DE,10,2024,0,firearms in college/university,public and private : possession prohibited,handgun and long gun,NA,NA,NA,NA,DE1073
Delaware,DE,10,2024,0,permit to purchase,required,handgun,NA,NA,NA,NA,DE1074
Delaware,DE,10,2024,0,minimum age,purchase and sale,handgun,18,NA,Exception for parental consent,NA,DE1075
Delaware,DE,10,2024,0,minimum age,purchase and sale,long gun,18,NA,Exception for parental consent,NA,DE1076
Delaware,DE,10,2024,1,minimum age,purchase and sale,long gun,21,NA,Section 1448 excepts shotguns (as defined in § 1444(c)) and muzzle-loading rifles (as defined in § 704(f),NA,DE1077
Delaware,DE,10,2024,1,minimum age,purchase and sale,handgun,21,NA,NA,NA,DE1078
Delaware,DE,10,2024,1,minimum age,youth possession,long gun,18,NA,"Does not apply to shotguns (as defined in § 1444(c)) or muzzle-loading rifles (as defined in § 704(f); exception for hunting, instruction, sporting, and recreation while under direct supervision of individual 21+; exception for possession and control for lawful hunting.",NA,DE1079
Delaware,DE,10,2024,0,minimum age,youth possession,long gun,21,NA,"Does not apply to shotguns (as defined in § 1444(c)) or muzzle-loading rifles (as defined in § 704(f); exception for hunting, instruction, sporting, and recreation while under direct supervision of individual 21+; exception for possession and control for lawful hunting.",NA,DE1080
Delaware,DE,10,2024,0,minimum age,youth possession,handgun,21,NA,"Does not apply to shotguns (as defined in § 1444(c)) or muzzle-loading rifles (as defined in § 704(f); exception for hunting, instruction, sporting, and recreation while under direct supervision of individual 21+; exception for possession and control for lawful hunting.",NA,DE1081
Florida,FL,12,2024,1,background checks,sales from dealer,handgun,NA,NA,NA,NA,FL1002
Florida,FL,12,2024,1,background checks,sales from dealer,long gun,NA,NA,"Vernick and Hepburn (2003) indicated that the statute included a section stating it would be repealed in 2002, but that was later removed.",NA,FL1004
Florida,FL,12,2024,0,carrying a concealed weapon (ccw),may issue,handgun,NA,NA,"1969 amendment changed Sec. 790.01 to include exception for person licensed under Sec. 790.06; Sec. 790.06 remained the same as in 1949.

Unclear what year this law was first implemented.",NA,FL1005
Florida,FL,12,2024,0,carrying a concealed weapon (ccw),shall issue,handgun,NA,NA,NA,NA,FL1006
Florida,FL,12,2024,0,castle doctrine,traditional,handgun and long gun,NA,NA,"See Catalfamo (2007), p. 509.",NA,FL1007
Florida,FL,12,2024,1,castle doctrine,stand your ground,handgun and long gun,NA,NA,NA,NA,FL1008
Florida,FL,12,2024,1,child access laws,negligent storage,handgun and long gun,NA,NA,NA,NA,FL1010
Florida,FL,12,2024,1,minimum age,youth possession,long gun,18,NA,NA,NA,FL1012
Florida,FL,12,2024,0,minimum age,purchase and sale,handgun,16,NA,NA,NA,FL1014
Florida,FL,12,2024,0,minimum age,purchase and sale,long gun,18,NA,NA,NA,FL1015
Florida,FL,12,2024,1,open carry,prohibited,long gun,NA,NA,NA,NA,FL1018
Florida,FL,12,2024,1,waiting period,general,handgun,NA,3,"As of 1998, Florida Constitution. art. I, § 8(b) also allows counties to impose a ""3 to 5-day waiting period.""",NA,FL1020
Florida,FL,12,2024,1,open carry,prohibited,handgun,NA,NA,NA,NA,FL1025
Florida,FL,12,2024,1,minimum age,youth possession,handgun,18,NA,NA,NA,FL1028
Florida,FL,12,2024,0,minimum age,purchase and sale,handgun,18,NA,NA,NA,FL1029
Florida,FL,12,2024,1,minimum age,purchase and sale,handgun,21,NA,NA,NA,FL1031
Florida,FL,12,2024,1,minimum age,purchase and sale,long gun,21,NA,NA,NA,FL1032
Florida,FL,12,2024,1,waiting period,general,long gun,NA,3,"This law will extend the waiting period if all specified background checks are not completed in three days.  Some sales are exempt from the waiting period law, including purchases by people with hunting licenses, law enforcement officers, and servicemembers.",NA,FL1033
Florida,FL,12,2024,1,prohibited possessor,dvro,handgun and long gun,NA,NA,"In 2003, FL added a discretionary firearm surrender requirement with Fla. Stat. § 741.31(4)(a).",NA,FL1034
Florida,FL,12,2024,1,prohibited possessor,mental health : adjudicated as mentally incompetent//incapacitated/disabled,handgun and long gun,NA,NA,The prohibition ends when relief from the firearm possession and firearm ownership disability is obtained.,NA,FL1036
Florida,FL,12,2024,1,prohibited possessor,mental health : committed to mh facility,handgun and long gun,NA,NA,The prohibition ends when relief from the firearm possession and firearm ownership disability is obtained.,NA,FL1037
Florida,FL,12,2024,1,prohibited possessor,erpo,handgun and long gun,NA,NA,NA,NA,FL1038
Florida,FL,12,2024,1,prohibited possessor,erpo : ex parte,handgun and long gun,NA,NA,"In urgent cases, a court may issue an emergency temporary ERPO, prior to providing notice and holding a hearing, if the court finds reasonable cause based on detailed allegations in the ERPO petition that the respondent poses a significant danger of causing personal injury to himself or herself or others in the near future by having in his or her custody or control, or by purchasing, possessing, or receiving, a firearm or ammunition. The temporary ERPO will generally only be in effect for up to 14 days, before the court holds a full hearing on whether to grant a longer ERPO",NA,FL1039
Florida,FL,12,2024,1,background checks,extra time,handgun,NA,NA,"This law will extend the waiting period if all specificed background checks are not completed in three days.  Some sales are exempt from the waiting period law, including purchases by people with hunting licenses, law enforcement officers, and servicemembers.",NA,FL1043
Florida,FL,12,2024,0,background checks,sales from dealer : federal,handgun,NA,NA,Part of the 1994 Brady Handgun Violence Prevention Act (Interim provisions),NA,FL1046
Florida,FL,12,2024,1,background checks,sales from dealer : federal,handgun and long gun,NA,NA,The National Instant Criminal Background Check System (NICS) was created in 1998. The Brady Act's interim provisions  requiring background checks for handguns were struck down and replaced with the requirement to conduct background checks on all dealer sales.,NA,FL1047
Florida,FL,12,2024,1,background checks,extra time,long gun,NA,NA,"This law will extend the waiting period if all specificed background checks are not completed in three days. Some sales are exempt from the waiting period law, including purchases by people with hunting licenses, law enforcement officers, and servicemembers.",NA,FL1052
Florida,FL,12,2024,1,firearms in college/university,public and private : CCW not allowed,handgun,NA,NA,"See Florida Carry, Inc. v. Univ. of N. Florida, 133 So. 3d 966, 977 (Fla. Ct. App. 2013) for excpeiton for CCW holders with firearms in parked cars.",NA,FL1055
Florida,FL,12,2024,1,firearms in college/university,public and private : possession prohibited,handgun,NA,NA,NA,NA,FL1056
Florida,FL,12,2024,1,firearms in college/university,public and private : possession prohibited,long gun,NA,NA,NA,NA,FL1057
Florida,FL,12,2024,1,local laws preempted by state,comprehensive,handgun and long gun,NA,NA,"Amended in 2011 to provide further sanctions: fines, firing of officials, and civil liability.

(4) Exceptions.--This section does not prohibit:

(a) Zoning ordinances that encompass firearms businesses along with other businesses, except that zoning ordinances that are designed for the purpose of restricting or prohibiting the sale, purchase, transfer, or manufacture of firearms or ammunition as a method of regulating firearms or ammunition are in conflict with this subsection and are prohibited;

(b) A duly organized law enforcement agency from enacting and enforcing regulations pertaining to firearms, ammunition, or firearm accessories issued to or used by peace officers in the course of their official duties;

(c) Except as provided in s. 790.251, any entity subject to the prohibitions of this section from regulating or prohibiting the carrying of firearms and ammunition by an employee of the entity during and in the course of the employee's official duties;

(d) A court or administrative law judge from hearing and resolving any case or controversy or issuing any opinion or order on a matter within the jurisdiction of that court or judge; or

(e) The Florida Fish and Wildlife Conservation Commission from regulating the use of firearms or ammunition as a method of taking wildlife and regulating the shooting ranges managed by the commission.",NA,FL1059
Florida,FL,12,2024,1,firearms in K-12 educational settings,school personnel other than peace officers,handgun and long gun,NA,NA,NA,NA,FL1062
Florida,FL,12,2024,1,carrying a concealed weapon (ccw),shall issue (permit not required),handgun,NA,NA,NA,NA,FL1063
Florida,FL,12,2024,0,firearm sales restrictions,assault weapons ban — Federal,handgun and long gun,NA,NA,"This subtitle and the amendments made by this subtitle—
<< 18 USCA § 921 NOTE >>
(1) shall take effect on the date of the enactment of this Act; and
(2) are repealed effective as of the date that is 10 years after that date.",NA,FL1064
Florida,FL,12,2024,0,firearm sales restrictions,ban on high capacity magazines – federal,handgun and long gun,NA,NA,"This subtitle and the amendments made by this subtitle—
<< 18 USCA § 921 NOTE >>
(1) shall take effect on the date of the enactment of this Act; and
(2) are repealed effective as of the date that is 10 years after that date.",NA,FL1066
Florida,FL,12,2024,1,local laws preempted by state,comprehensive - punitive,handgun and long gun,NA,NA,"Amended in 2011 to provide further sanctions: fines, firing of officials, and civil liability.

(4) Exceptions.--This section does not prohibit:

(a) Zoning ordinances that encompass firearms businesses along with other businesses, except that zoning ordinances that are designed for the purpose of restricting or prohibiting the sale, purchase, transfer, or manufacture of firearms or ammunition as a method of regulating firearms or ammunition are in conflict with this subsection and are prohibited;

(b) A duly organized law enforcement agency from enacting and enforcing regulations pertaining to firearms, ammunition, or firearm accessories issued to or used by peace officers in the course of their official duties;

(c) Except as provided in s. 790.251, any entity subject to the prohibitions of this section from regulating or prohibiting the carrying of firearms and ammunition by an employee of the entity during and in the course of the employee's official duties;

(d) A court or administrative law judge from hearing and resolving any case or controversy or issuing any opinion or order on a matter within the jurisdiction of that court or judge; or

(e) The Florida Fish and Wildlife Conservation Commission from regulating the use of firearms or ammunition as a method of taking wildlife and regulating the shooting ranges managed by the commission.",NA,FL1067
Florida,FL,12,2024,1,minimum age,minimum age purchase - federal,long gun,21,NA,NA,NA,FL1068
Florida,FL,12,2024,1,minimum age,minimum age purchase - federal,handgun,18,NA,NA,NA,FL1069
Florida,FL,12,2024,1,minimum age,minimum age possession - federal,handgun,18,NA,NA,NA,FL1070
Georgia,GA,13,2024,0,background checks,sales from dealer,handgun,NA,NA,NA,NA,GA1002
Georgia,GA,13,2024,0,carrying a concealed weapon (ccw),may issue,handgun,NA,NA,There is confusion about whether this was shall issue or may issue. See Cramer and Kopel (1994).,NA,GA1005
Georgia,GA,13,2024,0,carrying a concealed weapon (ccw),prohibited,handgun,NA,NA,"Initial law, from 1837, prohibited posession, sale and all manner of carrying pistols.  Was held constitutional re: carrying pistols, void as to to other provisions in 1846. See Warner, ""The Uniform Pistol Act.""",NA,GA1006
Georgia,GA,13,2024,0,carrying a concealed weapon (ccw),shall issue,handgun,NA,NA,NA,NA,GA1007
Georgia,GA,13,2024,0,castle doctrine,traditional,handgun and long gun,NA,NA,NA,NA,GA1008
Georgia,GA,13,2024,1,castle doctrine,stand your ground,handgun and long gun,NA,NA,NA,NA,GA1009
Georgia,GA,13,2024,1,child access laws,"intentional, reckless, or knowing provision",handgun,NA,NA,NA,NA,GA1011
Georgia,GA,13,2024,0,dealer license,state license requirement,handgun,NA,NA,"According to the ""history"" on Lexis, this text hasn't changed since 1964, so even though this is the 1991 citation, it should be the same.",NA,GA1012
Georgia,GA,13,2024,1,dealer license,state license requirement,handgun,NA,NA,NA,NA,GA1013
Georgia,GA,13,2024,1,minimum age,youth possession,handgun,18,NA,NA,NA,GA1015
Georgia,GA,13,2024,0,minimum age,purchase and sale,handgun,21,NA,NA,NA,GA1018
Georgia,GA,13,2024,1,minimum age,purchase and sale,handgun,18,NA,"Ga. Code Ann. § § 16-11-101.1(a)(1) defines ""minor"" as under 18.",NA,GA1019
Georgia,GA,13,2024,1,open carry,license required,handgun,NA,NA,See Ga. Code Ann. § 26-2904 (1976) for original version.,NA,GA1021
Georgia,GA,13,2024,0,open carry,prohibited,handgun,NA,NA,NA,NA,GA1022
Georgia,GA,13,2024,0,background checks,sales from dealer : federal,handgun,NA,NA,Part of the 1994 Brady Handgun Violence Prevention Act (Interim provisions),NA,GA1038
Georgia,GA,13,2024,1,background checks,sales from dealer : federal,handgun and long gun,NA,NA,The National Instant Criminal Background Check System (NICS) was created in 1998. The Brady Act's interim provisions  requiring background checks for handguns were struck down and replaced with the requirement to conduct background checks on all dealer sales.,NA,GA1039
Georgia,GA,13,2024,0,waiting period,federal,handgun,NA,5,"In general, the waiting period applies only in states without an acceptable alternate system of conducting background checks on handgun purchasers.",NA,GA1044
Georgia,GA,13,2024,1,waiting period,federal,handgun,NA,NA,"The interim provisions of the Brady Law became effective on February 28, 1994, and ceased to apply on 6/1/1996  because Georgia implemented instant background check system. Luca et al. says Georgia waiting period law ceased due to Ga. Rev. Stat. 16-11-170,  but more specific citation is Ga. Rev. Stat  16-11-172.",NA,GA1045
Georgia,GA,13,2024,1,firearms in college/university,public : CCW allowed,handgun,NA,NA,NA,NA,GA1048
Georgia,GA,13,2024,1,firearms in college/university,public and private : possession prohibited,handgun,NA,NA,School not defined until 2000 law.,NA,GA1049
Georgia,GA,13,2024,1,firearms in college/university,public and private : possession prohibited,long gun,NA,NA,School not defined until 2000 law.,NA,GA1050
Georgia,GA,13,2024,1,local laws preempted by state,comprehensive,handgun and long gun,NA,NA,"Exceptions: (c )(1): A county or municipal corporation may regulate the transport, carrying, or possession of firearms by employees of the local unit of government, or by unpaid volunteers of such local unit of government, in the course of their employment or volunteer functions with such local unit of government; provided, however, that the sheriff or chief of police shall be solely responsible for regulating and determining the possession, carrying, and transportation of firearms and other weapons by employees under his or her respective supervision so long as such regulations comport with state and federal law.

(2) The commanding officer of any law enforcement agency shall regulate and determine the possession, carrying, and transportation of firearms and other weapons by employees under his or her supervision so long as such regulations comport with state and federal law.

(3) The district attorney, and the solicitor-general in counties where there is a state court, shall regulate and determine the possession, carrying, and transportation of firearms and other weapons by county employees under his or her supervision so long as such regulations comport with state and federal law.",NA,GA1052
Georgia,GA,13,2024,0,firearm sales restrictions,ban on high capacity magazines – federal,handgun and long gun,NA,NA,"This subtitle and the amendments made by this subtitle—
<< 18 USCA § 921 NOTE >>
(1) shall take effect on the date of the enactment of this Act; and
(2) are repealed effective as of the date that is 10 years after that date.",NA,GA1056
Georgia,GA,13,2024,1,local laws preempted by state,comprehensive - punitive,handgun and long gun,NA,NA,NA,NA,GA1057
Georgia,GA,13,2024,1,minimum age,minimum age purchase - federal,long gun,21,NA,NA,NA,GA1058
Georgia,GA,13,2024,1,minimum age,minimum age purchase - federal,handgun,18,NA,NA,NA,GA1059
Georgia,GA,13,2024,1,minimum age,minimum age possession - federal,handgun,18,NA,NA,NA,GA1060
Georgia,GA,13,2024,1,background checks,sales from dealer,handgun,NA,NA,NA,NA,GA1061
Georgia,GA,13,2024,1,carrying a concealed weapon (ccw),shall issue (permit not required),handgun,NA,NA,NA,NA,GA1062
Georgia,GA,13,2024,0,firearm sales restrictions,assault weapons ban — Federal,handgun and long gun,NA,NA,"This subtitle and the amendments made by this subtitle—
<< 18 USCA § 921 NOTE >>
(1) shall take effect on the date of the enactment of this Act; and
(2) are repealed effective as of the date that is 10 years after that date.",NA,GA1063
Hawaii,HI,15,2024,1,background checks,permit to purchase,long gun,NA,NA,NA,NA,HI1001
Hawaii,HI,15,2024,1,background checks,sales from dealer,handgun,NA,NA,Makes length of permit 10 days.,NA,HI1003
Hawaii,HI,15,2024,1,background checks,sales from dealer,long gun,NA,NA,"Law regarding permit to purchase. See Laws 1927, Act 206, § 2141 for older version.",NA,HI1004
Hawaii,HI,15,2024,0,carrying a concealed weapon (ccw),may issue,handgun,NA,NA,"""For exceptional cases."" Applicant for CCW would generally also have to satisfy requirements of Sec. 134-2 re: permits to possess. See Hi. Rev. Stat. § 157-9 for original citation",NA,HI1005
Hawaii,HI,15,2024,1,castle doctrine,expanded 1,handgun and long gun,NA,NA,NA,NA,HI1006
Hawaii,HI,15,2024,1,child access laws,negligent storage,handgun and long gun,NA,NA,NA,NA,HI1008
Hawaii,HI,15,2024,1,dealer license,state license requirement,long gun,NA,NA,NA,NA,HI1009
Hawaii,HI,15,2024,1,firearm sales restrictions,assault weapons ban,handgun,NA,NA,List of banned features in Haw. Rev. Stat. Ann. § 134-1.,NA,HI1010
Hawaii,HI,15,2024,1,firearm sales restrictions,saturday night special ban,handgun,NA,NA,Implemented in S.B. No. 608 (1975).,NA,HI1011
Hawaii,HI,15,2024,0,permit to purchase,maximum waiting period,handgun,NA,NA,NA,NA,HI1012
Hawaii,HI,15,2024,0,permit to purchase,maximum waiting period,long gun,NA,NA,NA,NA,HI1013
Hawaii,HI,15,2024,0,permit to purchase,maximum waiting period,long gun,NA,NA,NA,NA,HI1014
Hawaii,HI,15,2024,1,permit to purchase,maximum waiting period,long gun,NA,NA,Enacted by Hi. S.B. 2393 (1994).,NA,HI1015
Hawaii,HI,15,2024,0,minimum age,purchase and sale,long gun,20,NA,"Included in Bakal's ""Right to Bear Arms,' published in 1966, so effective as of at least 1966. Vernick and Hepburn (2003) say that this law applied to permits only.",NA,HI1017
Hawaii,HI,15,2024,0,minimum age,purchase and sale,long gun,18,NA,"Permit law.  Unclear what year this law was first implemented, though it was before 1979.",NA,HI1018
Hawaii,HI,15,2024,1,minimum age,purchase and sale,long gun,21,NA,Permit law.,NA,HI1019
Hawaii,HI,15,2024,0,minimum age,purchase and sale,handgun,18,NA,NA,"Vernick and Hepburn (2003) say this was passed in 1972, whereas Peters, Cook, and Ludwig (2005) say it was passed in 1979.",HI1020
Hawaii,HI,15,2024,1,open carry,license required,handgun,NA,NA,NA,NA,HI1023
Hawaii,HI,15,2024,1,waiting period,Waiting Periods: De facto (permit required),long gun,NA,10,"de facto (permit required)”: The law does not require that permits are issued with a delay, but in practice they may take weeks to obtain, so we treat this as a de facto waiting period for long guns, and arbitrarily set the length of the waiting period to 10 days.",Vernick and Hepburn (2003) say this was enacted in 1988; we think it was 1981.,HI1026
Hawaii,HI,15,2024,1,registration,required,handgun,NA,NA,Covered newly-acquired and out-of-state handguns.  Originally passed as Haw. Rev. Stat. Ann. § 134-2.,NA,HI1027
Hawaii,HI,15,2024,1,waiting period,general,handgun,NA,14,"Although this is a permit-to-purchase law, permits to acquire pistols and revolvers are only valid for 10 days and require a separate application for each transaction, so the law operates as a true waiting period.  The waiting period requirement does not apply to buyers who have received a permit within the past year.",NA,HI1028
Hawaii,HI,15,2024,1,waiting period,general,long gun,NA,10,The waiting period requirement does not apply to buyers who have received a permit within the past year.,"Vernick and Hepburn (2003) say this is a handgun law, but we think the law has always referred to firearms in general.",HI1029
Hawaii,HI,15,2024,0,background checks,sales from dealer,handgun,NA,NA,"Law regarding permit to purchase. See Laws 1927, Act 206, § 2141 for older version.",NA,HI1031
Hawaii,HI,15,2024,1,dealer license,state license requirement,handgun,NA,NA,NA,NA,HI1034
Hawaii,HI,15,2024,1,background checks,permit to purchase,handgun,NA,NA,NA,NA,HI1035
Hawaii,HI,15,2024,0,minimum age,purchase and sale,handgun,20,NA,"Included in Bakal's ""Right to Bear Arms,' published in 1966, so effective as of at least 1966. Vernick and Hepburn (2003) say that this law applied to permits only.",NA,HI1036
Hawaii,HI,15,2024,0,minimum age,purchase and sale,handgun,18,NA,"Permit law.  Unclear what year this law was first implemented, though it was before 1979.",NA,HI1037
Hawaii,HI,15,2024,1,minimum age,purchase and sale,handgun,21,NA,Permit law.,NA,HI1038
Hawaii,HI,15,2024,0,permit to purchase,maximum waiting period,long gun,NA,NA,NA,NA,HI1039
Hawaii,HI,15,2024,0,permit to purchase,maximum waiting period,handgun,NA,NA,NA,NA,HI1040
Hawaii,HI,15,2024,1,waiting period,Waiting Periods: De facto (permit required),handgun,NA,10,"de facto (permit required)”: The law does not require that permits are issued with a delay, but in practice they may take weeks to obtain, so we treat this as a de facto waiting period for handguns, and arbitrarily set the length of the waiting period to 10 days.",NA,HI1041
Hawaii,HI,15,2024,1,waiting period,Waiting Periods: De facto (permit required),long gun,NA,10,"de facto (permit required)”: The law does not require that permits are issued with a delay, but in practice they may take weeks to obtain, so we treat this as a de facto waiting period for long guns, and arbitrarily set the length of the waiting period to 10 days.",NA,HI1042
Hawaii,HI,15,2024,0,waiting period,Waiting Periods: De facto (permit required),long gun,NA,10,"de facto (permit required)”: The law does not require that permits are issued with a delay, but in practice they may take weeks to obtain, so we treat this as a de facto waiting period for long guns, and arbitrarily set the length of the waiting period to 10 days.",NA,HI1043
Hawaii,HI,15,2024,0,permit to purchase,maximum waiting period,handgun,NA,NA,NA,NA,HI1044
Hawaii,HI,15,2024,0,waiting period,general,handgun,NA,10,The waiting period requirement does not apply to buyers who have received a permit within the past year.,"Vernick and Hepburn (2003) say this is a handgun law, but we think the law has always referred to firearms in general.",HI1045
Hawaii,HI,15,2024,1,permit to purchase,maximum waiting period,handgun,NA,NA,Enacted by Hi. S.B. 2393 (1994).,NA,HI1046
Hawaii,HI,15,2024,0,minimum age,purchase and sale,long gun,18,NA,NA,"Vernick and Hepburn (2003) say this was passed in 1972, whereas Peters, Cook, and Ludwig (2005) say it was passed in 1979.",HI1050
Hawaii,HI,15,2024,1,prohibited possessor,"mental health : diagnosed with significant behavioral, emotional or mental disorder",handgun and long gun,NA,NA,"The prohibition ends when ""the person has been medically documented to be no longer adversely affected by the addiction, abuse, dependence, mental disease, disorder, or defect.""",NA,HI1051
Hawaii,HI,15,2024,0,prohibited possessor,dvro,handgun and long gun,NA,NA,"This law allows for the judge's discretion about whether to include a firearm ban in the order. This law includes a surrender requirement. In 2000, HI added discretionary firearm removal with Haw. Rev. Stat. Ann. § 134-7.3(b).",NA,HI1052
Hawaii,HI,15,2024,0,prohibited possessor,dvro ex parte,handgun and long gun,NA,NA,"This law allows for the judge's discretion about whether to include a firearm ban in the order. This law includes a surrender requirement. In 2000, HI added discretionary firearm removal with Haw. Rev. Stat. Ann. § 134-7.3(b).",NA,HI1053
Hawaii,HI,15,2024,1,prohibited possessor,dvro : expanded,handgun and long gun,NA,NA,"This law allows for the judge's discretion about whether to include a firearm ban in the order. This law includes a surrender requirement. In 2000, HI added discretionary firearm removal with Haw. Rev. Stat. Ann. § 134-7.3(b).",NA,HI1055
Hawaii,HI,15,2024,1,safety training required,to purchase,handgun,NA,NA,NA,NA,HI1057
Hawaii,HI,15,2024,1,registration,required,long gun,NA,NA,For newly-acquired long guns. Law already in place for long guns brought in from out-of-state.,NA,HI1061
Hawaii,HI,15,2024,0,registration,required,long gun,NA,NA,This law applied only to long guns brought in from out-of-state. Newly-acquire dlong guns were excluded until 1994. Originally passed as Haw. Rev. Stat. Ann. § 134-2.,NA,HI1064
Hawaii,HI,15,2024,0,background checks,sales from dealer : federal,handgun,NA,NA,Part of the 1994 Brady Handgun Violence Prevention Act (Interim provisions),NA,HI1065
Hawaii,HI,15,2024,1,background checks,sales from dealer : federal,handgun and long gun,NA,NA,The National Instant Criminal Background Check System (NICS) was created in 1998. The Brady Act's interim provisions  requiring background checks for handguns were struck down and replaced with the requirement to conduct background checks on all dealer sales.,NA,HI1066
Hawaii,HI,15,2024,0,castle doctrine,traditional,handgun and long gun,NA,NA,NA,NA,HI1069
Hawaii,HI,15,2024,1,prohibited possessor,erpo : expanded,handgun and long gun,NA,NA,NA,NA,HI1070
Hawaii,HI,15,2024,1,prohibited possessor,erpo : ex parte expanded,handgun and long gun,NA,NA,NA,NA,HI1071
Hawaii,HI,15,2024,0,firearm removal at scene of domestic violence,authorized,handgun and long gun,NA,NA,NA,NA,HI1072
Hawaii,HI,15,2024,1,required reporting of lost or stolen firearms,lost and stolen firearms,handgun and long gun,NA,NA,NA,NA,HI1078
Hawaii,HI,15,2024,1,firearm removal at scene of domestic violence,required,handgun and long gun,NA,NA,NA,NA,HI1080
Hawaii,HI,15,2024,1,untraceable firearms,prohibited,handgun and long gun,NA,NA,Serial Number Requirement,NA,HI1081
Hawaii,HI,15,2024,1,untraceable firearms,prohibited,handgun and long gun,NA,NA,Background Check for Parts,NA,HI1082
Hawaii,HI,15,2024,1,prohibited possessor,dvro ex parte : expanded,handgun and long gun,NA,NA,"This law allows for the judge's discretion about whether to include a firearm ban in the order. This law includes a surrender requirement. In 2000, HI added discretionary firearm removal with Haw. Rev. Stat. Ann. § 134-7.3(b).",NA,HI1083
Hawaii,HI,15,2024,1,carrying a concealed weapon (ccw),shall issue,handgun,NA,NA,"The Supreme court decision in Bruen determined that their restrictive permitting laws involving law enforcement discretion in the provision of permits was unconstitutional, so from June 23, 2022, Massachusetts has been making changes to their law that will bring it into compliance with the Bruen decision.",NA,HI1084
Hawaii,HI,15,2024,1,firearm sales restrictions,ban on high capacity magazines,handgun and long gun,NA,NA,NA,NA,HI1085
Hawaii,HI,15,2024,0,firearm sales restrictions,assault weapons ban — Federal,handgun and long gun,NA,NA,"This subtitle and the amendments made by this subtitle—
<< 18 USCA § 921 NOTE >>
(1) shall take effect on the date of the enactment of this Act; and
(2) are repealed effective as of the date that is 10 years after that date.",NA,HI1086
Hawaii,HI,15,2024,0,firearm sales restrictions,ban on high capacity magazines – federal,handgun and long gun,NA,NA,"This subtitle and the amendments made by this subtitle—
<< 18 USCA § 921 NOTE >>
(1) shall take effect on the date of the enactment of this Act; and
(2) are repealed effective as of the date that is 10 years after that date.",NA,HI1088
Hawaii,HI,15,2024,0,minimum age,youth possession,long gun,20,NA,"Included in Bakal's ""Right to Bear Arms,' published in 1966, so effective as of at least 1966. Vernick and Hepburn (2003) say that this law applied to permits only.",NA,HI1089
Hawaii,HI,15,2024,0,minimum age,youth possession,long gun,18,NA,"Permit law.  Unclear what year this law was first implemented, though it was before 1979.",NA,HI1090
Hawaii,HI,15,2024,1,minimum age,youth possession,long gun,21,NA,Permit law.,NA,HI1091
Hawaii,HI,15,2024,0,minimum age,youth possession,handgun,18,NA,NA,"Vernick and Hepburn (2003) say this was passed in 1972, whereas Peters, Cook, and Ludwig (2005) say it was passed in 1979.",HI1092
Hawaii,HI,15,2024,0,minimum age,youth possession,handgun,20,NA,"Included in Bakal's ""Right to Bear Arms,' published in 1966, so effective as of at least 1966. Vernick and Hepburn (2003) say that this law applied to permits only.",NA,HI1093
Hawaii,HI,15,2024,0,minimum age,youth possession,handgun,18,NA,"Permit law.  Unclear what year this law was first implemented, though it was before 1979.",NA,HI1094
Hawaii,HI,15,2024,1,minimum age,youth possession,handgun,21,NA,Permit law.,NA,HI1095
Hawaii,HI,15,2024,0,minimum age,youth possession,long gun,18,NA,NA,"Vernick and Hepburn (2003) say this was passed in 1972, whereas Peters, Cook, and Ludwig (2005) say it was passed in 1979.",HI1096
Hawaii,HI,15,2024,1,minimum age,minimum age purchase - federal,long gun,21,NA,NA,NA,HI1097
Hawaii,HI,15,2024,1,minimum age,minimum age purchase - federal,handgun,18,NA,NA,NA,HI1098
Hawaii,HI,15,2024,1,minimum age,minimum age possession - federal,handgun,18,NA,NA,NA,HI1099
Hawaii,HI,15,2024,1,permit to purchase,required,long gun,NA,NA,Adds long guns back to permit requirement.,Vernick and Hepburn (2003) say this was enacted in 1988; we think it was 1981.,HI1100
Hawaii,HI,15,2024,1,permit to purchase,required,handgun,NA,NA,NA,NA,HI1101
Hawaii,HI,15,2024,0,permit to purchase,required,long gun,NA,NA,NA,NA,HI1102
Hawaii,HI,15,2024,0,permit to purchase,required,handgun,NA,NA,See Haw. Rev. Stat. Ann. § 134-3 for current version.,NA,HI1103
Hawaii,HI,15,2024,1,prohibited possessor,violent misdemeanor,handgun and long gun,NA,NA,Approved 6/19/90,NA,HI1104
Hawaii,HI,15,2024,1,carrying a concealed weapon (ccw),shall issue,handgun,NA,NA,NA,NA,HI1105
Iowa,IA,19,2024,1,background checks,sales from dealer,handgun,NA,NA,The criminal history check was probably implemented a little later.,NA,IA1003
Iowa,IA,19,2024,0,carrying a concealed weapon (ccw),may issue,handgun,NA,NA,Unclear what year this law was first implemented.,NA,IA1005
Iowa,IA,19,2024,0,carrying a concealed weapon (ccw),shall issue,handgun,NA,NA,NA,NA,IA1006
Iowa,IA,19,2024,0,castle doctrine,expanded 1,handgun and long gun,NA,NA,See Acts 1976 (66 G.A.) Ch. 1245 (Ch. 1).,NA,IA1007
Iowa,IA,19,2024,1,child access laws,negligent storage,handgun and long gun,NA,NA,NA,NA,IA1009
Iowa,IA,19,2024,1,minimum age,purchase and sale,long gun,18,NA,NA,NA,IA1012
Iowa,IA,19,2024,0,open carry,license required,handgun,NA,NA,See IA - 66 G.A. § 2404 (1976) for original version.,NA,IA1014
Iowa,IA,19,2024,1,open carry,limited : prohibited : loaded,long gun,NA,NA,NA,NA,IA1015
Iowa,IA,19,2024,0,waiting period,Waiting Periods: De facto (permit required),handgun,NA,10,"de facto (permit required)”: The law does not require that permits are issued with a delay, but in practice they may take weeks to obtain, so we treat this as a de facto waiting period for handguns, and arbitrarily set the length of the waiting period to 10 days.",NA,IA1020
Iowa,IA,19,2024,1,minimum age,youth possession,handgun,21,NA,NA,NA,IA1023
Iowa,IA,19,2024,0,background checks,permit to purchase,handgun,NA,NA,Permit to purchase became an optional requirement,NA,IA1024
Iowa,IA,19,2024,1,prohibited possessor,dvro : expanded,handgun and long gun,NA,NA,"These prohibitions do not apply to the possession, shipment, transportation, or receipt of a firearm or ammunition issued by a state department or agency or political subdivision for use in the performance of the official duties of the person who is the subject of a protective order. Iowa Code § 724.26(2)(b); This law includes a firearm surrender requirement; The judge is given discretion to decide whether a relationship where the individuals were not married or living together (dating partners) qualifies as an intimate partner.",NA,IA1031
Iowa,IA,19,2024,1,castle doctrine,stand your ground,handgun and long gun,NA,NA,NA,NA,IA1033
Iowa,IA,19,2024,0,background checks,sales from dealer : federal,handgun,NA,NA,Part of the 1994 Brady Handgun Violence Prevention Act (Interim provisions),NA,IA1038
Iowa,IA,19,2024,1,background checks,sales from dealer : federal,handgun and long gun,NA,NA,The National Instant Criminal Background Check System (NICS) was created in 1998. The Brady Act's interim provisions  requiring background checks for handguns were struck down and replaced with the requirement to conduct background checks on all dealer sales.,NA,IA1039
Iowa,IA,19,2024,0,castle doctrine,traditional,handgun and long gun,NA,NA,NA,NA,IA1042
Iowa,IA,19,2024,1,local laws preempted by state,comprehensive,handgun and long gun,NA,NA,NA,NA,IA1046
Iowa,IA,19,2024,1,waiting period,Waiting Periods: De facto (permit required),handgun,NA,10,"de facto (permit required)”: The law does not require that permits are issued with a delay, but in practice they may take weeks to obtain, so we treat this as a de facto waiting period for handguns, and arbitrarily set the length of the waiting period to 10 days.",NA,IA1049
Iowa,IA,19,2024,1,firearm removal at scene of domestic violence,authorized,handgun and long gun,NA,NA,NA,NA,IA1051
Iowa,IA,19,2024,0,firearm sales restrictions,assault weapons ban — Federal,handgun and long gun,NA,NA,"This subtitle and the amendments made by this subtitle—
<< 18 USCA § 921 NOTE >>
(1) shall take effect on the date of the enactment of this Act; and
(2) are repealed effective as of the date that is 10 years after that date.",NA,IA1052
Iowa,IA,19,2024,0,firearm sales restrictions,ban on high capacity magazines – federal,handgun and long gun,NA,NA,"This subtitle and the amendments made by this subtitle—
<< 18 USCA § 921 NOTE >>
(1) shall take effect on the date of the enactment of this Act; and
(2) are repealed effective as of the date that is 10 years after that date.",NA,IA1054
Iowa,IA,19,2024,1,local laws preempted by state,comprehensive - punitive,handgun and long gun,NA,NA,NA,NA,IA1055
Iowa,IA,19,2024,1,minimum age,minimum age purchase - federal,long gun,21,NA,NA,NA,IA1056
Iowa,IA,19,2024,1,minimum age,minimum age purchase - federal,handgun,18,NA,NA,NA,IA1057
Iowa,IA,19,2024,1,minimum age,minimum age possession - federal,handgun,18,NA,NA,NA,IA1058
Iowa,IA,19,2024,0,permit to purchase,required,handgun,NA,NA,NA,NA,IA1059
Iowa,IA,19,2024,1,carrying a concealed weapon (ccw),shall issue (permit not required),handgun,NA,NA,NA,NA,IA1061
Iowa,IA,19,2024,0.5027322404371585,firearms in K-12 educational settings,school personnel other than peace officers,handgun and long gun,NA,NA,NA,NA,IA1062
Iowa,IA,19,2024,0,minimum age,purchase and sale,handgun,18,NA,NA,NA,IA1063
Iowa,IA,19,2024,1,minimum age,purchase and sale,handgun,21,NA,NA,NA,IA1064
Iowa,IA,19,2024,1,minimum age,youth possession,long gun,18,NA,NA,NA,IA1065
Iowa,IA,19,2024,0,minimum age,youth possession,handgun,18,NA,NA,NA,IA1066
Idaho,ID,16,2024,1,background checks,sales from dealer,handgun and long gun,NA,NA,"Concerns ""records checks.""",NA,ID1002
Idaho,ID,16,2024,1,background checks,sales from dealer,handgun,NA,NA,"Although the state provision expired with interim law, the 1998 Brady Act ensured that background checks on dealer sales of handguns continued.",NA,ID1003
Idaho,ID,16,2024,0,carrying a concealed weapon (ccw),may issue,handgun,NA,NA,NA,NA,ID1005
Idaho,ID,16,2024,0,carrying a concealed weapon (ccw),shall issue,handgun,NA,NA,NA,NA,ID1006
Idaho,ID,16,2024,1,carrying a concealed weapon (ccw),shall issue (permit not required),handgun,NA,NA,NA,NA,ID1007
Idaho,ID,16,2024,0,castle doctrine,traditional,handgun and long gun,NA,NA,NA,NA,ID1008
Idaho,ID,16,2024,1,minimum age,youth possession,long gun,18,NA,"Idaho Code Ann. § 18-3302G lists exceptions, including hunting, range shooting, etc.",NA,ID1011
Idaho,ID,16,2024,0,minimum age,purchase and sale,long gun,16,NA,Parental consent exception,NA,ID1013
Idaho,ID,16,2024,1,minimum age,purchase and sale,long gun,18,NA,NA,NA,ID1015
Idaho,ID,16,2024,1,minimum age,youth possession,handgun,18,NA,"Idaho Code Ann. § 18-3302G lists exceptions, including hunting, range shooting, etc.",NA,ID1026
Idaho,ID,16,2024,0,minimum age,purchase and sale,handgun,16,NA,Parental consent exception,NA,ID1027
Idaho,ID,16,2024,1,minimum age,purchase and sale,handgun,18,NA,Parental consent exception,NA,ID1028
Idaho,ID,16,2024,0,castle doctrine,expanded 2,handgun and long gun,NA,NA,"Catagorized as expanded 2 because statute refers to ""occupied vehicle"" but does not specify whose",NA,ID1031
Idaho,ID,16,2024,0,background checks,sales from dealer : federal,handgun,NA,NA,Part of the 1994 Brady Handgun Violence Prevention Act (Interim provisions),NA,ID1037
Idaho,ID,16,2024,1,background checks,sales from dealer : federal,handgun and long gun,NA,NA,The National Instant Criminal Background Check System (NICS) was created in 1998. The Brady Act's interim provisions  requiring background checks for handguns were struck down and replaced with the requirement to conduct background checks on all dealer sales.,NA,ID1038
Idaho,ID,16,2024,0,background checks,sales from dealer,handgun,NA,NA,NA,NA,ID1039
Idaho,ID,16,2024,1,background checks,sales from dealer : federal,handgun,NA,NA,The National Instant Criminal Background Check System (NICS) was created in 1998. The Brady Act's interim provisions  requiring background checks for handguns were struck down and replaced with the requirement to conduct background checks on all dealer sales.,NA,ID1040
Idaho,ID,16,2024,0,castle doctrine,traditional,handgun and long gun,NA,NA,NA,NA,ID1045
Idaho,ID,16,2024,0,waiting period,federal,handgun,NA,5,"In general, the waiting period applies only in states without an acceptable alternate system of conducting background checks on handgun purchasers.",NA,ID1046
Idaho,ID,16,2024,1,waiting period,federal,handgun,NA,NA,"The interim provisions of the Brady Law became effective on February 28, 1994, and ceased to apply on 4/7/1994 because Idaho implemented instant background check system.",NA,ID1047
Idaho,ID,16,2024,1,local laws preempted by state,comprehensive,handgun and long gun,NA,NA,"Exceptions: (4) A city may adopt ordinances to regulate, restrict or prohibit the discharge of firearms within its boundaries. Ordinances adopted under this subsection may not apply to or affect:

(a) A person discharging a firearm in the lawful defense of person or persons or property; or

(b) A person lawfully discharging a firearm on a sport shooting range as defined in section 55-2604, Idaho Code.",NA,ID1051
Idaho,ID,16,2024,1,firearms in college/university,public : CCW allowed,handgun,NA,NA,"Exceptions for dorms and residence halls, and ""any building of a public entertainment facility, provided that proper signage is conspicuously posted at each point of public ingress to the facility notifying attendees of any restriction on the possession of firearms in the facility during the game or event.""",NA,ID1054
Idaho,ID,16,2024,1,castle doctrine,stand your ground,handgun and long gun,NA,NA,NA,NA,ID1055
Idaho,ID,16,2024,0,firearm sales restrictions,assault weapons ban — Federal,handgun and long gun,NA,NA,"This subtitle and the amendments made by this subtitle—
<< 18 USCA § 921 NOTE >>
(1) shall take effect on the date of the enactment of this Act; and
(2) are repealed effective as of the date that is 10 years after that date.",NA,ID1056
Idaho,ID,16,2024,0,firearm sales restrictions,ban on high capacity magazines – federal,handgun and long gun,NA,NA,"This subtitle and the amendments made by this subtitle—
<< 18 USCA § 921 NOTE >>
(1) shall take effect on the date of the enactment of this Act; and
(2) are repealed effective as of the date that is 10 years after that date.",NA,ID1058
Idaho,ID,16,2024,1,minimum age,minimum age purchase - federal,long gun,21,NA,NA,NA,ID1059
Idaho,ID,16,2024,1,minimum age,minimum age purchase - federal,handgun,18,NA,NA,NA,ID1060
Idaho,ID,16,2024,1,minimum age,minimum age possession - federal,handgun,18,NA,NA,NA,ID1061
Illinois,IL,17,2024,0,background checks,permit to purchase,long gun,NA,NA,NA,NA,IL1001
Illinois,IL,17,2024,1,background checks,permit to purchase,long gun,NA,NA,NA,NA,IL1002
Illinois,IL,17,2024,1,background checks,sales from dealer,long gun,NA,NA,Firearm Owner's Identification Card law.,NA,IL1004
Illinois,IL,17,2024,0,carrying a concealed weapon (ccw),prohibited,handgun,NA,NA,NA,NA,IL1005
Illinois,IL,17,2024,1,carrying a concealed weapon (ccw),shall issue,handgun,NA,NA,NA,NA,IL1006
Illinois,IL,17,2024,1,castle doctrine,traditional,handgun and long gun,NA,NA,NA,NA,IL1007
Illinois,IL,17,2024,1,child access laws,negligent storage,handgun and long gun,NA,NA,NA,NA,IL1009
Illinois,IL,17,2024,1,firearm sales restrictions,saturday night special ban,handgun,NA,NA,NA,NA,IL1011
Illinois,IL,17,2024,0,minimum age,purchase and sale,handgun,18,NA,NA,NA,IL1014
Illinois,IL,17,2024,1,open carry,prohibited,long gun,NA,NA,"Unclear what year this law was first implemented.  See People v. Graves (1974), 23 Ill. App. 3d 762, 320 N.E.2d 95; People v. Williams (1978), 60 Ill. App. 3d 726, 18 Ill. Dec. 132, 377 N.E.2d 285.",NA,IL1016
Illinois,IL,17,2024,1,waiting period,general,handgun,NA,3,NA,NA,IL1019
Illinois,IL,17,2024,1,waiting period,general,long gun,NA,1,"Waiting period remains the same for handguns, shortens for long guns. See Laws 1969, PA 76-1852 for original bill.",NA,IL1020
Illinois,IL,17,2024,1,waiting period,Waiting Periods: De facto (permit required),handgun,NA,10,"de facto (permit required)”: The law does not require that permits are issued with a delay, but in practice they may take weeks to obtain, so we treat this as a de facto waiting period for handguns, and arbitrarily set the length of the waiting period to 10 days.",NA,IL1021
Illinois,IL,17,2024,1,background checks,sales from dealer,handgun,NA,NA,Firearm Owner's Identification Card law.,NA,IL1022
Illinois,IL,17,2024,1,open carry,prohibited,handgun,NA,NA,"Unclear what year this law was first implemented.  See People v. Graves (1974), 23 Ill. App. 3d 762, 320 N.E.2d 95; People v. Williams (1978), 60 Ill. App. 3d 726, 18 Ill. Dec. 132, 377 N.E.2d 285.",NA,IL1025
Illinois,IL,17,2024,0,background checks,private sales : point of sale,long gun,NA,NA,NA,NA,IL1026
Illinois,IL,17,2024,1,minimum age,purchase and sale,handgun,21,NA,"Minimum age is 21, but allowed under 21 with parental consent.",NA,IL1028
Illinois,IL,17,2024,1,minimum age,purchase and sale,long gun,21,NA,"Minimum age is 21, but allowed under 21 with parental consent.",NA,IL1029
Illinois,IL,17,2024,0,background checks,permit to purchase,handgun,NA,NA,NA,NA,IL1030
Illinois,IL,17,2024,1,background checks,permit to purchase,handgun,NA,NA,NA,NA,IL1031
Illinois,IL,17,2024,1,waiting period,Waiting Periods: De facto (permit required),long gun,NA,10,"de facto (permit required)”: The law does not require that permits are issued with a delay, but in practice they may take weeks to obtain, so we treat this as a de facto waiting period for long guns, and arbitrarily set the length of the waiting period to 10 days.","Vernick and Hepburn (2003) say this is a handgun law, but we think the law has always referred to firearms in general.",IL1032
Illinois,IL,17,2024,0,waiting period,general,long gun,NA,3,NA,NA,IL1037
Illinois,IL,17,2024,1,minimum age,youth possession,handgun,21,NA,"720 Ill. Comp. Stat. 5/24-3.1(a)(1) implemented a law with a mininum age for youth possession o age 18, but the FOID law which is required for possession, remained in force.",NA,IL1038
Illinois,IL,17,2024,1,prohibited possessor,mental health : committed to mh facility : voluntary,handgun and long gun,NA,NA,"Prohibited person must have been a patient within prior 5 years, or if it was more than 5 years ago, didn't receive the certification required.",NA,IL1039
Illinois,IL,17,2024,0,prohibited possessor,mental health : adjudicated as mentally incompetent//incapacitated/disabled,handgun and long gun,NA,NA,"Content is form current law, was referred to as mental retardation frim 1968-2012.",NA,IL1040
Illinois,IL,17,2024,1,prohibited possessor,mental health : determined by police to be mentally incompetent/incapacitated/disabled,handgun and long gun,NA,NA,NA,NA,IL1041
Illinois,IL,17,2024,0,prohibited possessor,dvro : expanded,handgun and long gun,NA,NA,NA,NA,IL1042
Illinois,IL,17,2024,0,prohibited possessor,mental health : adjudicated as mentally incompetent//incapacitated/disabled,handgun and long gun,NA,NA,"2012 amendment added to definition of  ""adjudicated as a person with a mental disability.""",NA,IL1043
Illinois,IL,17,2024,1,prohibited possessor,dvro : expanded,handgun and long gun,NA,NA,This law includes a firearm surrender requirement. This law includes a firearm removal requirement.,NA,IL1044
Illinois,IL,17,2024,1,prohibited possessor,mental health : adjudicated as mentally incompetent//incapacitated/disabled,handgun and long gun,NA,NA,NA,NA,IL1045
Illinois,IL,17,2024,1,prohibited possessor,dvro ex parte : expanded,handgun and long gun,NA,NA,"This law includes a firearm surrender requirement. This law includes a firearm removal requirement.

This code only refers to criminal procedure orders of protection. In IL, civil protective orders can also include a firearm removal stipulation but don't necessarily.",NA,IL1046
Illinois,IL,17,2024,1,prohibited possessor,erpo : expanded,handgun and long gun,NA,NA,NA,NA,IL1047
Illinois,IL,17,2024,1,prohibited possessor,erpo : ex parte expanded,handgun and long gun,NA,NA,NA,NA,IL1048
Illinois,IL,17,2024,0,background checks,sales from dealer : federal,handgun,NA,NA,Part of the 1994 Brady Handgun Violence Prevention Act (Interim provisions),NA,IL1052
Illinois,IL,17,2024,1,background checks,sales from dealer : federal,handgun and long gun,NA,NA,The National Instant Criminal Background Check System (NICS) was created in 1998. The Brady Act's interim provisions  requiring background checks for handguns were struck down and replaced with the requirement to conduct background checks on all dealer sales.,NA,IL1053
Illinois,IL,17,2024,0,castle doctrine,traditional,handgun and long gun,NA,NA,NA,NA,IL1054
Illinois,IL,17,2024,1,background checks,private sales : point of sale,long gun,NA,NA,NA,NA,IL1055
Illinois,IL,17,2024,1,firearm removal at scene of domestic violence,required,handgun and long gun,NA,NA,"See also 750 ILCS 60/304.

",NA,IL1056
Illinois,IL,17,2024,1,firearms in college/university,public and private : CCW not allowed,handgun,NA,NA,NA,NA,IL1058
Illinois,IL,17,2024,1,firearms in college/university,public and private : possession prohibited,handgun,NA,NA,NA,NA,IL1059
Illinois,IL,17,2024,1,firearms in college/university,public and private : possession prohibited,long gun,NA,NA,NA,NA,IL1060
Illinois,IL,17,2024,1,local laws preempted by state,comprehensive,handgun and long gun,NA,NA,"But see sec. (a): Except as otherwise provided in the Firearm Concealed Carry Act and subsections (b) and (c) of this Section, the provisions of any ordinance enacted by any municipality which requires registration or imposes greater restrictions or limitations on the acquisition, possession and transfer of firearms than are imposed by this Act, are not invalidated or affected by this Act.",NA,IL1062
Illinois,IL,17,2024,1,required reporting of lost or stolen firearms,lost and stolen firearms,handgun and long gun,NA,NA,NA,NA,IL1065
Illinois,IL,17,2024,0,required reporting of lost or stolen firearms,tracing firearms used in crimes,handgun and long gun,NA,NA,NA,NA,IL1067
Illinois,IL,17,2024,0,required reporting of lost or stolen firearms,tracing firearms used in crimes,handgun and long gun,NA,NA,"The law does not state whether it's for handguns or long guns, so I assumed both",NA,IL1068
Illinois,IL,17,2024,1,required reporting of lost or stolen firearms,tracing firearms used in crimes,handgun and long gun,NA,NA,NA,NA,IL1069
Illinois,IL,17,2024,0,background checks,private sales : point of sale,handgun,NA,NA,NA,NA,IL1070
Illinois,IL,17,2024,1,background checks,private sales : point of sale,handgun,NA,NA,NA,NA,IL1071
Illinois,IL,17,2024,1,dealer license,state license requirement,handgun and long gun,NA,NA,NA,NA,IL1072
Illinois,IL,17,2024,0,carrying a concealed weapon (ccw),may issue,handgun,NA,NA,NA,NA,IL1073
Illinois,IL,17,2024,0,firearm sales restrictions,assault weapons ban — Federal,handgun and long gun,NA,NA,"This subtitle and the amendments made by this subtitle—
<< 18 USCA § 921 NOTE >>
(1) shall take effect on the date of the enactment of this Act; and
(2) are repealed effective as of the date that is 10 years after that date.",NA,IL1075
Illinois,IL,17,2024,0,firearm sales restrictions,ban on high capacity magazines – federal,handgun and long gun,NA,NA,"This subtitle and the amendments made by this subtitle—
<< 18 USCA § 921 NOTE >>
(1) shall take effect on the date of the enactment of this Act; and
(2) are repealed effective as of the date that is 10 years after that date.",NA,IL1077
Illinois,IL,17,2024,1,firearm sales restrictions,ban on high capacity magazines,handgun and long gun,NA,NA,NA,NA,IL1078
Illinois,IL,17,2024,1,firearm sales restrictions,assault weapons ban,long gun,NA,NA,NA,NA,IL1079
Illinois,IL,17,2024,1,minimum age,minimum age purchase - federal,long gun,21,NA,NA,NA,IL1080
Illinois,IL,17,2024,1,minimum age,minimum age purchase - federal,handgun,18,NA,NA,NA,IL1081
Illinois,IL,17,2024,1,minimum age,minimum age possession - federal,handgun,18,NA,NA,NA,IL1082
Illinois,IL,17,2024,1,permit to purchase,required,handgun,NA,NA,NA,NA,IL1083
Illinois,IL,17,2024,1,permit to purchase,required,long gun,NA,NA,Permit is for 10 years.,"Vernick and Hepburn (2003) say this is a handgun law, but we think the law has always referred to firearms in general.",IL1084
Illinois,IL,17,2024,0,prohibited possessor,dvro ex parte : expanded,handgun and long gun,NA,NA,NA,NA,IL1085
Illinois,IL,17,2024,0,prohibited possessor,not RAND violent misdemeanor,handgun and long gun,NA,NA,"Despite the law restricting access to firearms to those convicted of a misdemeanor, it does not explicitly call out ""simple assault"" and does not meet RAND's definition for this subclass.",NA,IL1086
Illinois,IL,17,2024,1,prohibited possessor,violent misdemeanor limited,handgun and long gun,NA,NA,Applies only to misdemeanors involving a firearm,NA,IL1087
Illinois,IL,17,2024,1,untraceable firearms,prohibited,handgun and long gun,NA,NA,NA,NA,IL1088
Illinois,IL,17,2024,1,minimum age,youth possession,long gun,21,NA,NA,NA,IL1089
Indiana,IN,18,2024,1,background checks,sales from dealer,handgun,NA,NA,See P.L. 311 Sec. 15 for text of 1983 law.,Vernick and Hepburn (2003) also have an entry for background checks for private sales but don't think that ever existed.,IN1002
Indiana,IN,18,2024,0,carrying a concealed weapon (ccw),may issue,handgun,NA,NA,NA,NA,IN1004
Indiana,IN,18,2024,0,carrying a concealed weapon (ccw),prohibited,handgun,NA,NA,NA,NA,IN1005
Indiana,IN,18,2024,0,carrying a concealed weapon (ccw),shall issue,handgun,NA,NA,"Whether Indiana was shall issue or may issue was very unclear until Schubert v. DeBard, in 1980. Many sources take 1980 as the year Indiana became ""shall issue,"" which we do here. Vernick and Hepburn (2003) say 1973.",NA,IN1006
Indiana,IN,18,2024,0,castle doctrine,traditional,handgun and long gun,NA,NA,NA,NA,IN1007
Indiana,IN,18,2024,1,castle doctrine,stand your ground,handgun and long gun,NA,NA,NA,NA,IN1008
Indiana,IN,18,2024,1,child access laws,"intentional, reckless, or knowing provision",handgun and long gun,NA,NA,NA,NA,IN1010
Indiana,IN,18,2024,0,dealer license,state license requirement,handgun,NA,NA,NA,NA,IN1011
Indiana,IN,18,2024,1,dealer license,state license requirement,handgun,NA,NA,Also applies to assault weapons.,NA,IN1012
Indiana,IN,18,2024,1,minimum age,youth possession,long gun,18,NA,"35-47-10-3. ""Child"" defined. As used in this chapter, ""child"" means a person who is less than eighteen (18) years of age.



",NA,IN1014
Indiana,IN,18,2024,0,minimum age,purchase and sale,handgun,18,NA,See Public Law N. 333 (1973).,Not included in the Giffords Law Center to Prevent Gun Violence (undated) website.,IN1016
Indiana,IN,18,2024,0,minimum age,purchase and sale,long gun,21,NA,NA,NA,IN1017
Indiana,IN,18,2024,1,minimum age,purchase and sale,long gun,NA,NA,Higher minimum age of 21 was in place for 2 years. Superseded law with minimum age of 18 for that period.,NA,IN1018
Indiana,IN,18,2024,0,open carry,license required,handgun,NA,NA,See Ind. Code. §35-47-2-1 (1983) for original version.,NA,IN1020
Indiana,IN,18,2024,0,waiting period,general,handgun,NA,7,Was implemented as Ind. Code Ann. § 35-23-4.1-7 and recodified in 1983.,NA,IN1023
Indiana,IN,18,2024,1,waiting period,general,handgun,NA,NA,NA,NA,IN1025
Indiana,IN,18,2024,1,minimum age,youth possession,handgun,18,NA,"35-47-10-3. ""Child"" defined. As used in this chapter, ""child"" means a person who is less than eighteen (18) years of age.



",NA,IN1032
Indiana,IN,18,2024,0,minimum age,purchase and sale,handgun,21,NA,NA,NA,IN1033
Indiana,IN,18,2024,1,minimum age,purchase and sale,handgun,NA,NA,Higher minimum age of 21 was in place for 2 years. Superseded law with minimum age of 18 for that period.,NA,IN1034
Indiana,IN,18,2024,1,prohibited possessor,dvro,handgun and long gun,NA,NA,"This law includes a discretionary firearm surrender requirement. The judge has the option of demanding firearm removal which is why the removal is ""conditional""",NA,IN1036
Indiana,IN,18,2024,1,prohibited possessor,erpo,handgun and long gun,NA,NA,"Indiana, like Connecticut, call their laws ""Risk Based Firearm Removal Laws."" The key difference is that risk based firearm removal laws are implemented when the subject of the removal order already owns a firearm. However, both laws also include prohibitions about possessing a firearm while the order is in effect, essentially creating a senario where the subject of the order could not leagally purchase a firearm. ERPO laws state that the order can be served even if the person does not already own a firearm.",NA,IN1037
Indiana,IN,18,2024,0,background checks,sales from dealer : federal,handgun,NA,NA,Part of the 1994 Brady Handgun Violence Prevention Act (Interim provisions),NA,IN1044
Indiana,IN,18,2024,1,background checks,sales from dealer : federal,handgun and long gun,NA,NA,The National Instant Criminal Background Check System (NICS) was created in 1998. The Brady Act's interim provisions  requiring background checks for handguns were struck down and replaced with the requirement to conduct background checks on all dealer sales.,NA,IN1045
Indiana,IN,18,2024,0,castle doctrine,traditional,handgun and long gun,NA,NA,NA,NA,IN1048
Indiana,IN,18,2024,1,firearm removal at scene of domestic violence,authorized,handgun and long gun,NA,NA,NA,NA,IN1050
Indiana,IN,18,2024,1,local laws preempted by state,comprehensive - punitive,handgun and long gun,NA,NA,"Exceptions at: IC 35-47-11.1-4

",NA,IN1053
Indiana,IN,18,2024,1,untraceable firearms,prohibited,handgun and long gun,NA,NA,Serial Number Requirement,NA,IN1056
Indiana,IN,18,2024,0,background checks,private sales : point of sale,handgun,NA,NA,An effective month and day could not be confirmed.,NA,IN1057
Indiana,IN,18,2024,1,background checks,private sales : point of sale,handgun,NA,NA,NA,NA,IN1058
Indiana,IN,18,2024,1,carrying a concealed weapon (ccw),shall issue (permit not required),handgun,NA,NA,The portion of the law previously requiring a permit for firearms appeared in this regulation concerning transport of firearms. The relevant passage requiring a permit was eliminated in 2021,NA,IN1059
Indiana,IN,18,2024,0,firearm sales restrictions,assault weapons ban — Federal,handgun and long gun,NA,NA,"This subtitle and the amendments made by this subtitle—
<< 18 USCA § 921 NOTE >>
(1) shall take effect on the date of the enactment of this Act; and
(2) are repealed effective as of the date that is 10 years after that date.",NA,IN1060
Indiana,IN,18,2024,0,firearm sales restrictions,ban on high capacity magazines – federal,handgun and long gun,NA,NA,"This subtitle and the amendments made by this subtitle—
<< 18 USCA § 921 NOTE >>
(1) shall take effect on the date of the enactment of this Act; and
(2) are repealed effective as of the date that is 10 years after that date.",NA,IN1062
Indiana,IN,18,2024,1,minimum age,minimum age purchase - federal,long gun,21,NA,NA,NA,IN1063
Indiana,IN,18,2024,1,minimum age,minimum age purchase - federal,handgun,18,NA,NA,NA,IN1064
Indiana,IN,18,2024,1,minimum age,minimum age possession - federal,handgun,18,NA,NA,NA,IN1065
Indiana,IN,18,2024,1,minimum age,purchase and sale,handgun,18,NA,Law includes machine guns in addition to handguns,NA,IN1066
Kansas,KS,20,2024,0,carrying a concealed weapon (ccw),prohibited,handgun,NA,NA,Unclear what year this law was first implemented.,NA,KS1003
Kansas,KS,20,2024,0,carrying a concealed weapon (ccw),shall issue,handgun,NA,NA,NA,NA,KS1004
Kansas,KS,20,2024,1,carrying a concealed weapon (ccw),shall issue (permit not required),handgun,NA,NA,"License system still in effect for reciprocity, Sec. 75-7c03(a) now reads ""The availability of licenses to carry concealed handguns under this act shall not be construed to impose a general prohibition on the carrying of handguns without such license, whether carried openly or concealed, or loaded or unloaded.""",NA,KS1005
Kansas,KS,20,2024,0,castle doctrine,traditional,handgun and long gun,NA,NA,NA,NA,KS1006
Kansas,KS,20,2024,1,castle doctrine,stand your ground,handgun and long gun,NA,NA,See Kans. Stat. Ann. § 21- 5223.,NA,KS1007
Kansas,KS,20,2024,1,minimum age,youth possession,handgun,18,NA,NA,NA,KS1011
Kansas,KS,20,2024,1,minimum age,purchase and sale,handgun,18,NA,NA,NA,KS1014
Kansas,KS,20,2024,1,prohibited possessor,mental health : committed to mh facility,handgun and long gun,NA,NA,"Shall not apply to a person who has received a certificate of restoration pursuant to K.S.A. 75-7c26, and amendments thereto.

Law is approved 5/13/2010.",NA,KS1026
Kansas,KS,20,2024,1,prohibited possessor,dvro,handgun and long gun,NA,NA,"This law allows for the judge's discretion about whether to bar the defendant from owning, possessing, or purchasing firearms.  This law is considered conditional because it requires a specific type of finding in the DVRO filling specifically it requires that the judge believe the person is a credible threat to the physical safety of the person or a child. This means that it is possible to be served with a DVRO and not have a firearm ban because the judge does not believe you are a credible threat to the person. It is unlikely that a judge would serve a DVRO without such a finding but it is possible under this law.",NA,KS1027
Kansas,KS,20,2024,0,background checks,sales from dealer : federal,handgun,NA,NA,Part of the 1994 Brady Handgun Violence Prevention Act (Interim provisions),NA,KS1033
Kansas,KS,20,2024,1,background checks,sales from dealer : federal,handgun and long gun,NA,NA,The National Instant Criminal Background Check System (NICS) was created in 1998. The Brady Act's interim provisions  requiring background checks for handguns were struck down and replaced with the requirement to conduct background checks on all dealer sales.,NA,KS1034
Kansas,KS,20,2024,0,waiting period,federal,handgun,NA,5,"In general, the waiting period applies only in states without an acceptable alternate system of conducting background checks on handgun purchasers. The interim provisions of the Brady Law became effective on February 28, 1994, and ceased to apply on November 30, 1998.",NA,KS1039
Kansas,KS,20,2024,1,waiting period,federal,handgun,NA,NA,NA,NA,KS1040
Kansas,KS,20,2024,1,firearms in college/university,public : CCW allowed,handgun,NA,NA,"Educational instituions were able to exempt any buildings or areas until 7/1/2017. ""(j) The governing body or the chief administrative officer, if no governing body exists, of any postsecondary educational institution, as defined in K.S.A. 74-3201b, and amendments thereto, may exempt any building of such institution, including any buildings located on the grounds of such institution and any buildings leased by such institution, or any public area thereof, from this section until July 1, 2017, by stating the reasons for such exemption and sending notice of such exemption to the Kansas attorney general.""",NA,KS1043
Kansas,KS,20,2024,0,local laws preempted by state,comprehensive,handgun and long gun,NA,NA,"Broad exceptions. (b) Nothing in this section shall:

(1) Prohibit a city or county from adopting any zoning measure related to firearms licensees if otherwise authorized by law to do so;

(2) prohibit a law enforcement officer, as defined in K.S.A. 22–2202, and amendments thereto, from acting within the scope of such officer's duties;

(3) prohibit a city or county from regulating the manner of carrying any firearm on one's person;

(4) prohibit a city or county from regulating in any manner the carrying of any firearm in any jail, juvenile detention facility, prison, courthouse, courtroom or city hall; or

(5) prohibit a city or county from adopting an ordinance, resolution or regulation requiring a firearm transported in any air, land or water vehicle to be unloaded and encased in a container which completely encloses the firearm or any less restrictive provision governing the transporting of firearms.",NA,KS1045
Kansas,KS,20,2024,1,local laws preempted by state,comprehensive,handgun and long gun,NA,NA,"Exceptions: (c) Nothing in this section shall:

(1) Prohibit a city or county from adopting and enforcing any ordinance, resolution or regulation relating to the personnel policies of such city or county and the carrying of firearms by employees of such city or county, except that any such ordinance, resolution or regulation shall comply with the provisions of K.S.A. 75-7c01 et seq., and amendments thereto;

(2) prohibit a city or county from adopting any ordinance, resolution or regulation pursuant to K.S.A. 75-7c20, and amendments thereto;

(3) prohibit a law enforcement officer, as defined in K.S.A. 22-2202, and amendments thereto, from acting within the scope of such officer's duties; or

(4) prohibit a city or county from levying and collecting any retailers' sales tax on the sale of firearms, ammunition or any component or combination thereof as authorized by K.S.A. 12-189, and amendments thereto.",NA,KS1046
Kansas,KS,20,2024,0,firearm sales restrictions,ban on high capacity magazines – federal,handgun and long gun,NA,NA,"This subtitle and the amendments made by this subtitle—
<< 18 USCA § 921 NOTE >>
(1) shall take effect on the date of the enactment of this Act; and
(2) are repealed effective as of the date that is 10 years after that date.",NA,KS1049
Kansas,KS,20,2024,1,minimum age,minimum age purchase - federal,long gun,21,NA,NA,NA,KS1050
Kansas,KS,20,2024,1,minimum age,minimum age purchase - federal,handgun,18,NA,NA,NA,KS1051
Kansas,KS,20,2024,1,minimum age,minimum age possession - federal,handgun,18,NA,NA,NA,KS1052
Kansas,KS,20,2024,0,firearm sales restrictions,assault weapons ban — Federal,handgun and long gun,NA,NA,"This subtitle and the amendments made by this subtitle—
<< 18 USCA § 921 NOTE >>
(1) shall take effect on the date of the enactment of this Act; and
(2) are repealed effective as of the date that is 10 years after that date.",NA,KS1053
Kentucky,KY,21,2024,0,carrying a concealed weapon (ccw),prohibited,handgun,NA,NA,NA,NA,KY1003
Kentucky,KY,21,2024,0,carrying a concealed weapon (ccw),shall issue,handgun,NA,NA,NA,NA,KY1004
Kentucky,KY,21,2024,0,castle doctrine,traditional,handgun and long gun,NA,NA,NA,NA,KY1005
Kentucky,KY,21,2024,1,castle doctrine,stand your ground,handgun and long gun,NA,NA,NA,NA,KY1006
Kentucky,KY,21,2024,1,child access laws,"intentional, reckless, or knowing provision",handgun,NA,NA,NA,NA,KY1008
Kentucky,KY,21,2024,1,minimum age,youth possession,handgun,18,NA,NA,NA,KY1010
Kentucky,KY,21,2024,1,minimum age,purchase and sale,handgun,18,NA,NA,Not included in the Giffords Law Center to Prevent Gun Violence (undated) website.,KY1012
Kentucky,KY,21,2024,0,minimum age,purchase and sale,long gun,18,NA,"Unclear when this law was first implemented, but seemingly before 1944.",NA,KY1013
Kentucky,KY,21,2024,0,minimum age,purchase and sale,handgun,18,NA,"Unclear when this law was first implemented, but seemingly before 1944.",NA,KY1024
Kentucky,KY,21,2024,1,carrying a concealed weapon (ccw),shall issue (permit not required),handgun,NA,NA,NA,NA,KY1030
Kentucky,KY,21,2024,0,background checks,sales from dealer : federal,handgun,NA,NA,Part of the 1994 Brady Handgun Violence Prevention Act (Interim provisions),NA,KY1033
Kentucky,KY,21,2024,1,background checks,sales from dealer : federal,handgun and long gun,NA,NA,The National Instant Criminal Background Check System (NICS) was created in 1998. The Brady Act's interim provisions  requiring background checks for handguns were struck down and replaced with the requirement to conduct background checks on all dealer sales.,NA,KY1034
Kentucky,KY,21,2024,0,castle doctrine,traditional,handgun and long gun,NA,NA,NA,NA,KY1038
Kentucky,KY,21,2024,0,waiting period,federal,handgun,NA,5,"In general, the waiting period applies only in states without an acceptable alternate system of conducting background checks on handgun purchasers. The interim provisions of the Brady Law became effective on February 28, 1994, and ceased to apply on November 30, 1998.",NA,KY1039
Kentucky,KY,21,2024,1,waiting period,federal,handgun,NA,NA,NA,NA,KY1040
Kentucky,KY,21,2024,1,local laws preempted by state,comprehensive,handgun and long gun,NA,NA,Amended in 2012 to provide further sanctions: civil and criminal liability,NA,KY1044
Kentucky,KY,21,2024,0,firearm sales restrictions,ban on high capacity magazines – federal,handgun and long gun,NA,NA,"This subtitle and the amendments made by this subtitle—
<< 18 USCA § 921 NOTE >>
(1) shall take effect on the date of the enactment of this Act; and
(2) are repealed effective as of the date that is 10 years after that date.",NA,KY1047
Kentucky,KY,21,2024,1,gun trafficking,straw purchase - buyer liability,handgun and long gun,NA,NA,NA,NA,KY1048
Kentucky,KY,21,2024,1,local laws preempted by state,comprehensive - punitive,handgun and long gun,NA,NA,NA,NA,KY1049
Kentucky,KY,21,2024,1,minimum age,minimum age purchase - federal,long gun,21,NA,NA,NA,KY1050
Kentucky,KY,21,2024,1,minimum age,minimum age purchase - federal,handgun,18,NA,NA,NA,KY1051
Kentucky,KY,21,2024,1,minimum age,minimum age possession - federal,handgun,18,NA,NA,NA,KY1052
Kentucky,KY,21,2024,0,firearm sales restrictions,assault weapons ban — Federal,handgun and long gun,NA,NA,"This subtitle and the amendments made by this subtitle—
<< 18 USCA § 921 NOTE >>
(1) shall take effect on the date of the enactment of this Act; and
(2) are repealed effective as of the date that is 10 years after that date.",NA,KY1053
Louisiana,LA,22,2024,0,carrying a concealed weapon (ccw),may issue,handgun,NA,NA,"Revised citation La. Rev. Stat. 40:1379.1 (H). This law was not actually superseded, though we treat it as superseded once the 1996 law made residents of LA eligible to receive a concealed carry permit on a shall issue basis.",NA,LA1003
Louisiana,LA,22,2024,0,carrying a concealed weapon (ccw),prohibited,handgun,NA,NA,NA,NA,LA1004
Louisiana,LA,22,2024,1,carrying a concealed weapon (ccw),shall issue,handgun,NA,NA,"While LA has allowed permitless carry since 2024, it did not repeal the  law establishing a process for applying for a CCW license.",Vernick and Hepburn (2003) state that 1991 is the year Louisiana became may issue. Most other sources claim it is 1996. We agree.,LA1005
Louisiana,LA,22,2024,0,castle doctrine,traditional,handgun and long gun,NA,NA,NA,NA,LA1006
Louisiana,LA,22,2024,0,castle doctrine,expanded 2,handgun and long gun,NA,NA,"Categorized as expanded 2 because statute does not specify whose business or dwelling is included in the removal of duty to retreat.

H.B. No. 11 Act. NO. 1378 (1997) added motor vehicles.",NA,LA1007
Louisiana,LA,22,2024,1,castle doctrine,stand your ground,handgun and long gun,NA,NA,NA,NA,LA1008
Louisiana,LA,22,2024,1,minimum age,youth possession,handgun,17,NA,NA,NA,LA1011
Louisiana,LA,22,2024,0,minimum age,purchase and sale,long gun,21,NA,NA,NA,LA1013
Louisiana,LA,22,2024,1,minimum age,purchase and sale,long gun,18,NA,NA,NA,LA1014
Louisiana,LA,22,2024,0,minimum age,purchase and sale,handgun,21,NA,NA,NA,LA1024
Louisiana,LA,22,2024,1,minimum age,purchase and sale,handgun,18,NA,NA,NA,LA1025
Louisiana,LA,22,2024,0,prohibited possessor,dvro : expanded,handgun and long gun,NA,NA,"This law allows for the judge's discretion about whether to bar the defendant from owning, possessing, or purchasing firearms.",NA,LA1027
Louisiana,LA,22,2024,1,prohibited possessor,dvro : expanded,handgun and long gun,NA,NA,The law was expanded to dating partners in 2017. LA added a firearm surrender requirement in 2018 with LSA-C.Cr.P. Art. 1002.,NA,LA1028
Louisiana,LA,22,2024,1,prohibited possessor,mental health : committed to mh facility,handgun and long gun,NA,NA,"Concerns commitments after criminal trials. The provisions of this Section prohibiting the possession of firearms and carrying concealed weapons by persons who have been convicted of, or who have been found not guilty by reason of insanity for, certain felonies shall not apply to any person who has not been convicted of, or who has not been found not guilty by reason of insanity for, any felony for a period of ten years from the date of completion of sentence, probation, parole, suspension of sentence, or discharge from a mental institution by a court of competent jurisdiction.",NA,LA1029
Louisiana,LA,22,2024,0,background checks,sales from dealer : federal,handgun,NA,NA,Part of the 1994 Brady Handgun Violence Prevention Act (Interim provisions),NA,LA1037
Louisiana,LA,22,2024,1,background checks,sales from dealer : federal,handgun and long gun,NA,NA,The National Instant Criminal Background Check System (NICS) was created in 1998. The Brady Act's interim provisions  requiring background checks for handguns were struck down and replaced with the requirement to conduct background checks on all dealer sales.,NA,LA1038
Louisiana,LA,22,2024,0,castle doctrine,traditional,handgun and long gun,NA,NA,NA,NA,LA1043
Louisiana,LA,22,2024,0,waiting period,federal,handgun,NA,5,"In general, the waiting period applies only in states without an acceptable alternate system of conducting background checks on handgun purchasers. The interim provisions of the Brady Law became effective on February 28, 1994, and ceased to apply on November 30, 1998.",NA,LA1044
Louisiana,LA,22,2024,1,waiting period,federal,handgun,NA,NA,NA,NA,LA1045
Louisiana,LA,22,2024,1,firearms in college/university,public and private : CCW allowed,handgun,NA,NA,NA,NA,LA1048
Louisiana,LA,22,2024,1,firearms in college/university,public and private : CCW not allowed,handgun,NA,NA,NA,NA,LA1049
Louisiana,LA,22,2024,1,firearms in college/university,public and private : possession prohibited,handgun,NA,NA,NA,NA,LA1050
Louisiana,LA,22,2024,1,firearms in college/university,public and private : possession prohibited,long gun,NA,NA,NA,NA,LA1051
Louisiana,LA,22,2024,1,local laws preempted by state,comprehensive,handgun and long gun,NA,NA,"Exception: (b) Nothing in this Section shall prohibit a local governing authority in a high-risk area from developing a plan with federally licensed firearms manufacturers, dealers, or importers to secure the inventory of firearms and ammunition of those licensees in order to prevent looting of the licensee's premises during a declared state of emergency or disaster. Such plan shall be renewed on a periodic basis. The information contained in the plan shall be deemed security procedures as defined in R.S. 44:3.1 and shall be released only to the sheriffs of the parishes or police chiefs of municipalities in which the declared state of emergency or disaster exists.",NA,LA1053
Louisiana,LA,22,2024,0,firearm sales restrictions,ban on high capacity magazines – federal,handgun and long gun,NA,NA,"This subtitle and the amendments made by this subtitle—
<< 18 USCA § 921 NOTE >>
(1) shall take effect on the date of the enactment of this Act; and
(2) are repealed effective as of the date that is 10 years after that date.",NA,LA1057
Louisiana,LA,22,2024,1,minimum age,minimum age purchase - federal,long gun,21,NA,NA,NA,LA1058
Louisiana,LA,22,2024,1,minimum age,minimum age purchase - federal,handgun,18,NA,NA,NA,LA1059
Louisiana,LA,22,2024,1,minimum age,minimum age possession - federal,handgun,18,NA,NA,NA,LA1060
Louisiana,LA,22,2024,1,firearm removal at scene of domestic violence,authorized,handgun and long gun,NA,NA,NA,NA,LA1061
Louisiana,LA,22,2024,0,firearm sales restrictions,assault weapons ban — Federal,handgun and long gun,NA,NA,"This subtitle and the amendments made by this subtitle—
<< 18 USCA § 921 NOTE >>
(1) shall take effect on the date of the enactment of this Act; and
(2) are repealed effective as of the date that is 10 years after that date.",NA,LA1062
Louisiana,LA,22,2024,0.4180327868852459,carrying a concealed weapon (ccw),shall issue (permit not required),handgun,NA,NA,NA,NA,LA1063
Massachusetts,MA,25,2024,0,background checks,permit to purchase,handgun,NA,NA,"Permit to purchase law. Vernick and Hepburn (2003) say handguns only, but law includes rifles. See also Mass. Gen. Laws Ch. 140, § 128A  law requiring private sellers to use web portal to conduct real-time check.","Cramer (undated) notes that the ""1968 law that requires a Firearms ID card or License to Carry to purchase a firearm apparently did not explicitly require private party sales to have a background check. (This was added in¬†1998.) Still, it is quite apparent that you needed an FID or LTC to purchase a firearm in Massachusetts starting in 1968, and both required a background check. I think it is clear that Massachusetts has required a background check to get either FID or LTC, and you could not legally buy a firearm from anyone without one or the other."" See http://claytonecramer.blogspot.com/2013/03/need-some-help-chasing-down-some-laws_22.html",MA1001
Massachusetts,MA,25,2024,0,background checks,private sales : point of sale,handgun,NA,NA,"Permit to purchase law. Vernick and Hepburn (2003) say handguns only, but law includes rifles. See also Mass. Gen. Laws Ch. 140, § 128A  law requiring private sellers to use web portal to conduct real-time check.","Cramer (undated) notes that the ""1968 law that requires a Firearms ID card or License to Carry to purchase a firearm apparently did not explicitly require private party sales to have a background check. (This was added in¬†1998.) Still, it is quite apparent that you needed an FID or LTC to purchase a firearm in Massachusetts starting in 1968, and both required a background check. I think it is clear that Massachusetts has required a background check to get either FID or LTC, and you could not legally buy a firearm from anyone without one or the other."" See http://claytonecramer.blogspot.com/2013/03/need-some-help-chasing-down-some-laws_22.html",MA1002
Massachusetts,MA,25,2024,1,background checks,sales from dealer,long gun,NA,NA,NA,NA,MA1003
Massachusetts,MA,25,2024,0,carrying a concealed weapon (ccw),may issue,handgun,NA,NA,NA,NA,MA1004
Massachusetts,MA,25,2024,1,castle doctrine,traditional,handgun and long gun,NA,NA,NA,NA,MA1005
Massachusetts,MA,25,2024,0,castle doctrine,traditional,handgun and long gun,NA,NA,"See Catalfamo (2007), p. 509.",NA,MA1006
Massachusetts,MA,25,2024,1,child access laws,safe storage,handgun and long gun,NA,NA,NA,NA,MA1008
Massachusetts,MA,25,2024,1,dealer license,state license requirement,long gun,NA,NA,Unclear what year this law was first implemented. May have applied only to handguns prior to 1959.,NA,MA1009
Massachusetts,MA,25,2024,1,firearm sales restrictions,assault weapons ban,long gun,NA,NA,NA,NA,MA1010
Massachusetts,MA,25,2024,1,firearm sales restrictions,saturday night special ban,handgun,NA,NA,NA,NA,MA1011
Massachusetts,MA,25,2024,1,minimum age,youth possession,handgun,21,NA,"Prior versions of the law included minimum age for license to carry firearm. When the law was rewritten in 1998, it created a Class A license, which specifically allowed possession.",Not recognized by the Giffords Law Center to Prevent Gun Violence (undated).,MA1015
Massachusetts,MA,25,2024,1,minimum age,youth possession,long gun,15,NA,"Case law (Com. v. Amorin, 440 N.E.2d 1305) demonstrates that at least as far back sa 1982, minors under the age of 18 were prohibited from receiving necessary licences to acquire firearms.",NA,MA1016
Massachusetts,MA,25,2024,1,minimum age,purchase and sale,handgun,21,NA,NA,NA,MA1017
Massachusetts,MA,25,2024,0,minimum age,purchase and sale,long gun,15,NA,NA,NA,MA1018
Massachusetts,MA,25,2024,1,minimum age,purchase and sale,long gun,18,NA,"Exceptions for minors with firearm ID cards, a sporting or hunting license, and written parental consent; Firearm ID cards do not entitle holder to purchase, transfer, possess, or carry large capacity or semi-automatic firearms.",NA,MA1020
Massachusetts,MA,25,2024,0,waiting period,Waiting Periods: De facto (permit required),long gun,NA,10,"de facto (permit required)”: The law does not require that permits are issued with a delay, but in practice they may take weeks to obtain, so we treat this as a de facto waiting period for long guns, and arbitrarily set the length of the waiting period to 10 days.

Unable to find 1926 version of law.",NA,MA1023
Massachusetts,MA,25,2024,1,background checks,sales from dealer,handgun,NA,NA,NA,NA,MA1025
Massachusetts,MA,25,2024,1,dealer license,state license requirement,handgun,NA,NA,Unclear what year this law was first implemented. May have applied only to handguns prior to 1959.,NA,MA1027
Massachusetts,MA,25,2024,1,firearm sales restrictions,assault weapons ban,handgun,NA,NA,NA,NA,MA1028
Massachusetts,MA,25,2024,0,minimum age,youth possession,handgun,15,NA,"Case law (Com. v. Amorin, 440 N.E.2d 1305) demonstrates that at least as far back sa 1982, minors under the age of 18 were prohibited from receiving necessary licences to acquire firearms.",NA,MA1029
Massachusetts,MA,25,2024,0,background checks,private sales : point of sale,long gun,NA,NA,"Permit to purchase law. Vernick and Hepburn (2003) say handguns only, but law includes rifles. See also Mass. Gen. Laws Ch. 140, § 128A  law requiring private sellers to use web portal to conduct real-time check.","Cramer (undated) notes that the ""1968 law that requires a Firearms ID card or License to Carry to purchase a firearm apparently did not explicitly require private party sales to have a background check. (This was added in¬†1998.) Still, it is quite apparent that you needed an FID or LTC to purchase a firearm in Massachusetts starting in 1968, and both required a background check. I think it is clear that Massachusetts has required a background check to get either FID or LTC, and you could not legally buy a firearm from anyone without one or the other."" See http://claytonecramer.blogspot.com/2013/03/need-some-help-chasing-down-some-laws_22.html",MA1030
Massachusetts,MA,25,2024,0,minimum age,purchase and sale,handgun,15,NA,NA,NA,MA1031
Massachusetts,MA,25,2024,0,minimum age,purchase and sale,handgun,18,NA,NA,NA,MA1032
Massachusetts,MA,25,2024,0,waiting period,Waiting Periods: De facto (permit required),handgun,NA,10,"de facto (permit required)”: The law does not require that permits are issued with a delay, but in practice they may take weeks to obtain, so we treat this as a de facto waiting period for handguns, and arbitrarily set the length of the waiting period to 10 days.

Unable to find 1926 version of law.",NA,MA1033
Massachusetts,MA,25,2024,0,prohibited possessor,mental health : committed to mh facility,handgun and long gun,NA,NA,"Can be reversed ""after 5 years from the date of the confinement, the applicant submits with the application an affidavit of a licensed physician or clinical psychologist attesting that such physician or psychologist is familiar with the applicant's mental illness...and that in the physician's or psychologist's opinion the applicant is not disabled by a mental illness...in a manner that should prevent the applicant from possessing a firearm, rifle or shotgun.""",NA,MA1036
Massachusetts,MA,25,2024,1,prohibited possessor,dvro ex parte : expanded,handgun and long gun,NA,NA,"This law allows for the judge's discretion about whether to bar the defendant from owning, possessing, or purchasing firearms. This law includes a firearm surrender requirement. This law includes a firearm removal requirement. While this law is considered ""expanded"", a judge is left to determine what counts as a dating relationship by considering: the length of time of the relationship; the type of relationship; the frequency of interaction between the parties; and if the relationship has been terminated by either person, the length of time elapsed since the termination of the relationship.",NA,MA1037
Massachusetts,MA,25,2024,1,prohibited possessor,dvro : expanded,handgun and long gun,NA,NA,"This law allows for the judge's discretion about whether to bar the defendant from owning, possessing, or purchasing firearms. This law includes a firearm surrender requirement. This law includes a firearm removal requirement. Expanded definition of family or household members predated section requiring removal of firearms.",NA,MA1038
Massachusetts,MA,25,2024,1,prohibited possessor,mental health : adjudicated as mentally incompetent//incapacitated/disabled,handgun and long gun,NA,NA,"Concerns appointment of guardian or conservator. Also revises the language for committment to MH facility. Commitment by court order can be reversed ""if the applicant was granted a petition for relief of the court's order pursuant to said section 36C of said chapter 123 and submits a copy of the order for relief with the application,""  conservatorship can be reversed if ""the applicant was granted a petition for relief pursuant to section 56C of chapter 215 and submits a copy of the order for relief with the application.""  Commitment can be reversed ""after 5 years from the date of the confinement, the applicant submits with the application an affidavit of a licensed physician or clinical psychologist attesting that such physician or psychologist is familiar with the applicant's mental illness...and that in the physician's or psychologist's opinion the applicant is not disabled by a mental illness...in a manner that should prevent the applicant from possessing a firearm, rifle or shotgun."" Commitment by court order can be reversed ""if the applicant was granted a petition for relief of the court's order pursuant to said section 36C of said chapter 123 and submits a copy of the order for relief with the application,""  conservatorship can be reversed if ""the applicant was granted a petition for relief pursuant to section 56C of chapter 215 and submits a copy of the order for relief with the application.""",NA,MA1039
Massachusetts,MA,25,2024,1,prohibited possessor,mental health : committed to mh facility,handgun and long gun,NA,NA,"Concerns appointment of guardian or conservator. Commitment can be reversed ""after 5 years from the date of the confinement, the applicant submits with the application an affidavit of a licensed physician or clinical psychologist attesting that such physician or psychologist is familiar with the applicant's mental illness...and that in the physician's or psychologist's opinion the applicant is not disabled by a mental illness...in a manner that should prevent the applicant from possessing a firearm, rifle or shotgun."" Comittment by court order can be reversed ""if the applicant was granted a petition for relief of the court's order pursuant to said section 36C of said chapter 123 and submits a copy of the order for relief with the application,""  conservatorship can be reversed if ""the applicant was granted a petition for relief pursuant to section 56C of chapter 215 and submits a copy of the order for relief with the application.""",NA,MA1041
Massachusetts,MA,25,2024,1,prohibited possessor,erpo : expanded,handgun and long gun,NA,NA,NA,NA,MA1042
Massachusetts,MA,25,2024,1,prohibited possessor,erpo : ex parte,handgun and long gun,NA,NA,NA,NA,MA1043
Massachusetts,MA,25,2024,1,safety training required,to purchase,handgun,NA,NA,NA,NA,MA1045
Massachusetts,MA,25,2024,1,safety training required,to purchase,long gun,NA,NA,NA,NA,MA1046
Massachusetts,MA,25,2024,1,registration,required,handgun,NA,NA,NA,NA,MA1049
Massachusetts,MA,25,2024,1,registration,required,long gun,NA,NA,NA,NA,MA1050
Massachusetts,MA,25,2024,0,background checks,sales from dealer : federal,handgun,NA,NA,Part of the 1994 Brady Handgun Violence Prevention Act (Interim provisions),NA,MA1052
Massachusetts,MA,25,2024,1,background checks,sales from dealer : federal,handgun and long gun,NA,NA,The National Instant Criminal Background Check System (NICS) was created in 1998. The Brady Act's interim provisions  requiring background checks for handguns were struck down and replaced with the requirement to conduct background checks on all dealer sales.,NA,MA1053
Massachusetts,MA,25,2024,1,background checks,permit to purchase,long gun,NA,NA,"Permit to purchase law. Vernick and Hepburn (2003) say handguns only, but law includes rifles. See also Mass. Gen. Laws Ch. 140, § 128A  law requiring private sellers to use web portal to conduct real-time check.","Cramer (undated) notes that the ""1968 law that requires a Firearms ID card or License to Carry to purchase a firearm apparently did not explicitly require private party sales to have a background check. (This was added in¬†1998.) Still, it is quite apparent that you needed an FID or LTC to purchase a firearm in Massachusetts starting in 1968, and both required a background check. I think it is clear that Massachusetts has required a background check to get either FID or LTC, and you could not legally buy a firearm from anyone without one or the other."" See http://claytonecramer.blogspot.com/2013/03/need-some-help-chasing-down-some-laws_22.html",MA1055
Massachusetts,MA,25,2024,1,firearms in college/university,public and private : CCW not allowed,handgun,NA,NA,Exception for wirtten authorization.,NA,MA1058
Massachusetts,MA,25,2024,1,firearms in college/university,public and private : possession prohibited,handgun,NA,NA,NA,NA,MA1059
Massachusetts,MA,25,2024,1,firearms in college/university,public and private : possession prohibited,long gun,NA,NA,NA,NA,MA1060
Massachusetts,MA,25,2024,1,required reporting of lost or stolen firearms,lost and stolen firearms,handgun and long gun,NA,NA,NA,NA,MA1063
Massachusetts,MA,25,2024,1,required reporting of lost or stolen firearms,tracing firearms used in crimes,handgun and long gun,NA,NA,Alternative wording of the bill,NA,MA1065
Massachusetts,MA,25,2024,1,gun trafficking,straw purchase - buyer liability,handgun and long gun,NA,NA,NA,NA,MA1066
Massachusetts,MA,25,2024,1,background checks,permit to purchase,handgun and long gun,NA,NA,NA,NA,MA1067
Massachusetts,MA,25,2024,1,carrying a concealed weapon (ccw),shall issue,handgun,NA,NA,"The Supreme court decision in Bruen determined that their restrictive permitting laws involving law enforcement discretion in the provision of permits was unconstitutional, so from June 23, 2022, Massachusetts has been making changes to their law that will bring it into compliance with the Bruen decision.",NA,MA1068
Massachusetts,MA,25,2024,1,firearm removal at scene of domestic violence,required,handgun and long gun,NA,NA,NA,NA,MA1069
Massachusetts,MA,25,2024,0,firearm sales restrictions,assault weapons ban — Federal,handgun and long gun,NA,NA,"This subtitle and the amendments made by this subtitle—
<< 18 USCA § 921 NOTE >>
(1) shall take effect on the date of the enactment of this Act; and
(2) are repealed effective as of the date that is 10 years after that date.",NA,MA1070
Massachusetts,MA,25,2024,0,firearm sales restrictions,ban on high capacity magazines – federal,handgun and long gun,NA,NA,"This subtitle and the amendments made by this subtitle—
<< 18 USCA § 921 NOTE >>
(1) shall take effect on the date of the enactment of this Act; and
(2) are repealed effective as of the date that is 10 years after that date.",NA,MA1072
Massachusetts,MA,25,2024,1,firearm sales restrictions,ban on high capacity magazines,handgun and long gun,NA,NA,Law was approved on 7/23/98; MA laws are effective 91 days after passage.,NA,MA1073
Massachusetts,MA,25,2024,1,minimum age,minimum age purchase - federal,long gun,21,NA,NA,NA,MA1074
Massachusetts,MA,25,2024,1,minimum age,minimum age purchase - federal,handgun,18,NA,NA,NA,MA1075
Massachusetts,MA,25,2024,1,minimum age,minimum age possession - federal,handgun,18,NA,NA,NA,MA1076
Massachusetts,MA,25,2024,1,open carry,license required,handgun,NA,NA,NA,NA,MA1077
Massachusetts,MA,25,2024,1,permit to purchase,required,handgun,NA,NA,"Changes language from ""pistol or revolver"" to ""firearm."" Language now says ""firearm, rifle or shotgun.""",NA,MA1078
Massachusetts,MA,25,2024,0,permit to purchase,required,long gun,NA,NA,"Changes language from ""pistol or revolver"" to ""firearm"". Current language ""firearm, rifle or shotgun.""

Unable to find 1926 version of law.",NA,MA1079
Massachusetts,MA,25,2024,0,permit to purchase,required,handgun,NA,NA,"Changes language from ""pistol or revolver"" to ""firearm"". Current language ""firearm, rifle or shotgun.""

Unable to find 1926 version of law.",NA,MA1080
Massachusetts,MA,25,2024,1,permit to purchase,required,long gun,NA,NA,"Changes language from ""pistol or revolver"" to ""firearm."" Language now says ""firearm, rifle or shotgun.""",NA,MA1081
Massachusetts,MA,25,2024,1,prohibited possessor,violent misdemeanor juvenile,handgun and long gun,NA,NA,NA,NA,MA1082
Massachusetts,MA,25,2024,0.24863387978142076,untraceable firearms,prohibited,handgun and long gun,NA,NA,NA,NA,MA1083
Maryland,MD,24,2024,1,background checks,private sales : point of sale,handgun and long gun,NA,NA,"Formerly MD CODE Art. 27, § 442",NA,MD1001
Maryland,MD,24,2024,1,background checks,sales from dealer,handgun,NA,NA,NA,NA,MD1003
Maryland,MD,24,2024,0,carrying a concealed weapon (ccw),may issue,handgun,NA,NA,"Although statute says ""shall issue,"" characterized as ""may issue"" because of discretion involved with subsection (6) (""based on an investigation‚…has good and substantial reason"").",NA,MD1005
Maryland,MD,24,2024,1,castle doctrine,traditional,handgun and long gun,NA,NA,"See Catalfamo (2007), p. 509.",NA,MD1006
Maryland,MD,24,2024,1,child access laws,negligent storage,handgun and long gun,NA,NA,NA,NA,MD1008
Maryland,MD,24,2024,0,dealer license,state license requirement,handgun,NA,NA,NA,NA,MD1009
Maryland,MD,24,2024,1,dealer license,state license requirement,handgun,NA,NA,Also applies to assault weapons.,NA,MD1010
Maryland,MD,24,2024,1,firearm sales restrictions,assault weapons ban,handgun,NA,NA,List of banned weapons and features in Md. Code Ann. § 4-301.,NA,MD1012
Maryland,MD,24,2024,1,firearm sales restrictions,assault weapons ban,long gun,NA,NA,"In 2013, adds assault long guns to ban. List of banned weapons and features in Md. Code Ann. § 4-301.",NA,MD1013
Maryland,MD,24,2024,1,firearm sales restrictions,saturday night special ban,handgun,NA,NA,NA,NA,MD1014
Maryland,MD,24,2024,1,minimum age,youth possession,handgun,21,NA,"Also applied to assault weapons Md. Code Ann., Pub. Safety § 5-101 defines a ""regulated firearm"" as a handgun or assault weapon.",NA,MD1015
Maryland,MD,24,2024,1,minimum age,youth possession,long gun,21,NA,"Applies only to assault weapons Md. Code Ann., Pub. Safety § 5-101 defines a ""regulated firearm"" as a handgun or assault weapon.",NA,MD1017
Maryland,MD,24,2024,1,minimum age,purchase and sale,handgun,21,NA,"The initial version of the law passed in 1888. The current version excerpted here passed in 2003. The prior version was found in Md. Ann. Code Art. 27, § 442, 445, and before that, in Md. Ann. Code Art. 27, Sec. 491 (1951).",NA,MD1018
Maryland,MD,24,2024,1,minimum age,purchase and sale,long gun,18,NA,NA,"Vernick and Hepburn (2003) stated that 21 is the minimum age for all firearms. This section, which refers to all firearms, must have only applied to long guns, because the section on regulated firearms (assault weapons and handguns) has a different minimum age. Unclear what year this law was first implemented.",MD1019
Maryland,MD,24,2024,1,firearm sales restrictions,one gun per month,handgun,NA,NA,NA,NA,MD1020
Maryland,MD,24,2024,1,open carry,license required,handgun,NA,NA,See 1972 Laws Ch. 13 for original version.,NA,MD1022
Maryland,MD,24,2024,0,registration,required,handgun,NA,NA,"Regulated firearm defined as handgun or assault weapon in MD Code, Public Safety, § 5-101.",NA,MD1024
Maryland,MD,24,2024,1,waiting period,general,handgun,NA,7,"See Md. Ann. Code art. 27, § 442 (1991) for initial law.",NA,MD1026
Maryland,MD,24,2024,1,waiting period,Waiting Periods: De facto (permit required),handgun,NA,10,"de facto (permit required)”: The law does not require that permits are issued with a delay, but in practice they may take weeks to obtain, so we treat this as a de facto waiting period for handguns, and arbitrarily set the length of the waiting period to 10 days.",NA,MD1028
Maryland,MD,24,2024,1,background checks,permit to purchase,handgun,NA,NA,NA,NA,MD1030
Maryland,MD,24,2024,1,prohibited possessor,mental health : adjudicated as mentally incompetent//incapacitated/disabled,handgun and long gun,NA,NA,NA,NA,MD1032
Maryland,MD,24,2024,0,prohibited possessor,mental health : committed to mh facility,handgun and long gun,NA,NA,NA,NA,MD1033
Maryland,MD,24,2024,1,prohibited possessor,dvro,handgun and long gun,NA,NA,"MD law only prohibits possession for “non ex parte civil protective orders.”

This law includes a discretionary firearm surrender requirement. This law is discretionary because the original text gave a judge discretion over whether to demand a person served with a DVRO to surrender firearms. An updated law in 2009 made this a requirement with Maryland Code, Family Law § 4-506(f). This law is not expanded because Maryland does not allow dating partners to obtain civil protection orders. Under Maryland law, the following people are eligible for a protective order:Md. Code Fam. Law § 4-501 (1) The current or former spouse of the batterer, (2) A cohabitant of the batterer, (3) A person related to the batterer by blood, marriage, or adoption, (4) A vulnerable adult, (5) A person who has a child in common with the batterer, (6) A person who has had a sexual relationship with the respondent within 1 year before the filing of the petition.",NA,MD1034
Maryland,MD,24,2024,1,prohibited possessor,mental health : committed to mh facility : voluntary,handgun and long gun,NA,NA,"Includes commitments after criminal trials and appointment of guardian. § 3-110 makes clear that not criminally responsible mean ""not criminally responsibly by reason of insanity""",NA,MD1036
Maryland,MD,24,2024,1,prohibited possessor,erpo : ex parte,handgun and long gun,NA,NA,NA,NA,MD1037
Maryland,MD,24,2024,1,prohibited possessor,erpo : expanded,handgun and long gun,NA,NA,"Maryland uses the same abbreviation for an ERPO but the name is slightly different as the state uses ""protective"" instead of ""protection"" order (Extreme Risk Protective Order). This law identifys a broad range of individuals who can file for an extreme risk protection order: (I) a physician, psychologist, clinical social worker, licensed clinical professional counselor, clinical nurse specialist in psychiatric and mental health nursing, psychiatric nurse practitioner, licensed clinical marriage or family therapist, or health officer or designee of a health officer who has examined the individual; (ii) a law enforcement officer; (iii) the spouse of the respondent; (iv) a cohabitant of the respondent; (v) a person related to the respondent by blood, marriage, or adoption; (vi) an individual who has a child in common with the respondent; (vii) a current dating or intimate partner of the respondent; or (viii) a current or former legal guardian of the respondent.

Note that Maryland has three types of orders. In addition to the ex parte and full orders, the State also specifies an interim order that can be requested from judicial commissioners when the court is closed.",NA,MD1038
Maryland,MD,24,2024,1,safety training required,to purchase,handgun,NA,NA,NA,NA,MD1040
Maryland,MD,24,2024,1,registration,required,handgun,NA,NA,"Adds requirement for new residents.  Regulated firearm defined as handgun or assault weapon in MD Code, Public Safety, § 5-101",NA,MD1044
Maryland,MD,24,2024,0,background checks,sales from dealer : federal,handgun,NA,NA,Part of the 1994 Brady Handgun Violence Prevention Act (Interim provisions),NA,MD1047
Maryland,MD,24,2024,1,background checks,sales from dealer : federal,handgun and long gun,NA,NA,The National Instant Criminal Background Check System (NICS) was created in 1998. The Brady Act's interim provisions  requiring background checks for handguns were struck down and replaced with the requirement to conduct background checks on all dealer sales.,NA,MD1048
Maryland,MD,24,2024,1,firearm removal at scene of domestic violence,authorized,handgun and long gun,NA,NA,NA,NA,MD1054
Maryland,MD,24,2024,1,local laws preempted by state,comprehensive,handgun and long gun,NA,NA,"Initially passed as Art. 27, sec. 36H.

Exceptions: (b)(1) A county, municipal corporation, or special taxing district may regulate the purchase, sale, transfer, ownership, possession, and transportation of the items listed in subsection (a) of this section:

(i) with respect to minors;

(ii) with respect to law enforcement officials of the subdivision; and

(iii) except as provided in paragraph (2) of this subsection, within 100 yards of or in a park, church, school, public building, and other place of public assembly.

(2) A county, municipal corporation, or special taxing district may not prohibit the teaching of or training in firearms safety, or other educational or sporting use of the items listed in subsection (a) of this section.

(3) A county, municipal corporation, or special taxing district may not prohibit the transportation of an item listed in subsection (a) of this section by a person who is carrying a court order requiring the surrender of the item, if:

(i) the handgun, rifle, or shotgun is unloaded;

(ii) the person has notified the law enforcement unit, barracks, or station that the item is being transported in accordance with the court order; and

(iii) the person transports the item directly to the law enforcement unit, barracks, or station.  (d)(1) Except as provided in paragraph (2) of this subsection, in accordance with law, a county, municipal corporation, or special taxing district may regulate the discharge of handguns, rifles, and shotguns.",NA,MD1057
Maryland,MD,24,2024,1,required reporting of lost or stolen firearms,lost and stolen firearms,handgun and long gun,NA,NA,"MD Code, Public Safety, § 5-101: ""regulated firearm"" is a handgun or assault weapon",NA,MD1060
Maryland,MD,24,2024,1,gun trafficking,straw purchase - buyer and seller liability,handgun and long gun,NA,NA,NA,NA,MD1063
Maryland,MD,24,2024,1,carrying a concealed weapon (ccw),shall issue,handgun,NA,NA,"The Supreme court decision in Bruen determined that their restrictive permitting laws involving law enforcement discretion in the provision of permits was unconstitutional, so from June 23, 2022, Massachusetts has been making changes to their law that will bring it into compliance with the Bruen decision.",NA,MD1065
Maryland,MD,24,2024,0,firearm sales restrictions,assault weapons ban — Federal,handgun and long gun,NA,NA,"This subtitle and the amendments made by this subtitle—
<< 18 USCA § 921 NOTE >>
(1) shall take effect on the date of the enactment of this Act; and
(2) are repealed effective as of the date that is 10 years after that date.",NA,MD1066
Maryland,MD,24,2024,0,firearm sales restrictions,ban on high capacity magazines – federal,handgun and long gun,NA,NA,"This subtitle and the amendments made by this subtitle—
<< 18 USCA § 921 NOTE >>
(1) shall take effect on the date of the enactment of this Act; and
(2) are repealed effective as of the date that is 10 years after that date.",NA,MD1068
Maryland,MD,24,2024,1,firearm sales restrictions,ban on high capacity magazines,handgun and long gun,NA,NA,NA,NA,MD1069
Maryland,MD,24,2024,1,gun trafficking,straw purchase - buyer and seller liability,handgun and long gun,NA,NA,"MD has passed related straw purchase laws, including MD Code, Public Safety, § 5-134 (a), (b), (d) in 2003 that prohibits straw purchases.",NA,MD1070
Maryland,MD,24,2024,1,minimum age,minimum age purchase - federal,long gun,21,NA,NA,NA,MD1071
Maryland,MD,24,2024,1,minimum age,minimum age purchase - federal,handgun,18,NA,NA,NA,MD1072
Maryland,MD,24,2024,1,minimum age,minimum age possession - federal,handgun,18,NA,NA,NA,MD1073
Maryland,MD,24,2024,1,permit to purchase,required,handgun,NA,NA,"Ruled unconstitutional by Maryland Shall Issue, Inc. v. Moore (86 F.4th 1038).  Law is still in effect while awaiting rehearing by full 4th Circ. Court of Appeals.  / Current law has three types of licenses for gun purchasers and owners: the Firearm Identification Card (‚”FID”), the license to carry, and a permit to purchase, rent or lease. Mass. Gen. Laws ch. 140, §§ 129B, 131",NA,MD1074
Maryland,MD,24,2024,1,prohibited possessor,not RAND violent misdemeanor,handgun and long gun,NA,NA,"Despite the law restricting access to firearms to those convicted of some misdemeanors, ""simple assault"" (as opposed to domestic violence) is not one of the misdemeanors leading to this prohibition, so this law  does not meet RAND's definition for this subclass.",NA,MD1075
Maryland,MD,24,2024,1,prohibited possessor,violent misdemeanor,handgun and long gun,NA,NA,NA,NA,MD1076
Maryland,MD,24,2024,1,untraceable firearms,prohibited,handgun and long gun,NA,NA,NA,NA,MD1077
Maine,ME,23,2024,0,carrying a concealed weapon (ccw),may issue,handgun,NA,NA,"There is disagreement in the sources. Some sources cite 25 Maine Rev. Stat. Ann. § 2032 (1981) as implementing ""may issue,"" but we think the language here is adequate. See Schwanda v. Boney, 418 A.2d 163 (1980), where the Maine Supreme Judicial Court says, citing this law, that: ""municipal authorities must grant a license to an applicant who does meet the statutory criterion.""







",NA,ME1003
Maine,ME,23,2024,0,carrying a concealed weapon (ccw),shall issue,handgun,NA,NA,"See 1985 Law c. 478, § 2. Most sources cite 1985 as the year Maine became ""shall issue."" See, for example, Grossman and Lee (2008). Vernick and Hepburn (2003) disagree, citing 1981 statute, 25 Maine Rev. Stat. Ann § 2032.",NA,ME1004
Maine,ME,23,2024,1,carrying a concealed weapon (ccw),shall issue (permit not required),handgun,NA,NA,NA,NA,ME1005
Maine,ME,23,2024,1,castle doctrine,traditional,handgun and long gun,NA,NA,NA,NA,ME1006
Maine,ME,23,2024,1,minimum age,purchase and sale,handgun,18,NA,"§ 554-B. Unlawful transfer of handgun to minor



1. As used in this section, the following terms have the following meanings.



A. ""Handgun"" means a firearm that has a short stock and is designed to be held and fired by the use of a single



hand, or any combination of parts from which a handgun can be assembled.



B. ""Minor"" means a person under 18 years of age.



C. ""Transfer"" means to sell, furnish, give, lend, deliver or otherwise provide, with or without consideration.; exceptions listed in § 554-B (3) include parental consent, target practice, hunting, etc.",NA,ME1010
Maine,ME,23,2024,1,minimum age,purchase and sale,long gun,16,NA,Restricted to 18 for sale from non-guardians,NA,ME1011
Maine,ME,23,2024,0,minimum age,purchase and sale,handgun,16,NA,NA,NA,ME1021
Maine,ME,23,2024,1,prohibited possessor,dvro,handgun and long gun,NA,NA,"This law allows for the judge's discretion about whether to bar the defendant from owning, possessing, or purchasing firearms.",NA,ME1023
Maine,ME,23,2024,0,prohibited possessor,mental health : committed to mh facility,handgun and long gun,NA,NA,"Includes commitments after criminal trials. A person subject to the provisions of subsection 1, paragraph A-1, subparagraphs (1) to (4) or paragraph C as a result of a conviction or adjudication may, after the expiration of 5 years from the date that the person is finally discharged from the sentences imposed as a result of the conviction or adjudication, apply to the Office of the Governor for a permit to carry a firearm subject to subsection 4.",NA,ME1024
Maine,ME,23,2024,0,prohibited possessor,dvro ex parte,handgun and long gun,NA,NA,"This law allows for the judge's discretion about whether to bar the defendant from owning, possessing, or purchasing firearms.",NA,ME1025
Maine,ME,23,2024,1,prohibited possessor,mental health : adjudicated as mentally incompetent//incapacitated/disabled,handgun and long gun,NA,NA,Includes commitment after criminal trials. Details application process for relief.,NA,ME1026
Maine,ME,23,2024,0,background checks,sales from dealer : federal,handgun,NA,NA,Part of the 1994 Brady Handgun Violence Prevention Act (Interim provisions),NA,ME1033
Maine,ME,23,2024,1,background checks,sales from dealer : federal,handgun and long gun,NA,NA,The National Instant Criminal Background Check System (NICS) was created in 1998. The Brady Act's interim provisions  requiring background checks for handguns were struck down and replaced with the requirement to conduct background checks on all dealer sales.,NA,ME1034
Maine,ME,23,2024,0,castle doctrine,traditional,handgun and long gun,NA,NA,NA,NA,ME1037
Maine,ME,23,2024,0,waiting period,federal,handgun,NA,5,"In general, the waiting period applies only in states without an acceptable alternate system of conducting background checks on handgun purchasers. The interim provisions of the Brady Law became effective on February 28, 1994, and ceased to apply on November 30, 1998.",NA,ME1038
Maine,ME,23,2024,1,waiting period,federal,handgun,NA,NA,NA,NA,ME1039
Maine,ME,23,2024,1,local laws preempted by state,comprehensive,handgun and long gun,NA,NA,"Exception: 3. Exception. This section does not prohibit an order, ordinance, rule or regulation of any political subdivision which, with the exception of appropriate civil penalty provisions, conforms exactly with any applicable provision of state law or which regulates the discharge of firearms within a jurisdiction.",NA,ME1043
Maine,ME,23,2024,0,firearm sales restrictions,ban on high capacity magazines – federal,handgun and long gun,NA,NA,"This subtitle and the amendments made by this subtitle—
<< 18 USCA § 921 NOTE >>
(1) shall take effect on the date of the enactment of this Act; and
(2) are repealed effective as of the date that is 10 years after that date.",NA,ME1047
Maine,ME,23,2024,1,local laws preempted by state,comprehensive - punitive,handgun and long gun,NA,NA,NA,NA,ME1048
Maine,ME,23,2024,1,minimum age,minimum age purchase - federal,long gun,21,NA,NA,NA,ME1049
Maine,ME,23,2024,1,minimum age,minimum age purchase - federal,handgun,18,NA,NA,NA,ME1050
Maine,ME,23,2024,1,minimum age,minimum age possession - federal,handgun,18,NA,NA,NA,ME1051
Maine,ME,23,2024,1,prohibited possessor,dvro,handgun and long gun,NA,NA,NA,NA,ME1052
Maine,ME,23,2024,1,prohibited possessor,dvro ex parte,handgun and long gun,NA,NA,NA,NA,ME1053
Maine,ME,23,2024,1,prohibited possessor,mental health : committed to mh facility,handgun and long gun,NA,NA,Includes commitment after criminal trials. Details application process for relief.,NA,ME1054
Maine,ME,23,2024,1,prohibited possessor,not RAND violent misdemeanor,handgun and long gun,NA,NA,"Despite the law restricting access to firearms to those convicted of a misdemeanor, it does not explicitly call out ""simple assault"" and does not meet RAND's definition for this subclass.",NA,ME1055
Maine,ME,23,2024,1,child access laws,negligent storage,handgun and long gun,NA,NA,NA,NA,ME1056
Maine,ME,23,2024,0,firearm sales restrictions,assault weapons ban — Federal,handgun and long gun,NA,NA,"This subtitle and the amendments made by this subtitle—
<< 18 USCA § 921 NOTE >>
(1) shall take effect on the date of the enactment of this Act; and
(2) are repealed effective as of the date that is 10 years after that date.",NA,ME1057
Maine,ME,23,2024,0.39617486338797814,waiting period,general,handgun and long gun,NA,3,NA,NA,ME1058
Maine,ME,23,2024,0.39617486338797814,background checks,private sales : point of sale (limited),handgun and long gun,NA,NA,NA,NA,ME1059
Michigan,MI,26,2024,0,background checks,permit to purchase,handgun,NA,NA,Michigan only requires a permit to purchase for private sales.,NA,MI1001
Michigan,MI,26,2024,1,background checks,sales from dealer,handgun,NA,NA,NA,NA,MI1004
Michigan,MI,26,2024,0,carrying a concealed weapon (ccw),may issue,handgun,NA,NA,See MSA § 28.92,NA,MI1006
Michigan,MI,26,2024,0.12021857923497267,carrying a concealed weapon (ccw),shall issue,handgun,NA,NA,"Beginning December 1, 2015, the county clerk shall waive the 6-month residency requirement for an emergency license under section 5a(4) if the applicant is a petitioner for a personal protection order issued under section 2950 or 2950a of the revised judicature act of 1961, 1961 PA 236, MCL 600.2950 and 600.2950a, or if the county sheriff determines that there is clear and convincing evidence to believe that the safety of the applicant or the safety of a member of the applicant's family or household is endangered by the applicant's inability to immediately obtain a license to carry a concealed pistol.",NA,MI1007
Michigan,MI,26,2024,0,castle doctrine,traditional,handgun and long gun,NA,NA,"See Catalfamo (2007), p. 509.",NA,MI1009
Michigan,MI,26,2024,1,castle doctrine,stand your ground,handgun and long gun,NA,NA,NA,NA,MI1010
Michigan,MI,26,2024,1,minimum age,youth possession,long gun,18,NA,NA,NA,MI1013
Michigan,MI,26,2024,0,minimum age,purchase and sale,handgun,19,NA,Permit law.,NA,MI1015
Michigan,MI,26,2024,0,minimum age,purchase and sale,handgun,18,NA,Permit law.,NA,MI1016
Michigan,MI,26,2024,1,minimum age,purchase and sale,handgun,18,NA,Permit law.  Minimum age is 18 for private sales and 21 for dealers.,NA,MI1017
Michigan,MI,26,2024,0,minimum age,purchase and sale,handgun,18,NA,Permit law.  Minimum age is 21 for some sellers.,NA,MI1019
Michigan,MI,26,2024,1,minimum age,purchase and sale,long gun,18,NA,NA,NA,MI1020
Michigan,MI,26,2024,1,open carry,license required,handgun,NA,NA,NA,NA,MI1022
Michigan,MI,26,2024,1,waiting period,Waiting Periods: De facto (permit required),handgun,NA,10,"de facto (permit required)”: The law does not require that permits are issued with a delay, but in practice they may take weeks to obtain, so we treat this as a de facto waiting period for handguns, and arbitrarily set the length of the waiting period to 10 days.",NA,MI1023
Michigan,MI,26,2024,0,registration,required,handgun,NA,NA,NA,NA,MI1024
Michigan,MI,26,2024,1,minimum age,youth possession,handgun,18,NA,NA,NA,MI1029
Michigan,MI,26,2024,0,prohibited possessor,mental health : adjudicated as mentally incompetent//incapacitated/disabled,handgun,NA,NA,"Unless ""she has been adjudged restored to sanity by court order.""",NA,MI1031
Michigan,MI,26,2024,1,prohibited possessor,mental health : committed to mh facility,handgun,NA,NA,NA,NA,MI1032
Michigan,MI,26,2024,0,prohibited possessor,mental health : committed to mh facility : outpatient,handgun,NA,NA,"Regarding prohibition based on legal incapitation: ""this subdivision does not apply to a person who has had his or her legal capacity restored by order of the court.""",NA,MI1033
Michigan,MI,26,2024,1,prohibited possessor,dvro ex parte : expanded,handgun and long gun,NA,NA,"This law allows for the judge's discretion about whether to bar the defendant from owning, possessing, or purchasing firearms.",NA,MI1035
Michigan,MI,26,2024,0,background checks,sales from dealer : federal,handgun,NA,NA,Part of the 1994 Brady Handgun Violence Prevention Act (Interim provisions),NA,MI1042
Michigan,MI,26,2024,1,background checks,sales from dealer : federal,handgun and long gun,NA,NA,The National Instant Criminal Background Check System (NICS) was created in 1998. The Brady Act's interim provisions  requiring background checks for handguns were struck down and replaced with the requirement to conduct background checks on all dealer sales.,NA,MI1043
Michigan,MI,26,2024,1,firearms in college/university,public and private : CCW not allowed,handgun,NA,NA,"Applies only to dorms and classrooms, but caselaw held that the University of Michigan  could enact more stringent prohibitions. See  Wade v. University of Michigan, No. 330555 (Mich. Ct. App. Jun. 6, 2017).",NA,MI1049
Michigan,MI,26,2024,1,local laws preempted by state,comprehensive,handgun and long gun,NA,NA,"Exceptions: M.C.L.A. 123.1103 This act does not prohibit a local unit of government from doing any of the following:

(a) Prohibiting or regulating conduct with a pistol, other firearm, or pneumatic gun that is a criminal offense under state law.

(b) Prohibiting or regulating the transportation, carrying, or possession of pistols, other firearms, or pneumatic guns by employees of that local unit of government in the course of their employment with that local unit of government.

(c) Regulating the possession of pneumatic guns within the local unit of government by requiring that an individual below the age of 16 who is in possession of a pneumatic gun be under the supervision of a parent, a guardian, or an individual 18 years of age or older, except that an ordinance shall not regulate possession of a pneumatic gun on or within private property if the individual below the age of 16 is authorized by a parent or guardian and the property owner or legal possessor to possess the pneumatic gun.

(d) Prohibiting an individual from pointing, waving about, or displaying a pneumatic gun in a threatening manner with the intent to induce fear in another individual.

Credits",NA,MI1051
Michigan,MI,26,2024,1,required reporting of lost or stolen firearms,lost and stolen firearms,handgun and long gun,NA,NA,NA,NA,MI1054
Michigan,MI,26,2024,1,background checks,permit to purchase,handgun,NA,NA,NA,NA,MI1056
Michigan,MI,26,2024,0.7540983606557377,child access laws,negligent storage,handgun and long gun,NA,NA,NA,NA,MI1057
Michigan,MI,26,2024,0,firearm sales restrictions,assault weapons ban — Federal,handgun and long gun,NA,NA,"This subtitle and the amendments made by this subtitle—
<< 18 USCA § 921 NOTE >>
(1) shall take effect on the date of the enactment of this Act; and
(2) are repealed effective as of the date that is 10 years after that date.",NA,MI1058
Michigan,MI,26,2024,0,firearm sales restrictions,ban on high capacity magazines – federal,handgun and long gun,NA,NA,"This subtitle and the amendments made by this subtitle—
<< 18 USCA § 921 NOTE >>
(1) shall take effect on the date of the enactment of this Act; and
(2) are repealed effective as of the date that is 10 years after that date.",NA,MI1060
Michigan,MI,26,2024,1,minimum age,minimum age purchase - federal,long gun,21,NA,NA,NA,MI1061
Michigan,MI,26,2024,1,minimum age,minimum age purchase - federal,handgun,18,NA,NA,NA,MI1062
Michigan,MI,26,2024,1,minimum age,minimum age possession - federal,handgun,18,NA,NA,NA,MI1063
Michigan,MI,26,2024,0,permit to purchase,required,handgun,NA,NA,NA,NA,MI1064
Michigan,MI,26,2024,1,prohibited possessor,mental health : committed to mh facility,long gun,NA,NA,NA,NA,MI1065
Michigan,MI,26,2024,1,prohibited possessor,mental health : committed to mh facility : outpatient,long gun,NA,NA,"Regarding prohibition based on legal incapitation: ""this subdivision does not apply to a person who has had his or her legal capacity restored by order of the court.""",NA,MI1066
Michigan,MI,26,2024,1,registration,required,handgun,NA,NA,NA,NA,MI1067
Michigan,MI,26,2024,0.8825136612021858,permit to purchase,required,handgun,NA,NA,NA,NA,MI1070
Michigan,MI,26,2024,0,permit to purchase,required,handgun,NA,NA,NA,NA,MI1071
Michigan,MI,26,2024,0.8825136612021858,carrying a concealed weapon (ccw),shall issue,handgun,NA,NA,NA,NA,MI1072
Michigan,MI,26,2024,0.8825136612021858,background checks,private sales : point of sale,long gun,NA,NA,NA,NA,MI1073
Michigan,MI,26,2024,0.7240437158469946,prohibited possessor,erpo : ex parte expanded,handgun and long gun,NA,NA,NA,NA,MI1074
Michigan,MI,26,2024,0.7841530054644809,registration,required,long gun,NA,NA,NA,NA,MI1075
Minnesota,MN,27,2024,1,background checks,sales from dealer,handgun,NA,NA,NA,NA,MN1002
Minnesota,MN,27,2024,0,carrying a concealed weapon (ccw),may issue,handgun,NA,NA,NA,NA,MN1004
Minnesota,MN,27,2024,1,carrying a concealed weapon (ccw),shall issue,handgun,NA,NA,"Vernick and Hepburn (2003) called this ""may issue,"" but it was shall issue. Also there were several constitutional challenges to the law; see Legal Community Against Violence (2008).",NA,MN1005
Minnesota,MN,27,2024,1,castle doctrine,traditional,handgun and long gun,NA,NA,NA,NA,MN1006
Minnesota,MN,27,2024,1,child access laws,negligent storage,handgun and long gun,NA,NA,NA,NA,MN1008
Minnesota,MN,27,2024,1,firearm sales restrictions,saturday night special ban,handgun,NA,NA,NA,NA,MN1010
Minnesota,MN,27,2024,1,minimum age,youth possession,handgun,18,NA,"See also Minn. Stat. § 97B.021 (2016)



97B.021 POSSESSION OF FIREARMS BY PERSONS UNDER AGE 16



Subdivision 1. Restrictions.



(a) Except as provided in this subdivision, a person under the age of 16 may not possess a firearm, unless accompanied by a parent or guardian.



(b) A person under age 16 may possess a firearm without being accompanied by a parent or guardian:



(1) on land owned by, or occupied as the principal residence of, the person or the person's parent or guardian;



(2) while participating in an organized target shooting program with adult supervision;



(3) while the person is participating in a firearms safety program or traveling to and from class; or



(4) if the person is age 14 or 15 and has a firearms safety certificate.",NA,MN1011
Minnesota,MN,27,2024,1,minimum age,youth possession,long gun,14,NA,"Minimum age is 16 generally, but 14 with a firearms safety certificate",NA,MN1012
Minnesota,MN,27,2024,1,minimum age,purchase and sale,handgun,18,NA,"Permit law. See Minn. Stat. § 624.7132, sub. 3 (1977) for original language.",NA,MN1014
Minnesota,MN,27,2024,1,minimum age,purchase and sale,long gun,18,NA,Minimum age is 14 outside of cities and with guardian's consent,NA,MN1017
Minnesota,MN,27,2024,1,open carry,license required,handgun,NA,NA,See Laws 1975 § 624.711.,NA,MN1019
Minnesota,MN,27,2024,1,open carry,license required,long gun,NA,NA,NA,NA,MN1020
Minnesota,MN,27,2024,0,background checks,extra time,handgun,NA,7,NA,NA,MN1022
Minnesota,MN,27,2024,0,prohibited possessor,mental health : committed to mh facility,handgun,NA,NA,"The person's ability to possess a firearm and ammunition may be restored under subdivision 4. (a) A person who is prohibited from possessing a firearm or ammunition under subdivision 1, due to commitment resulting from a judicial determination that the person is mentally ill, developmentally disabled, mentally ill and dangerous, or chemically dependent, may petition a court to restore the person's ability to possess a firearm or ammunition.",NA,MN1028
Minnesota,MN,27,2024,1,prohibited possessor,mental health : committed to mh facility,handgun and long gun,NA,NA,"Concerns committment after cirminal trials. The person's ability to possess a firearm and ammunition may be restored under subdivision 4. (a) A person who is prohibited from possessing a firearm or ammunition under subdivision 1, due to commitment resulting from a judicial determination that the person is mentally ill, developmentally disabled, mentally ill and dangerous, or chemically dependent, may petition a court to restore the person's ability to possess a firearm or ammunition.",NA,MN1029
Minnesota,MN,27,2024,1,prohibited possessor,dvro : expanded,handgun and long gun,NA,NA,"This law allows for the judge's discretion about whether to bar the defendant from owning, possessing, or purchasing firearms. This law includes a firearm surrender requirement.",NA,MN1030
Minnesota,MN,27,2024,0,background checks,sales from dealer : federal,handgun,NA,NA,Part of the 1994 Brady Handgun Violence Prevention Act (Interim provisions),NA,MN1035
Minnesota,MN,27,2024,1,background checks,sales from dealer : federal,handgun and long gun,NA,NA,The National Instant Criminal Background Check System (NICS) was created in 1998. The Brady Act's interim provisions  requiring background checks for handguns were struck down and replaced with the requirement to conduct background checks on all dealer sales.,NA,MN1036
Minnesota,MN,27,2024,0,castle doctrine,traditional,handgun and long gun,NA,NA,NA,NA,MN1040
Minnesota,MN,27,2024,1,local laws preempted by state,comprehensive,handgun and long gun,NA,NA,"Exceptions: 

(a) a governmental subdivision may regulate the discharge of firearms; and

(b) a governmental subdivision may adopt regulations identical to state law.

",NA,MN1044
Minnesota,MN,27,2024,1,gun trafficking,straw purchase - buyer liability,handgun and long gun,NA,NA,Amended in 2024 to increase violation to felony and add more general term of “firearm”,NA,MN1047
Minnesota,MN,27,2024,1,background checks,private sales : point of sale,handgun and long gun,NA,30,"Law is limited to ""pistols and semi-automatic military style assault weapons""",NA,MN1048
Minnesota,MN,27,2024,1,background checks,permit to purchase,handgun and long gun,NA,NA,NA,NA,MN1049
Minnesota,MN,27,2024,1,firearm removal at scene of domestic violence,required,handgun and long gun,NA,NA,NA,NA,MN1050
Minnesota,MN,27,2024,0,firearm sales restrictions,assault weapons ban — Federal,handgun and long gun,NA,NA,"This subtitle and the amendments made by this subtitle—
<< 18 USCA § 921 NOTE >>
(1) shall take effect on the date of the enactment of this Act; and
(2) are repealed effective as of the date that is 10 years after that date.",NA,MN1051
Minnesota,MN,27,2024,0,firearm sales restrictions,ban on high capacity magazines – federal,handgun and long gun,NA,NA,"This subtitle and the amendments made by this subtitle—
<< 18 USCA § 921 NOTE >>
(1) shall take effect on the date of the enactment of this Act; and
(2) are repealed effective as of the date that is 10 years after that date.",NA,MN1053
Minnesota,MN,27,2024,1,minimum age,minimum age purchase - federal,long gun,21,NA,NA,NA,MN1054
Minnesota,MN,27,2024,1,minimum age,minimum age purchase - federal,handgun,18,NA,NA,NA,MN1055
Minnesota,MN,27,2024,1,minimum age,minimum age possession - federal,handgun,18,NA,NA,NA,MN1056
Minnesota,MN,27,2024,1,prohibited possessor,violent misdemeanor limited,handgun and long gun,NA,NA,Approved 5/20/93; confirmed in Westlaw,NA,MN1057
Minnesota,MN,27,2024,0,prohibited possessor,not RAND violent misdemeanor,handgun and long gun,NA,NA,"Despite the law restricting access to firearms to those convicted of a misdemeanor, it does not explicitly call out ""simple assault"" and does not meet RAND's definition for this subclass.",NA,MN1058
Minnesota,MN,27,2024,1,background checks,extra time,handgun and long gun,NA,30,"Law is limited to ""pistols and semi-automatic military style assault weapons""",NA,MN1059
Minnesota,MN,27,2024,1,prohibited possessor,erpo : expanded,handgun and long gun,NA,NA,NA,NA,MN1061
Minnesota,MN,27,2024,0.4180327868852459,gun trafficking,straw purchase - buyer liability,handgun and long gun,NA,NA,NA,NA,MN1062
Missouri,MO,29,2024,0,background checks,permit to purchase,handgun,NA,NA,Transferred in 1978 to § 571.125,NA,MO1001
Missouri,MO,29,2024,1,background checks,permit to purchase,handgun,NA,NA,NA,NA,MO1002
Missouri,MO,29,2024,1,background checks,private sales : point of sale,handgun,NA,NA,NA,NA,MO1004
Missouri,MO,29,2024,0,carrying a concealed weapon (ccw),prohibited,handgun,NA,NA,NA,NA,MO1007
Missouri,MO,29,2024,0,carrying a concealed weapon (ccw),shall issue,handgun,NA,NA,"Originally codified at 571.094. According to Aneja, Donohue, and Zhang (2014), although the law was intended to take effect in 2003, legal battles prevented this until 24 February 2004.







Aneja, Abhay, John J. Donohue III, and Alexandria Zhang, The Impact of Right to Carry Laws and the NRC Report: Lessons for the Empirical Evaluation of Law and Policy, Stanford, Calif.: Stanford Law School, Olin Working Paper No. 461, December 1, 2014.",NA,MO1008
Missouri,MO,29,2024,1,carrying a concealed weapon (ccw),shall issue (permit not required),handgun,NA,NA,NA,NA,MO1009
Missouri,MO,29,2024,0,castle doctrine,traditional,handgun and long gun,NA,NA,NA,NA,MO1010
Missouri,MO,29,2024,0,castle doctrine,expanded 2,handgun and long gun,NA,NA,Catagorized as expanded 2 because statute does not specify whose vehicle or structure,NA,MO1011
Missouri,MO,29,2024,1,child access laws,"intentional, reckless, or knowing provision",handgun and long gun,NA,NA,NA,NA,MO1013
Missouri,MO,29,2024,0,minimum age,purchase and sale,handgun,21,NA,Permit law.,NA,MO1018
Missouri,MO,29,2024,1,minimum age,purchase and sale,handgun,NA,NA,NA,NA,MO1019
Missouri,MO,29,2024,1,minimum age,purchase and sale,long gun,18,NA,"About sale of handguns only. § 562.016.4. A person ""acts recklessly"" or is reckless when he consciously disregards a substantial and unjustifiable risk that circumstances exist or that a result will follow, and such disregard constitutes a gross deviation from the standard of care which a reasonable person would exercise in the situation.",NA,MO1020
Missouri,MO,29,2024,1,open carry,license required,handgun,NA,NA,NA,NA,MO1022
Missouri,MO,29,2024,0,waiting period,Waiting Periods: De facto (permit required),handgun,NA,10,"de facto (permit required)”: The law does not require that permits are issued with a delay, but in practice they may take weeks to obtain, so we treat this as a de facto waiting period for handguns, and arbitrarily set the length of the waiting period to 10 days.",NA,MO1024
Missouri,MO,29,2024,1,waiting period,Waiting Periods: De facto (permit required),handgun,NA,10,"de facto (permit required)”: The law does not require that permits are issued with a delay, but in practice they may take weeks to obtain, so we treat this as a de facto waiting period for handguns, and arbitrarily set the length of the waiting period to 10 days.",NA,MO1025
Missouri,MO,29,2024,0,registration,required,handgun,NA,NA,"Originally enacted prior to 1949 as Mo. Rev. Stat. § 640.30, then transferred in 1978 to 571.125, which was repealed in 1981. Language of earlier statute was: ""No person‚…shall directly or indirectly buy, sell, borrow, loan, give away, trade, barter deliver or receive, in this state, any pistol, revolver or other firearm of a size which may be concealed upon the person, unless the buyer, borrower or person receiving such weapon shall first obtain and deliver to, and the same be demanded and received by, the seller, loaner, or person delivering such weapon, within thirty days after the issuance thereof, a permit authorizing such person to acquire such weapon.""",NA,MO1026
Missouri,MO,29,2024,0,prohibited possessor,mental health : adjudicated as mentally incompetent//incapacitated/disabled,handgun and long gun,NA,NA,NA,NA,MO1038
Missouri,MO,29,2024,1,prohibited possessor,mental health : adjudicated as mentally incompetent//incapacitated/disabled,handgun and long gun,NA,NA,NA,NA,MO1039
Missouri,MO,29,2024,1,registration,required,handgun,NA,NA,NA,NA,MO1045
Missouri,MO,29,2024,0,background checks,sales from dealer : federal,handgun,NA,NA,Part of the 1994 Brady Handgun Violence Prevention Act (Interim provisions),NA,MO1046
Missouri,MO,29,2024,1,background checks,sales from dealer : federal,handgun and long gun,NA,NA,The National Instant Criminal Background Check System (NICS) was created in 1998. The Brady Act's interim provisions  requiring background checks for handguns were struck down and replaced with the requirement to conduct background checks on all dealer sales.,NA,MO1047
Missouri,MO,29,2024,0,castle doctrine,traditional,handgun and long gun,NA,NA,NA,NA,MO1051
Missouri,MO,29,2024,1,firearms in college/university,public and private : CCW not allowed,handgun,NA,NA,Exception for consent of governing bodies.,NA,MO1056
Missouri,MO,29,2024,1,local laws preempted by state,comprehensive,handgun and long gun,NA,NA,"Exceptions: 3. (1) Except as provided in subdivision (2) of this subsection, nothing contained in this section shall prohibit any ordinance of any political subdivision which conforms exactly with any of the provisions of sections 571.010 to 571.070, with appropriate penalty provisions, or which regulates the open carrying of firearms readily capable of lethal use or the discharge of firearms within a jurisdiction, provided such ordinance complies with the provisions of section 252.243. No ordinance shall be construed to preclude the use of a firearm in the defense of person or property, subject to the provisions of chapter 563.",NA,MO1058
Missouri,MO,29,2024,1,castle doctrine,stand your ground,handgun and long gun,NA,NA,NA,NA,MO1061
Missouri,MO,29,2024,1,firearms in K-12 educational settings,school personnel other than peace officers,handgun and long gun,NA,NA,NA,NA,MO1062
Missouri,MO,29,2024,0,firearm sales restrictions,assault weapons ban — Federal,handgun and long gun,NA,NA,"This subtitle and the amendments made by this subtitle—
<< 18 USCA § 921 NOTE >>
(1) shall take effect on the date of the enactment of this Act; and
(2) are repealed effective as of the date that is 10 years after that date.",NA,MO1063
Missouri,MO,29,2024,0,firearm sales restrictions,ban on high capacity magazines – federal,handgun and long gun,NA,NA,"This subtitle and the amendments made by this subtitle—
<< 18 USCA § 921 NOTE >>
(1) shall take effect on the date of the enactment of this Act; and
(2) are repealed effective as of the date that is 10 years after that date.",NA,MO1065
Missouri,MO,29,2024,1,gun trafficking,straw purchase - buyer liability,handgun and long gun,NA,NA,NA,NA,MO1066
Missouri,MO,29,2024,1,minimum age,minimum age purchase - federal,long gun,21,NA,NA,NA,MO1067
Missouri,MO,29,2024,1,minimum age,minimum age purchase - federal,handgun,18,NA,NA,NA,MO1068
Missouri,MO,29,2024,1,minimum age,minimum age possession - federal,handgun,18,NA,NA,NA,MO1069
Missouri,MO,29,2024,0,permit to purchase,required,handgun,NA,NA,"Originally enacted prior to 1949 as Mo. Rev. Stat. § 640.30, then transferred in 1978 to 571.125, which was repealed in 1981.",NA,MO1070
Missouri,MO,29,2024,1,permit to purchase,required,handgun,NA,NA,NA,NA,MO1071
Missouri,MO,29,2024,0,carrying a concealed weapon (ccw),shall issue,handgun,NA,NA,NA,NA,MO1072
Mississippi,MS,28,2024,0,carrying a concealed weapon (ccw),prohibited,handgun,NA,NA,NA,NA,MS1003
Mississippi,MS,28,2024,0,carrying a concealed weapon (ccw),shall issue,handgun,NA,NA,NA,NA,MS1004
Mississippi,MS,28,2024,1,carrying a concealed weapon (ccw),shall issue (permit not required),handgun,NA,NA,"The purse exception was added in 2015; the holster exception in 2016. This is effectively constitutional carry, if carried in the specified ways (e.g., wouldn't allow permitless carry in ankle holster) and not in prohibited locations (see Miss. Code Ann. § 45-9-101(13)).",NA,MS1005
Mississippi,MS,28,2024,0,castle doctrine,traditional,handgun and long gun,NA,NA,NA,NA,MS1006
Mississippi,MS,28,2024,1,castle doctrine,stand your ground,handgun and long gun,NA,NA,NA,NA,MS1007
Mississippi,MS,28,2024,1,child access laws,"intentional, reckless, or knowing provision",handgun,NA,NA,NA,NA,MS1009
Mississippi,MS,28,2024,1,minimum age,youth possession,handgun,18,NA,NA,NA,MS1011
Mississippi,MS,28,2024,1,minimum age,purchase and sale,long gun,18,NA,NA,NA,MS1013
Mississippi,MS,28,2024,1,minimum age,purchase and sale,handgun,18,NA,NA,NA,MS1023
Mississippi,MS,28,2024,0,background checks,sales from dealer : federal,handgun,NA,NA,Part of the 1994 Brady Handgun Violence Prevention Act (Interim provisions),NA,MS1031
Mississippi,MS,28,2024,1,background checks,sales from dealer : federal,handgun and long gun,NA,NA,The National Instant Criminal Background Check System (NICS) was created in 1998. The Brady Act's interim provisions  requiring background checks for handguns were struck down and replaced with the requirement to conduct background checks on all dealer sales.,NA,MS1032
Mississippi,MS,28,2024,0,castle doctrine,traditional,handgun and long gun,NA,NA,NA,NA,MS1036
Mississippi,MS,28,2024,0,waiting period,federal,handgun,NA,5,"In general, the waiting period applies only in states without an acceptable alternate system of conducting background checks on handgun purchasers. The interim provisions of the Brady Law became effective on February 28, 1994, and ceased to apply on November 30, 1998.",NA,MS1038
Mississippi,MS,28,2024,1,waiting period,federal,handgun,NA,NA,NA,NA,MS1039
Mississippi,MS,28,2024,1,firearms in college/university,public and private : CCW allowed,handgun,NA,NA,Requires an enhanced carry permit.,NA,MS1042
Mississippi,MS,28,2024,1,firearms in college/university,public and private : CCW not allowed,handgun,NA,NA,NA,NA,MS1043
Mississippi,MS,28,2024,1,firearms in college/university,public and private : possession prohibited,handgun,NA,NA,NA,NA,MS1044
Mississippi,MS,28,2024,1,firearms in college/university,public and private : possession prohibited,long gun,NA,NA,NA,NA,MS1045
Mississippi,MS,28,2024,1,local laws preempted by state,comprehensive,handgun and long gun,NA,NA,"Law effective 7/1/2014 added ""carrying"", and added further sanction: civil liability.

Mississippi Code Annotated section 45-9-53(1)  exceptions:  (1) This section and Section 45-9-51 do not affect the authority that a county or municipality may have under another law:

(a) To require citizens or public employees to be armed for personal or national defense, law enforcement, or another lawful purpose;

(b) To regulate the discharge of firearms within the limits of the county or municipality. A county or municipality may not apply a regulation relating to the discharge of firearms or other weapons in the extraterritorial jurisdiction of the county or municipality or in an area annexed by the county or municipality after September 1, 1981, if the firearm or other weapon is:

(i) A shotgun, air rifle or air pistol, BB gun or bow and arrow discharged:

1. On a tract of land of ten (10) acres or more and more than one hundred fifty (150) feet from a residence or occupied building located on another property; and

2. In a manner not reasonably expected to cause a projectile to cross the boundary of the tract; or

(ii) A center fire or rim fire rifle or pistol or a muzzle-loading rifle or pistol of any caliber discharged:

1. On a tract of land of fifty (50) acres or more and more than three hundred (300) feet from a residence or occupied building located on another property; and

2. In a manner not reasonably expected to cause a projectile to cross the boundary of the tract;

(c) To regulate the use of property or location of businesses for uses therein pursuant to fire code, zoning ordinances, or land-use regulations, so long as such codes, ordinances and regulations are not used to circumvent the intent of Section 45-9-51 or paragraph (e) of this subsection;",NA,MS1047
Mississippi,MS,28,2024,0,firearm sales restrictions,ban on high capacity magazines – federal,handgun and long gun,NA,NA,"This subtitle and the amendments made by this subtitle—
<< 18 USCA § 921 NOTE >>
(1) shall take effect on the date of the enactment of this Act; and
(2) are repealed effective as of the date that is 10 years after that date.",NA,MS1050
Mississippi,MS,28,2024,1,firearms in K-12 educational settings,school personnel other than peace officers,handgun and long gun,NA,NA,NA,NA,MS1051
Mississippi,MS,28,2024,1,local laws preempted by state,comprehensive - punitive,handgun and long gun,NA,NA,"Law effective 7/1/2014 added ""carrying"", and added further sanction: civil liability.

Mississippi Code Annotated section 45-9-53(1)  exceptions:  (1) This section and Section 45-9-51 do not affect the authority that a county or municipality may have under another law:

(a) To require citizens or public employees to be armed for personal or national defense, law enforcement, or another lawful purpose;

(b) To regulate the discharge of firearms within the limits of the county or municipality. A county or municipality may not apply a regulation relating to the discharge of firearms or other weapons in the extraterritorial jurisdiction of the county or municipality or in an area annexed by the county or municipality after September 1, 1981, if the firearm or other weapon is:

(i) A shotgun, air rifle or air pistol, BB gun or bow and arrow discharged:

1. On a tract of land of ten (10) acres or more and more than one hundred fifty (150) feet from a residence or occupied building located on another property; and

2. In a manner not reasonably expected to cause a projectile to cross the boundary of the tract; or

(ii) A center fire or rim fire rifle or pistol or a muzzle-loading rifle or pistol of any caliber discharged:

1. On a tract of land of fifty (50) acres or more and more than three hundred (300) feet from a residence or occupied building located on another property; and

2. In a manner not reasonably expected to cause a projectile to cross the boundary of the tract;

(c) To regulate the use of property or location of businesses for uses therein pursuant to fire code, zoning ordinances, or land-use regulations, so long as such codes, ordinances and regulations are not used to circumvent the intent of Section 45-9-51 or paragraph (e) of this subsection;",NA,MS1052
Mississippi,MS,28,2024,1,minimum age,minimum age purchase - federal,long gun,21,NA,NA,NA,MS1053
Mississippi,MS,28,2024,1,minimum age,minimum age purchase - federal,handgun,18,NA,NA,NA,MS1054
Mississippi,MS,28,2024,1,minimum age,minimum age possession - federal,handgun,18,NA,NA,NA,MS1055
Mississippi,MS,28,2024,0,firearm sales restrictions,assault weapons ban — Federal,handgun and long gun,NA,NA,"This subtitle and the amendments made by this subtitle—
<< 18 USCA § 921 NOTE >>
(1) shall take effect on the date of the enactment of this Act; and
(2) are repealed effective as of the date that is 10 years after that date.",NA,MS1056
Montana,MT,30,2024,0,carrying a concealed weapon (ccw),may issue,handgun,NA,NA,NA,NA,MT1003
Montana,MT,30,2024,0,carrying a concealed weapon (ccw),shall issue,handgun,NA,NA,NA,NA,MT1004
Montana,MT,30,2024,0,castle doctrine,expanded 2,handgun and long gun,NA,NA,"Categorized as expanded 2 because of the term ""occupied structure"" instead of a more specific owned dwelling",NA,MT1005
Montana,MT,30,2024,1,castle doctrine,stand your ground,handgun and long gun,NA,NA,NA,NA,MT1006
Montana,MT,30,2024,1,minimum age,youth possession,handgun,14,NA,"About carrying and using firearms, not ""possession.""",NA,MT1009
Montana,MT,30,2024,1,prohibited possessor,dvro ex parte : expanded,handgun and long gun,NA,NA,"This law allows for the judge's discretion about whether to bar the defendant from owning, possessing, or purchasing firearms. The Montana law gives all discretion to the judge and the firearm removed must be the same firearm used in an actual assault. The limitations on partners being of the opposite sex was lifted in 2013.",NA,MT1026
Montana,MT,30,2024,0,background checks,sales from dealer : federal,handgun,NA,NA,Part of the 1994 Brady Handgun Violence Prevention Act (Interim provisions),NA,MT1033
Montana,MT,30,2024,1,background checks,sales from dealer : federal,handgun and long gun,NA,NA,The National Instant Criminal Background Check System (NICS) was created in 1998. The Brady Act's interim provisions  requiring background checks for handguns were struck down and replaced with the requirement to conduct background checks on all dealer sales.,NA,MT1034
Montana,MT,30,2024,0,castle doctrine,traditional,handgun and long gun,NA,NA,NA,NA,MT1039
Montana,MT,30,2024,0,waiting period,federal,handgun,NA,5,"In general, the waiting period applies only in states without an acceptable alternate system of conducting background checks on handgun purchasers. The interim provisions of the Brady Law became effective on February 28, 1994, and ceased to apply on November 30, 1998.",NA,MT1040
Montana,MT,30,2024,1,waiting period,federal,handgun,NA,NA,NA,NA,MT1041
Montana,MT,30,2024,1,firearm removal at scene of domestic violence,required,handgun and long gun,NA,NA,NA,NA,MT1042
Montana,MT,30,2024,1,local laws preempted by state,comprehensive,handgun and long gun,NA,R218,"1991 amendment added ""concealed handgun.""

Exception: (2)(a) For public safety purposes, a city or town may regulate the discharge of rifles, shotguns, and handguns. A county, city, town, consolidated local government, or other local government unit has power to prevent and suppress the carrying of concealed or unconcealed weapons to a public assembly, publicly owned building, park under its jurisdiction, or school, and the possession of firearms by convicted felons, adjudicated mental incompetents, illegal aliens, and minors.",NA,MT1045
Montana,MT,30,2024,0,firearm sales restrictions,ban on high capacity magazines – federal,handgun and long gun,NA,NA,"This subtitle and the amendments made by this subtitle—
<< 18 USCA § 921 NOTE >>
(1) shall take effect on the date of the enactment of this Act; and
(2) are repealed effective as of the date that is 10 years after that date.",NA,MT1049
Montana,MT,30,2024,1,minimum age,minimum age purchase - federal,long gun,21,NA,NA,NA,MT1050
Montana,MT,30,2024,1,minimum age,minimum age purchase - federal,handgun,18,NA,NA,NA,MT1051
Montana,MT,30,2024,1,minimum age,minimum age possession - federal,handgun,18,NA,NA,NA,MT1052
Montana,MT,30,2024,1,carrying a concealed weapon (ccw),shall issue (permit not required),handgun,NA,NA,NA,NA,MT1053
Montana,MT,30,2024,0,firearm sales restrictions,assault weapons ban — Federal,handgun and long gun,NA,NA,"This subtitle and the amendments made by this subtitle—
<< 18 USCA § 921 NOTE >>
(1) shall take effect on the date of the enactment of this Act; and
(2) are repealed effective as of the date that is 10 years after that date.",NA,MT1054
North Carolina,NC,37,2024,0,background checks,permit to purchase,handgun,NA,NA,CCW permit is also valid.,NA,NC1001
North Carolina,NC,37,2024,0,background checks,sales from dealer,handgun,NA,NA,NA,NA,NC1003
North Carolina,NC,37,2024,0,carrying a concealed weapon (ccw),prohibited,handgun,NA,NA,NA,NA,NC1005
North Carolina,NC,37,2024,1,carrying a concealed weapon (ccw),shall issue,handgun,NA,NA,NA,NA,NC1006
North Carolina,NC,37,2024,0,castle doctrine,traditional,handgun and long gun,NA,NA,NA,NA,NC1007
North Carolina,NC,37,2024,1,castle doctrine,stand your ground,handgun and long gun,NA,NA,NA,NA,NC1008
North Carolina,NC,37,2024,1,child access laws,negligent storage,handgun and long gun,NA,NA,NA,NA,NC1010
North Carolina,NC,37,2024,0,dealer license,state license requirement,long gun,NA,NA,NA,NA,NC1011
North Carolina,NC,37,2024,1,dealer license,state license requirement,long gun,NA,NA,NA,NA,NC1012
North Carolina,NC,37,2024,0,permit to purchase,maximum waiting period,handgun,NA,NA,NA,NA,NC1013
North Carolina,NC,37,2024,1,minimum age,youth possession,handgun,18,NA,NA,NA,NC1014
North Carolina,NC,37,2024,1,minimum age,purchase and sale,handgun,18,NA,NA,NA,NC1016
North Carolina,NC,37,2024,0,waiting period,Waiting Periods: De facto (permit required),handgun,NA,10,"de facto (permit required)”: The law does not require that permits are issued with a delay, but in practice they may take weeks to obtain, so we treat this as a de facto waiting period for handguns, and arbitrarily set the length of the waiting period to 10 days.",NA,NC1022
North Carolina,NC,37,2024,0,permit to purchase,maximum waiting period,handgun,NA,NA,NA,NA,NC1024
North Carolina,NC,37,2024,0,dealer license,state license requirement,handgun,NA,NA,NA,NA,NC1028
North Carolina,NC,37,2024,1,dealer license,state license requirement,handgun,NA,NA,NA,NA,NC1029
North Carolina,NC,37,2024,1,prohibited possessor,mental health : adjudicated as mentally incompetent//incapacitated/disabled,handgun,NA,NA,(g) An applicant shall not be ineligible to receive a permit under subdivision (c)(4) of this section because of involuntary commitment to mental health services if the individual's rights have been restored under G.S. 14-409.42.,NA,NC1031
North Carolina,NC,37,2024,1,prohibited possessor,mental health : committed to mh facility,handgun,NA,NA,(g) An applicant shall not be ineligible to receive a permit under subdivision (c)(4) of this section because of involuntary commitment to mental health services if the individual's rights have been restored under G.S. 14-409.42.,NA,NC1032
North Carolina,NC,37,2024,1,prohibited possessor,dvro : expanded,handgun and long gun,NA,NA,"This law allows for the judge's discretion about whether to bar the defendant from owning, possessing, or purchasing firearms. This law includes a firearm surrender requirement. This law excludes same sex couples.",NA,NC1033
North Carolina,NC,37,2024,1,prohibited possessor,dvro ex parte : expanded,handgun and long gun,NA,NA,"This law allows for the judge's discretion about whether to bar the defendant from owning, possessing, or purchasing firearms. This law includes a firearm surrender requirement. This law excludes same sex couples",NA,NC1034
North Carolina,NC,37,2024,0,background checks,sales from dealer : federal,handgun,NA,NA,Part of the 1994 Brady Handgun Violence Prevention Act (Interim provisions),NA,NC1041
North Carolina,NC,37,2024,1,background checks,sales from dealer : federal,handgun and long gun,NA,NA,The National Instant Criminal Background Check System (NICS) was created in 1998. The Brady Act's interim provisions  requiring background checks for handguns were struck down and replaced with the requirement to conduct background checks on all dealer sales.,NA,NC1042
North Carolina,NC,37,2024,0,background checks,private sales : point of sale,handgun,NA,NA,"NC had the handgun permitting system since 1919, but it was not until this law that it explicitly required a background check to obtain a permit",NA,NC1046
North Carolina,NC,37,2024,1,firearms in college/university,public and private : CCW not allowed,handgun,NA,NA,"Exception for employees - may keep at residence or locked vehicle, everyone else - vehicles.
Carrying in general not allowed, and no special exemption allowed for CCW permit holders.",NA,NC1048
North Carolina,NC,37,2024,1,firearms in college/university,public and private : possession prohibited,handgun,NA,NA,NA,NA,NC1049
North Carolina,NC,37,2024,1,firearms in college/university,public and private : possession prohibited,long gun,NA,NA,NA,NA,NC1050
North Carolina,NC,37,2024,1,local laws preempted by state,comprehensive,handgun and long gun,NA,NA,"Exceptions: (c) Notwithstanding subsection (b) of this section, a county or municipality, by zoning or other ordinance, may regulate or prohibit the sale of firearms at a location only if there is a lawful, general, similar regulation or prohibition of commercial activities at that location. Nothing in this subsection shall restrict the right of a county or municipality to adopt a general zoning plan that prohibits any commercial activity within a fixed distance of a school or other educational institution except with a special use permit issued for a commercial activity found not to pose a danger to the health, safety, or general welfare of persons attending the school or educational institution within the fixed distance.

(d) No county or municipality, by zoning or other ordinance, shall regulate in any manner firearms shows with regulations more stringent than those applying to shows of other types of items.

(e) A county or municipality may regulate the transport, carrying, or possession of firearms by employees of the local unit of government in the course of their employment with that local unit of government.

(f) Nothing contained in this section prohibits municipalities or counties from application of their authority under G.S. 153A-129, 160A-189, 14-269, 14-269.2, 14-269.3, 14-269.4, 14-277.2, 14-415.11, 14-415.23, including prohibiting the possession of firearms in public-owned buildings, on the grounds or parking areas of those buildings, or in public parks or recreation areas, except nothing in this subsection shall prohibit a person from storing a firearm within a motor vehicle while the vehicle is on these grounds or areas. Nothing contained in this section prohibits municipalities or counties from exercising powers provided by law in states of emergency declared under Article 1A of Chapter 166A of the General Statutes.",NA,NC1052
North Carolina,NC,37,2024,1,background checks,sales from dealer,handgun,NA,NA,NA,NA,NC1057
North Carolina,NC,37,2024,1,background checks,permit to purchase,handgun,NA,NA,NA,NA,NC1058
North Carolina,NC,37,2024,1,background checks,private sales : point of sale,handgun,NA,NA,NA,NA,NC1059
North Carolina,NC,37,2024,1,firearm removal at scene of domestic violence,authorized,handgun and long gun,NA,NA,NA,NA,NC1060
North Carolina,NC,37,2024,0,firearm sales restrictions,assault weapons ban — Federal,handgun and long gun,NA,NA,"This subtitle and the amendments made by this subtitle—
<< 18 USCA § 921 NOTE >>
(1) shall take effect on the date of the enactment of this Act; and
(2) are repealed effective as of the date that is 10 years after that date.",NA,NC1061
North Carolina,NC,37,2024,0,firearm sales restrictions,ban on high capacity magazines – federal,handgun and long gun,NA,NA,"This subtitle and the amendments made by this subtitle—
<< 18 USCA § 921 NOTE >>
(1) shall take effect on the date of the enactment of this Act; and
(2) are repealed effective as of the date that is 10 years after that date.",NA,NC1063
North Carolina,NC,37,2024,1,local laws preempted by state,comprehensive - punitive,handgun and long gun,NA,NA,"Exceptions: (c) Notwithstanding subsection (b) of this section, a county or municipality, by zoning or other ordinance, may regulate or prohibit the sale of firearms at a location only if there is a lawful, general, similar regulation or prohibition of commercial activities at that location. Nothing in this subsection shall restrict the right of a county or municipality to adopt a general zoning plan that prohibits any commercial activity within a fixed distance of a school or other educational institution except with a special use permit issued for a commercial activity found not to pose a danger to the health, safety, or general welfare of persons attending the school or educational institution within the fixed distance.

(d) No county or municipality, by zoning or other ordinance, shall regulate in any manner firearms shows with regulations more stringent than those applying to shows of other types of items.

(e) A county or municipality may regulate the transport, carrying, or possession of firearms by employees of the local unit of government in the course of their employment with that local unit of government.

(f) Nothing contained in this section prohibits municipalities or counties from application of their authority under G.S. 153A-129, 160A-189, 14-269, 14-269.2, 14-269.3, 14-269.4, 14-277.2, 14-415.11, 14-415.23, including prohibiting the possession of firearms in public-owned buildings, on the grounds or parking areas of those buildings, or in public parks or recreation areas, except nothing in this subsection shall prohibit a person from storing a firearm within a motor vehicle while the vehicle is on these grounds or areas. Nothing contained in this section prohibits municipalities or counties from exercising powers provided by law in states of emergency declared under Article 1A of Chapter 166A of the General Statutes.",NA,NC1064
North Carolina,NC,37,2024,1,minimum age,minimum age purchase - federal,long gun,21,NA,NA,NA,NC1065
North Carolina,NC,37,2024,1,minimum age,minimum age purchase - federal,handgun,18,NA,NA,NA,NC1066
North Carolina,NC,37,2024,1,minimum age,minimum age possession - federal,handgun,18,NA,NA,NA,NC1067
North Carolina,NC,37,2024,0,permit to purchase,required,handgun,NA,NA,NA,NA,NC1068
North Carolina,NC,37,2024,1,permit to purchase,maximum waiting period,handgun,NA,NA,NA,NA,NC1069
North Carolina,NC,37,2024,1,waiting period,Waiting Periods: De facto (permit required),handgun,NA,10,"de facto (permit required)”: The law does not require that permits are issued with a delay, but in practice they may take weeks to obtain, so we treat this as a de facto waiting period for handguns, and arbitrarily set the length of the waiting period to 10 days.",NA,NC1070
North Dakota,ND,38,2024,0,carrying a concealed weapon (ccw),prohibited,handgun,NA,NA,Unclear what year this law was first implemented.,NA,ND1003
North Dakota,ND,38,2024,0,carrying a concealed weapon (ccw),shall issue,handgun,NA,NA,"Lott and Mustard (1997) characterize North Dakota as becoming ""shall issue"" in 1997, but Vernick and Hepburn (2003) use 1985, and we agree.







Lott, J. R., and D. B. Mustard, ‚”Crime, Deterrence, and Right-to-Carry Concealed Handguns,” Journal of Legal Studies, Vol. 26, No. 1, 1997, pp. 1‚“68.",NA,ND1004
North Dakota,ND,38,2024,0,castle doctrine,expanded 1,handgun and long gun,NA,NA,"In 2007, added vehicle to places where there is no duty to retreat.",NA,ND1005
North Dakota,ND,38,2024,1,minimum age,youth possession,handgun,18,NA,NA,NA,ND1008
North Dakota,ND,38,2024,1,minimum age,purchase and sale,handgun,18,NA,N.D. Cent. Code §14-10-01 defines minor as under 18.,NA,ND1010
North Dakota,ND,38,2024,1,open carry,limited,handgun,NA,NA,NA,NA,ND1013
North Dakota,ND,38,2024,1,prohibited possessor,mental health : committed to mh facility,handgun and long gun,NA,NA,"A person committed to MH facility may havethe petition that provided the basis for the diagnosis, confinement, or commitment dismissed. In addition, this limitation does not apply to a person who has not suffered from the disability for the previous three years or who has successfully petitioned for relief under section 62.1-02-01.2.",NA,ND1023
North Dakota,ND,38,2024,1,prohibited possessor,dvro : expanded,handgun and long gun,NA,NA,"This law allows for the judge's discretion about whether to bar the defendant from owning, possessing, or purchasing firearms. This law includes a firearm surrender requirement.",NA,ND1024
North Dakota,ND,38,2024,1,prohibited possessor,dvro ex parte : expanded,handgun and long gun,NA,NA,"This law allows for the judge's discretion about whether to bar the defendant from owning, possessing, or purchasing firearms. This law includes a firearm surrender requirement.",NA,ND1025
North Dakota,ND,38,2024,1,carrying a concealed weapon (ccw),shall issue (permit not required),handgun,NA,NA,NA,NA,ND1027
North Dakota,ND,38,2024,0,background checks,sales from dealer : federal,handgun,NA,NA,Part of the 1994 Brady Handgun Violence Prevention Act (Interim provisions),NA,ND1033
North Dakota,ND,38,2024,1,background checks,sales from dealer : federal,handgun and long gun,NA,NA,The National Instant Criminal Background Check System (NICS) was created in 1998. The Brady Act's interim provisions  requiring background checks for handguns were struck down and replaced with the requirement to conduct background checks on all dealer sales.,NA,ND1034
North Dakota,ND,38,2024,0,castle doctrine,traditional,handgun and long gun,NA,NA,NA,NA,ND1039
North Dakota,ND,38,2024,0,waiting period,federal,handgun,NA,5,"In general, the waiting period applies only in states without an acceptable alternate system of conducting background checks on handgun purchasers. The interim provisions of the Brady Law became effective on February 28, 1994, and ceased to apply on November 30, 1998.",NA,ND1040
North Dakota,ND,38,2024,1,waiting period,federal,handgun,NA,NA,NA,NA,ND1041
North Dakota,ND,38,2024,1,local laws preempted by state,comprehensive,handgun and long gun,NA,NA,NA,NA,ND1045
North Dakota,ND,38,2024,1,gun trafficking,straw purchase - buyer liability,handgun and long gun,NA,NA,Prohibited posessor,NA,ND1048
North Dakota,ND,38,2024,0,castle doctrine,expanded 1,handgun and long gun,NA,NA,NA,NA,ND1050
North Dakota,ND,38,2024,1,firearm removal at scene of domestic violence,authorized,handgun and long gun,NA,NA,NA,NA,ND1051
North Dakota,ND,38,2024,0,firearm sales restrictions,assault weapons ban — Federal,handgun and long gun,NA,NA,"This subtitle and the amendments made by this subtitle—
<< 18 USCA § 921 NOTE >>
(1) shall take effect on the date of the enactment of this Act; and
(2) are repealed effective as of the date that is 10 years after that date.",NA,ND1052
North Dakota,ND,38,2024,0,firearm sales restrictions,ban on high capacity magazines – federal,handgun and long gun,NA,NA,"This subtitle and the amendments made by this subtitle—
<< 18 USCA § 921 NOTE >>
(1) shall take effect on the date of the enactment of this Act; and
(2) are repealed effective as of the date that is 10 years after that date.",NA,ND1054
North Dakota,ND,38,2024,1,minimum age,minimum age purchase - federal,long gun,21,NA,NA,NA,ND1055
North Dakota,ND,38,2024,1,minimum age,minimum age purchase - federal,handgun,18,NA,NA,NA,ND1056
North Dakota,ND,38,2024,1,minimum age,minimum age possession - federal,handgun,18,NA,NA,NA,ND1057
North Dakota,ND,38,2024,1,prohibited possessor,violent misdemeanor limited,handgun and long gun,NA,NA,Approved 4/27/11; confirmed in Westlaw,NA,ND1058
North Dakota,ND,38,2024,1,castle doctrine,stand your ground,handgun and long gun,NA,NA,NA,NA,ND1059
Nebraska,NE,31,2024,1,background checks,permit to purchase,handgun,NA,NA,Exception for holders of CCW permits.,NA,NE1001
Nebraska,NE,31,2024,1,background checks,sales from dealer,handgun,NA,NA,NA,NA,NE1003
Nebraska,NE,31,2024,0,carrying a concealed weapon (ccw),prohibited,handgun,NA,NA,Unclear what year this law was first implemented.,NA,NE1005
Nebraska,NE,31,2024,0,carrying a concealed weapon (ccw),shall issue,handgun,NA,NA,NA,NA,NE1006
Nebraska,NE,31,2024,0,permit to purchase,maximum waiting period,handgun,NA,NA,NA,Vernick and Hepburn (2003) citation is slightly wrong.,NE1009
Nebraska,NE,31,2024,1,minimum age,youth possession,handgun,18,NA,NA,NA,NE1010
Nebraska,NE,31,2024,0,minimum age,purchase and sale,handgun,21,NA,Applies only to purchases from unlicensed sellers.,NA,NE1012
Nebraska,NE,31,2024,1,minimum age,purchase and sale,long gun,18,NA,Neb. Rev. Stat. § 28-1201 defines juvenile as 18 or under.,NA,NE1013
Nebraska,NE,31,2024,1,permit to purchase,required,handgun,NA,NA,NA,NA,NE1020
Nebraska,NE,31,2024,1,minimum age,purchase and sale,handgun,18,NA,Neb. Rev. Stat. § 28-1201 defines juvenile as 18 or under.,NA,NE1025
Nebraska,NE,31,2024,1,permit to purchase,maximum waiting period,handgun,NA,NA,NA,NA,NE1027
Nebraska,NE,31,2024,1,prohibited possessor,dvro ex parte : expanded,handgun and long gun,NA,NA,"This law allows for the judge's discretion about whether to bar the defendant from owning, possessing, or purchasing firearms.",NA,NE1029
Nebraska,NE,31,2024,0,background checks,sales from dealer : federal,handgun,NA,NA,Part of the 1994 Brady Handgun Violence Prevention Act (Interim provisions),NA,NE1036
Nebraska,NE,31,2024,1,background checks,sales from dealer : federal,handgun and long gun,NA,NA,The National Instant Criminal Background Check System (NICS) was created in 1998. The Brady Act's interim provisions  requiring background checks for handguns were struck down and replaced with the requirement to conduct background checks on all dealer sales.,NA,NE1037
Nebraska,NE,31,2024,1,castle doctrine,expanded 1,handgun and long gun,NA,NA,NA,NA,NE1042
Nebraska,NE,31,2024,0,castle doctrine,traditional,handgun and long gun,NA,NA,NA,NA,NE1043
Nebraska,NE,31,2024,1,background checks,private sales : point of sale,handgun,NA,NA,NA,NA,NE1044
Nebraska,NE,31,2024,1,firearm removal at scene of domestic violence,required,handgun and long gun,NA,NA,NA,NA,NE1045
Nebraska,NE,31,2024,1,firearms in college/university,public and private : possession prohibited,handgun,NA,NA,School not defined until 2009 amendment.,NA,NE1047
Nebraska,NE,31,2024,1,firearms in college/university,public and private : CCW not allowed,handgun,NA,NA,"Carrying in general not allowed, and no special exemption allowed for CCW permit holders.

Exception for vehicles. "" (h) a handgun carried as a concealed handgun by a valid holder of a permit issued under the Concealed Handgun Permit Act in a vehicle or on his or her person while riding in or on a vehicle into or onto any parking area, which is open to the public and used by a school if, prior to exiting the vehicle, the handgun is locked inside the glove box, trunk, or other compartment of the vehicle, a storage box securely attached to the vehicle, or, if the vehicle is a motorcycle, other than an autocycle, a hardened compartment securely attached to the motorcycle while the vehicle is in or on such parking area, except as prohibited by federal law.""",NA,NE1048
Nebraska,NE,31,2024,1,firearms in college/university,public and private : possession prohibited,long gun,NA,NA,School not defined until 2009 amendment.,NA,NE1049
Nebraska,NE,31,2024,1,local laws preempted by state,limited,handgun,NA,NA,"In a law effective 7/15/2010, Nebraska clarified that cities and villages are also prohibited from requiring the registration of a concealed handgun owned, possessed, or transported by a holder of a concealed carry permit.",NA,NE1051
Nebraska,NE,31,2024,1,waiting period,Waiting Periods: De facto (permit required),handgun,NA,10,"de facto (permit required)”: The law does not require that permits are issued with a delay, but in practice they may take weeks to obtain, so we treat this as a de facto waiting period for handguns, and arbitrarily set the length of the waiting period to 10 days.",NA,NE1054
Nebraska,NE,31,2024,0,carrying a concealed weapon (ccw),may issue,handgun,NA,NA,NA,NA,NE1055
Nebraska,NE,31,2024,1,carrying a concealed weapon (ccw),shall issue (permit not required),handgun,NA,NA,Formerly cited as NE ST § 69-2441,NA,NE1056
Nebraska,NE,31,2024,0,firearm sales restrictions,assault weapons ban — Federal,handgun and long gun,NA,NA,"This subtitle and the amendments made by this subtitle—
<< 18 USCA § 921 NOTE >>
(1) shall take effect on the date of the enactment of this Act; and
(2) are repealed effective as of the date that is 10 years after that date.",NA,NE1057
Nebraska,NE,31,2024,0,firearm sales restrictions,ban on high capacity magazines – federal,handgun and long gun,NA,NA,"This subtitle and the amendments made by this subtitle—
<< 18 USCA § 921 NOTE >>
(1) shall take effect on the date of the enactment of this Act; and
(2) are repealed effective as of the date that is 10 years after that date.",NA,NE1059
Nebraska,NE,31,2024,1,minimum age,minimum age purchase - federal,long gun,21,NA,NA,NA,NE1060
Nebraska,NE,31,2024,1,minimum age,minimum age purchase - federal,handgun,18,NA,NA,NA,NE1061
Nebraska,NE,31,2024,1,minimum age,minimum age possession - federal,handgun,18,NA,NA,NA,NE1062
New Hampshire,NH,33,2024,0,background checks,sales from dealer,handgun,NA,NA,"Repealed in 1998, but N.H. Rev. Stat. § 159-D:1 says, ""The department of safety may become the point of contact for the federal government for the purposes of the National Instant Criminal Background Check System (NICS).""",NA,NH1002
New Hampshire,NH,33,2024,0,carrying a concealed weapon (ccw),shall issue,handgun,NA,NA,NA,NA,NH1004
New Hampshire,NH,33,2024,0,castle doctrine,traditional,handgun and long gun,NA,NA,NA,NA,NH1005
New Hampshire,NH,33,2024,1,castle doctrine,stand your ground,handgun and long gun,NA,NA,NA,NA,NH1006
New Hampshire,NH,33,2024,1,child access laws,negligent storage,handgun and long gun,NA,NA,NA,NA,NH1008
New Hampshire,NH,33,2024,1,dealer license,state license requirement,handgun,NA,NA,"Also applies to assault weapons. AMENDMENTS--1991. Substituted ""director of the division of state police"" for ""secretary of state"" preceding ""effective"" in the introductory paragraph.



 



--1981. Paragraph III: Substituted ""revolver, or other firearm"" for ""or revolver"" following ""pistol"" and deleted ""unless he has a permit as required by RSA 159:7"" following ""felony"".



 



--1979. Paragraph III: Deleted ""an unnaturalized foreign-born person or"" preceding ""a person"".



 



--1967. Paragraph I: Added ""or at any organized sporting show or arms collectors"" meeting sponsored by a chartered club or organization"" following ""license"".",NA,NH1009
New Hampshire,NH,33,2024,0,minimum age,purchase and sale,handgun,18,NA,NA,NA,NH1012
New Hampshire,NH,33,2024,1,minimum age,purchase and sale,handgun,18,NA,NA,NA,NH1013
New Hampshire,NH,33,2024,1,open carry,license required,handgun,NA,NA,Initially passed as N.H. Rev. Stat. § 159:9.,NA,NH1017
New Hampshire,NH,33,2024,1,prohibited possessor,dvro,handgun and long gun,NA,NA,This law includes a firearm surrender requirement. This law includes a discretionary firearm removal requirement.,NA,NH1026
New Hampshire,NH,33,2024,1,prohibited possessor,dvro ex parte,handgun and long gun,NA,NA,This law includes a discretionary firearm surrender requirement. This law includes a discretionary firearm removal requirement.,NA,NH1027
New Hampshire,NH,33,2024,1,carrying a concealed weapon (ccw),shall issue (permit not required),handgun,NA,NA,NA,NA,NH1029
New Hampshire,NH,33,2024,0,background checks,sales from dealer : federal,handgun,NA,NA,Part of the 1994 Brady Handgun Violence Prevention Act (Interim provisions),NA,NH1035
New Hampshire,NH,33,2024,1,background checks,sales from dealer : federal,handgun and long gun,NA,NA,The National Instant Criminal Background Check System (NICS) was created in 1998. The Brady Act's interim provisions  requiring background checks for handguns were struck down and replaced with the requirement to conduct background checks on all dealer sales.,NA,NH1036
New Hampshire,NH,33,2024,0,castle doctrine,traditional,handgun and long gun,NA,NA,NA,NA,NH1040
New Hampshire,NH,33,2024,1,waiting period,federal,handgun,NA,NA,"The interim provisions of the Brady Law became effective on February 28, 1994, and ceased to apply on 1/1/1995 because New Hampshire implemented instant background check system.",NA,NH1041
New Hampshire,NH,33,2024,0,waiting period,federal,handgun,NA,5,"In general, the waiting period applies only in states without an acceptable alternate system of conducting background checks on handgun purchasers.",NA,NH1043
New Hampshire,NH,33,2024,1,firearm removal at scene of domestic violence,required,handgun and long gun,NA,NA,NA,NA,NH1044
New Hampshire,NH,33,2024,1,local laws preempted by state,comprehensive,handgun and long gun,NA,NA,Exception: Nothing in this section shall be construed as affecting a political subdivision's right to adopt zoning ordinances for the purpose of regulating firearms or knives businesses in the same manner as other businesses or to take any action allowed under RSA 207:59.,NA,NH1047
New Hampshire,NH,33,2024,0,firearm sales restrictions,assault weapons ban — Federal,handgun and long gun,NA,NA,"This subtitle and the amendments made by this subtitle—
<< 18 USCA § 921 NOTE >>
(1) shall take effect on the date of the enactment of this Act; and
(2) are repealed effective as of the date that is 10 years after that date.",NA,NH1050
New Hampshire,NH,33,2024,0,firearm sales restrictions,ban on high capacity magazines – federal,handgun and long gun,NA,NA,"This subtitle and the amendments made by this subtitle—
<< 18 USCA § 921 NOTE >>
(1) shall take effect on the date of the enactment of this Act; and
(2) are repealed effective as of the date that is 10 years after that date.",NA,NH1052
New Hampshire,NH,33,2024,1,minimum age,minimum age purchase - federal,long gun,21,NA,NA,NA,NH1053
New Hampshire,NH,33,2024,1,minimum age,minimum age purchase - federal,handgun,18,NA,NA,NA,NH1054
New Hampshire,NH,33,2024,1,minimum age,minimum age possession - federal,handgun,18,NA,NA,NA,NH1055
New Hampshire,NH,33,2024,1,background checks,sales from dealer,handgun,NA,NA,NA,NA,NH1056
New Jersey,NJ,34,2024,1,background checks,permit to purchase,long gun,NA,NA,Firearm Purchaser ID Card requires a background check. ID card allows unlimited sales of long guns. Couldn't verify dates.  Unclear what year this law was first implemented.,NA,NJ1002
New Jersey,NJ,34,2024,1,background checks,sales from dealer,handgun,NA,NA,NA,NA,NJ1004
New Jersey,NJ,34,2024,1,background checks,sales from dealer,long gun,NA,NA,NA,NA,NJ1005
New Jersey,NJ,34,2024,0,carrying a concealed weapon (ccw),may issue,handgun,NA,NA,"See Siccardi v. State, 59 N.J. 545, 284 A.2d 533, 1971 N.J. LEXIS 215 (N.J. 1971).",NA,NJ1006
New Jersey,NJ,34,2024,1,castle doctrine,traditional,handgun and long gun,NA,NA,NA,NA,NJ1007
New Jersey,NJ,34,2024,1,child access laws,negligent storage,handgun and long gun,NA,NA,NA,NA,NJ1009
New Jersey,NJ,34,2024,1,dealer license,state license requirement,long gun,NA,NA,NA,NA,NJ1010
New Jersey,NJ,34,2024,1,firearm sales restrictions,assault weapons ban,long gun,NA,NA,List of banned weapons in N.J. Stat. Ann. § 2C:39-1.,NA,NJ1011
New Jersey,NJ,34,2024,1,permit to purchase,maximum waiting period,handgun,NA,NA,Unclear what year this law was first implemented.,NA,NJ1012
New Jersey,NJ,34,2024,1,minimum age,youth possession,handgun,21,NA,NA,NA,NJ1013
New Jersey,NJ,34,2024,1,minimum age,youth possession,long gun,18,NA,NA,NA,NJ1014
New Jersey,NJ,34,2024,1,minimum age,purchase and sale,handgun,21,NA,NA,NA,NJ1016
New Jersey,NJ,34,2024,1,minimum age,purchase and sale,long gun,18,NA,Criminalizes sale of firearms to minors. See N.J. Stat. Ann. § 2C:58-6.1 for law dealing with purchase.,NA,NJ1017
New Jersey,NJ,34,2024,1,firearm sales restrictions,one gun per month,handgun,NA,NA,NA,NA,NJ1018
New Jersey,NJ,34,2024,1,open carry,license required,handgun,NA,NA,See L.1966 c. 60 § 2A-151-41-44.,NA,NJ1020
New Jersey,NJ,34,2024,1,registration,required,handgun,NA,NA,Unclear what year this law was first implemented.,NA,NJ1022
New Jersey,NJ,34,2024,1,dealer license,state license requirement,handgun,NA,NA,NA,NA,NJ1026
New Jersey,NJ,34,2024,1,firearm sales restrictions,assault weapons ban,handgun,NA,NA,List of banned weapons in N.J. Stat. Ann. § 2C:39-1.,NA,NJ1027
New Jersey,NJ,34,2024,1,background checks,private sales : point of sale,long gun,NA,NA,Firearm Purchaser ID Card requires a background check. ID card allows unlimited sales of long guns. Couldn't verify dates.  Unclear what year this law was first implemented.,NA,NJ1028
New Jersey,NJ,34,2024,0,minimum age,youth possession,handgun,18,NA,NA,NA,NJ1029
New Jersey,NJ,34,2024,0,minimum age,purchase and sale,handgun,18,NA,"Criminalizes sale of firearms to minors. See N.J. Stat. Ann. § 2C:58-6.1 for law dealing with purchase. 1979 law, N.J. Stat. Ann. § 2C:58-6.1, added provision criminalizing purchase of firearms by minors",NA,NJ1030
New Jersey,NJ,34,2024,1,waiting period,general,handgun,NA,7,Permit law but permit required for every handgun purchase so creates waiting period.,NA,NJ1031
New Jersey,NJ,34,2024,1,waiting period,Waiting Periods: De facto (permit required),long gun,NA,10,"de facto (permit required)”: The law does not require that permits are issued with a delay, but in practice they may take weeks to obtain, so we treat this as a de facto waiting period for long guns, and arbitrarily set the length of the waiting period to 10 days.

Unclear what year this law was first implemented.",NA,NJ1032
New Jersey,NJ,34,2024,1,background checks,permit to purchase,handgun,NA,NA,NA,NA,NJ1033
New Jersey,NJ,34,2024,1,prohibited possessor,mental health : committed to mh facility,handgun and long gun,NA,NA,"No longer applies when ""he possesses a certificate of a medical doctor or psychiatrist licensed to practice in New Jersey or other satisfactory proof that he is no longer suffering from a mental disorder which interferes with or handicaps him in the handling of a firearm.""",NA,NJ1035
New Jersey,NJ,34,2024,1,prohibited possessor,dvro ex parte : expanded,handgun and long gun,NA,NA,"This law allows for the judge's discretion about whether to bar the defendant from owning, possessing, or purchasing firearms. This law includes a firearm surrender requirement as well as a discretionary removal requirement. NJ added a firearm removal requirement in 2017 with N.J. Stat. Ann. §§ 2C:25-28(j). 29(b).",NA,NJ1036
New Jersey,NJ,34,2024,1,prohibited possessor,dvro : expanded,handgun and long gun,NA,NA,This law includes a firearm surrender requirement. NJ added a firearm removal requirement in 2017 with N.J. Stat. Ann. §§ 2C:25-28(j). 29(b).,NA,NJ1037
New Jersey,NJ,34,2024,1,prohibited possessor,erpo : ex parte,handgun and long gun,NA,NA,NA,NA,NJ1041
New Jersey,NJ,34,2024,1,background checks,private sales : point of sale,handgun,NA,NA,NA,NA,NJ1042
New Jersey,NJ,34,2024,1,prohibited possessor,erpo : expanded,handgun and long gun,NA,NA,NA,NA,NJ1043
New Jersey,NJ,34,2024,0,background checks,sales from dealer : federal,handgun,NA,NA,Part of the 1994 Brady Handgun Violence Prevention Act (Interim provisions),NA,NJ1047
New Jersey,NJ,34,2024,1,background checks,sales from dealer : federal,handgun and long gun,NA,NA,The National Instant Criminal Background Check System (NICS) was created in 1998. The Brady Act's interim provisions  requiring background checks for handguns were struck down and replaced with the requirement to conduct background checks on all dealer sales.,NA,NJ1048
New Jersey,NJ,34,2024,0,castle doctrine,traditional,handgun and long gun,NA,NA,NA,NA,NJ1053
New Jersey,NJ,34,2024,1,firearm removal at scene of domestic violence,required,handgun and long gun,NA,NA,"As of 11/12/1991, police officers were allowed, but not required, to seize firearms at the scene of a domestic violence incident.",NA,NJ1054
New Jersey,NJ,34,2024,1,firearms in college/university,public and private : CCW not allowed,handgun,NA,NA,NA,NA,NJ1056
New Jersey,NJ,34,2024,1,firearms in college/university,public and private : possession prohibited,handgun,NA,NA,NA,NA,NJ1057
New Jersey,NJ,34,2024,1,firearms in college/university,public and private : possession prohibited,long gun,NA,NA,NA,NA,NJ1058
New Jersey,NJ,34,2024,1,required reporting of lost or stolen firearms,lost and stolen firearms,handgun and long gun,NA,NA,NA,NA,NJ1063
New Jersey,NJ,34,2024,1,required reporting of lost or stolen firearms,tracing firearms used in crimes,handgun and long gun,NA,NA,NA,NA,NJ1065
New Jersey,NJ,34,2024,0,required reporting of lost or stolen firearms,tracing firearms used in crimes,handgun and long gun,NA,NA,"The law does not specify if it pertains to handguns, long guns or both.",NA,NJ1066
New Jersey,NJ,34,2024,1,untraceable firearms,prohibited,handgun and long gun,NA,NA,Serial Number Requirement,NA,NJ1067
New Jersey,NJ,34,2024,1,untraceable firearms,prohibited,handgun,NA,NA,Background Check for Ammunition,NA,NJ1068
New Jersey,NJ,34,2024,1,untraceable firearms,prohibited,handgun and long gun,NA,NA,Background Check for Parts.  Note: This is for 3D printing code.,NA,NJ1069
New Jersey,NJ,34,2024,1,untraceable firearms,prohibited,handgun and long gun,NA,NA,Background Check for Assembled Firearms,NA,NJ1070
New Jersey,NJ,34,2024,1,waiting period,Waiting Periods: De facto (permit required),handgun,NA,10,"de facto (permit required)”: The law does not require that permits are issued with a delay, but in practice they may take weeks to obtain, so we treat this as a de facto waiting period for handguns, and arbitrarily set the length of the waiting period to 10 days.",NA,NJ1071
New Jersey,NJ,34,2024,1,carrying a concealed weapon (ccw),shall issue,handgun,NA,NA,"The Supreme court decision in Bruen determined that their restrictive permitting laws involving law enforcement discretion in the provision of permits was unconstitutional, so from June 23, 2022, Massachusetts has been making changes to their law that will bring it into compliance with the Bruen decision.",NA,NJ1072
New Jersey,NJ,34,2024,0,firearm sales restrictions,assault weapons ban — Federal,handgun and long gun,NA,NA,"This subtitle and the amendments made by this subtitle—
<< 18 USCA § 921 NOTE >>
(1) shall take effect on the date of the enactment of this Act; and
(2) are repealed effective as of the date that is 10 years after that date.",NA,NJ1073
New Jersey,NJ,34,2024,0,firearm sales restrictions,ban on high capacity magazines – federal,handgun and long gun,NA,NA,"This subtitle and the amendments made by this subtitle—
<< 18 USCA § 921 NOTE >>
(1) shall take effect on the date of the enactment of this Act; and
(2) are repealed effective as of the date that is 10 years after that date.",NA,NJ1075
New Jersey,NJ,34,2024,1,firearm sales restrictions,ban on high capacity magazines,handgun and long gun,NA,NA,NA,NA,NJ1076
New Jersey,NJ,34,2024,1,firearm sales restrictions,ban on high capacity magazines,handgun and long gun,NA,NA,NA,NA,NJ1077
New Jersey,NJ,34,2024,1,gun trafficking,straw purchase - buyer and seller liability,handgun and long gun,NA,NA,NA,NA,NJ1078
New Jersey,NJ,34,2024,1,local laws preempted by state,comprehensive,handgun and long gun,NA,NA,NA,NA,NJ1079
New Jersey,NJ,34,2024,1,minimum age,minimum age purchase - federal,long gun,21,NA,NA,NA,NJ1080
New Jersey,NJ,34,2024,1,minimum age,minimum age purchase - federal,handgun,18,NA,NA,NA,NJ1081
New Jersey,NJ,34,2024,1,minimum age,minimum age possession - federal,handgun,18,NA,NA,NA,NJ1082
New Jersey,NJ,34,2024,1,permit to purchase,required,long gun,NA,NA,"Permit to purchase handgun is for 90 days; for long guns, it is indefinite (as long as the person still qualifies).

Unclear what year this law was first implemented.",NA,NJ1083
New Jersey,NJ,34,2024,1,permit to purchase,required,handgun,NA,NA,NA,NA,NJ1084
New Jersey,NJ,34,2024,1,carrying a concealed weapon (ccw),shall issue,handgun,NA,NA,NA,NA,NJ1085
New Mexico,NM,35,2024,0,carrying a concealed weapon (ccw),prohibited,handgun,NA,NA,NA,NA,NM1003
New Mexico,NM,35,2024,1,carrying a concealed weapon (ccw),shall issue,handgun,NA,NA,"According to documentation relied upon by Aneja, Donohue, and Zhang (2013), ""Concealed carry banned until 2001 law, which was supposed to give out permits January 1st, 2002 (Law 2001, volume 2, page 1889). This bill never went into effect and was later struck down by the state Supreme Court. The bill allowed counties to opt-out of allowing concealed-carry weapons in their province, which is why it isn't counted as RTC earlier. A later court challenge was overturned shortly after the law was scheduled to take effect, but newspapers describing the decision noted that applications were pending for this time period and noted that the law took effect January 1st.""

The law states  it is effective starting July 1, 2003.  However, this is the date that applications were required to be available. Permits couldn’t be issued until January 1, 2004, so we treat this as the implementation date.",NA,NM1004
New Mexico,NM,35,2024,1,minimum age,youth possession,handgun,19,NA,NA,NA,NM1007
New Mexico,NM,35,2024,1,prohibited possessor,dvro,handgun and long gun,NA,NA,This law includes a firearm surrender requirement. This law includes a firearm removal requirement.,NA,NM1021
New Mexico,NM,35,2024,0,background checks,sales from dealer : federal,handgun,NA,NA,Part of the 1994 Brady Handgun Violence Prevention Act (Interim provisions),NA,NM1028
New Mexico,NM,35,2024,1,background checks,sales from dealer : federal,handgun and long gun,NA,NA,The National Instant Criminal Background Check System (NICS) was created in 1998. The Brady Act's interim provisions  requiring background checks for handguns were struck down and replaced with the requirement to conduct background checks on all dealer sales.,NA,NM1029
New Mexico,NM,35,2024,1,castle doctrine,traditional,handgun and long gun,NA,NA,New Mexico applies the castle doctrine on a case-by-case basis.,NA,NM1034
New Mexico,NM,35,2024,0,waiting period,federal,handgun,NA,5,"In general, the waiting period applies only in states without an acceptable alternate system of conducting background checks on handgun purchasers. The interim provisions of the Brady Law became effective on February 28, 1994, and ceased to apply on November 30, 1998.",NA,NM1035
New Mexico,NM,35,2024,1,waiting period,federal,handgun,NA,NA,NA,NA,NM1036
New Mexico,NM,35,2024,1,background checks,private sales : point of sale,handgun,NA,NA,NA,NA,NM1037
New Mexico,NM,35,2024,1,background checks,private sales : point of sale,long gun,NA,NA,NA,NA,NM1038
New Mexico,NM,35,2024,1,firearms in college/university,public and private : CCW not allowed,handgun,NA,NA,CCW allowed by individuals over 19 in their vehicle.,NA,NM1042
New Mexico,NM,35,2024,1,firearms in college/university,public and private : possession prohibited,handgun,NA,NA,NA,NA,NM1043
New Mexico,NM,35,2024,1,firearms in college/university,public and private : possession prohibited,long gun,NA,NA,NA,NA,NM1044
New Mexico,NM,35,2024,1,prohibited possessor,erpo,handgun and long gun,NA,NA,NA,NA,NM1049
New Mexico,NM,35,2024,1,prohibited possessor,erpo : ex parte,handgun and long gun,NA,NA,NA,NA,NM1050
New Mexico,NM,35,2024,1,child access laws,negligent storage,handgun and long gun,NA,NA,NA,NA,NM1052
New Mexico,NM,35,2024,1,firearm removal at scene of domestic violence,authorized,handgun and long gun,NA,NA,NA,NA,NM1053
New Mexico,NM,35,2024,0,firearm sales restrictions,assault weapons ban — Federal,handgun and long gun,NA,NA,"This subtitle and the amendments made by this subtitle—
<< 18 USCA § 921 NOTE >>
(1) shall take effect on the date of the enactment of this Act; and
(2) are repealed effective as of the date that is 10 years after that date.",NA,NM1054
New Mexico,NM,35,2024,0,firearm sales restrictions,ban on high capacity magazines – federal,handgun and long gun,NA,NA,"This subtitle and the amendments made by this subtitle—
<< 18 USCA § 921 NOTE >>
(1) shall take effect on the date of the enactment of this Act; and
(2) are repealed effective as of the date that is 10 years after that date.",NA,NM1056
New Mexico,NM,35,2024,1,minimum age,minimum age purchase - federal,long gun,21,NA,NA,NA,NM1057
New Mexico,NM,35,2024,1,minimum age,minimum age purchase - federal,handgun,18,NA,NA,NA,NM1058
New Mexico,NM,35,2024,1,minimum age,minimum age possession - federal,handgun,18,NA,NA,NA,NM1059
New Mexico,NM,35,2024,1,safety training required,to carry,handgun,NA,NA,NA,NA,NM1060
New Mexico,NM,35,2024,0,local laws preempted by state,comprehensive,handgun and long gun,NA,NA,"Exception:  N. M. S. A. 1978, § 17-8-5: The provisions of the Sport Shooting Range Act shall not prohibit a local government from regulating the location and construction of sport shooting ranges after July 1, 2002.",NA,NM1061
New Mexico,NM,35,2024,0.6311475409836066,waiting period,general,handgun and long gun,NA,7,"Prohibition excludes buyers who hold valid federal firearms license, valid New Mexico concealed handgun license, law enforcement agencies, two law enforcement officers, and between immediate family members",NA,NM1062
Nevada,NV,32,2024,1,background checks,private sales : point of sale,long gun,NA,NA,"According to Giffords, "" 2016, Nevada voters approved a ballot initiative to require background checks on private sales of firearms. However, after the FBI announced that it would not conduct background checks in the manner the initiative required it to, the Nevada Attorney General issued an opinion stating that it would not enforce the initiative. The Nevada legislature mooted this conflict by passing 2019 NV SB 143.""  See also: https://thenevadaindependent.com/article/the-indy-explains-the-seven-year-battle-to-implement-background-checks-on-private-gun-sales",NA,NV1001
Nevada,NV,32,2024,0,carrying a concealed weapon (ccw),may issue,handgun,NA,NA,NA,NA,NV1004
Nevada,NV,32,2024,1,carrying a concealed weapon (ccw),shall issue,handgun,NA,NA,NA,NA,NV1005
Nevada,NV,32,2024,0,castle doctrine,traditional,handgun and long gun,NA,NA,"See Laws 1983, p. 518.",NA,NV1006
Nevada,NV,32,2024,1,castle doctrine,stand your ground,handgun and long gun,NA,NA,NA,NA,NV1007
Nevada,NV,32,2024,1,child access laws,negligent storage,handgun and long gun,NA,NA,NA,NA,NV1009
Nevada,NV,32,2024,0,minimum age,youth possession,long gun,14,NA,NA,NA,NV1011
Nevada,NV,32,2024,1,minimum age,youth possession,long gun,18,NA,Exception: 14 years old for hunting.,NA,NV1012
Nevada,NV,32,2024,1,minimum age,purchase and sale,handgun,18,NA,NA,NA,NV1014
Nevada,NV,32,2024,1,background checks,private sales : point of sale,handgun,NA,NA,"According to Giffords, "" 2016, Nevada voters approved a ballot initiative to require background checks on private sales of firearms. However, after the FBI announced that it would not conduct background checks in the manner the initiative required it to, the Nevada Attorney General issued an opinion stating that it would not enforce the initiative. The Nevada legislature mooted this conflict by passing 2019 NV SB 143."" See also: https://thenevadaindependent.com/article/the-indy-explains-the-seven-year-battle-to-implement-background-checks-on-private-gun-sales",NA,NV1019
Nevada,NV,32,2024,1,minimum age,youth possession,handgun,18,NA,Exception: 14 years old for hunting.,NA,NV1023
Nevada,NV,32,2024,1,prohibited possessor,mental health : adjudicated as mentally incompetent//incapacitated/disabled,handgun and long gun,NA,NA,NA,NA,NV1024
Nevada,NV,32,2024,0,prohibited possessor,mental health : committed to mh facility,handgun and long gun,NA,NA,NA,NA,NV1025
Nevada,NV,32,2024,1,prohibited possessor,dvro : expanded,handgun and long gun,NA,NA,"This law allows for the judge's discretion about whether to bar the defendant from owning, possessing, or purchasing firearms. This law includes a firearm surrender requirement.",NA,NV1026
Nevada,NV,32,2024,1,prohibited possessor,mental health : committed to mh facility,handgun and long gun,NA,NA,Concerns commitment after criminal trial.,NA,NV1027
Nevada,NV,32,2024,0,background checks,sales from dealer : federal,handgun,NA,NA,Part of the 1994 Brady Handgun Violence Prevention Act (Interim provisions),NA,NV1034
Nevada,NV,32,2024,1,background checks,sales from dealer : federal,handgun and long gun,NA,NA,The National Instant Criminal Background Check System (NICS) was created in 1998. The Brady Act's interim provisions  requiring background checks for handguns were struck down and replaced with the requirement to conduct background checks on all dealer sales.,NA,NV1035
Nevada,NV,32,2024,0,castle doctrine,traditional,handgun and long gun,NA,NA,NA,NA,NV1040
Nevada,NV,32,2024,1,firearms in college/university,public : CCW not allowed,handgun,NA,NA,Exception for written permission.,NA,NV1043
Nevada,NV,32,2024,1,firearms in college/university,public : possession prohibited,handgun,NA,NA,NA,NA,NV1044
Nevada,NV,32,2024,1,firearms in college/university,public : possession prohibited,long gun,NA,NA,NA,NA,NV1045
Nevada,NV,32,2024,1,local laws preempted by state,comprehensive,handgun and long gun,NA,NA,"Exceptions: The governing body of a city/A board of county commissioners/town board may proscribe by ordinance or regulation the unsafe discharge of firearms; The carrying of firearms by public employees during or in the course of official duties;

Firearm businesses, including shooting ranges, through zoning or business regulations that are “generally applicable to businesses” within the jurisdiction",NA,NV1047
Nevada,NV,32,2024,1,gun trafficking,straw purchase - buyer liability,handgun and long gun,NA,NA,In 2015 the law was amended to prohibit sale/disposal to anyone prohibited from owning or possessing a firearm under NRS 202.360 or known gang members as defined in NRS 193.168.,NA,NV1055
Nevada,NV,32,2024,0,background checks,private sales : point of sale,handgun and long gun,NA,NA,NA,NA,NV1056
Nevada,NV,32,2024,0,background checks,private sales : point of sale,handgun and long gun,NA,NA,NA,NA,NV1057
Nevada,NV,32,2024,0,background checks,private sales : point of sale,handgun and long gun,NA,NA,This law was not implemented or enforced by the governor or state attorney general,NA,NV1058
Nevada,NV,32,2024,1,firearm removal at scene of domestic violence,authorized,handgun and long gun,NA,NA,NA,NA,NV1059
Nevada,NV,32,2024,0,firearm sales restrictions,assault weapons ban — Federal,handgun and long gun,NA,NA,"This subtitle and the amendments made by this subtitle—
<< 18 USCA § 921 NOTE >>
(1) shall take effect on the date of the enactment of this Act; and
(2) are repealed effective as of the date that is 10 years after that date.",NA,NV1060
Nevada,NV,32,2024,0,firearm sales restrictions,ban on high capacity magazines – federal,handgun and long gun,NA,NA,"This subtitle and the amendments made by this subtitle—
<< 18 USCA § 921 NOTE >>
(1) shall take effect on the date of the enactment of this Act; and
(2) are repealed effective as of the date that is 10 years after that date.",NA,NV1062
Nevada,NV,32,2024,1,local laws preempted by state,comprehensive - punitive,handgun and long gun,NA,NA,NA,NA,NV1063
Nevada,NV,32,2024,1,minimum age,minimum age purchase - federal,long gun,21,NA,NA,NA,NV1064
Nevada,NV,32,2024,1,minimum age,minimum age purchase - federal,handgun,18,NA,NA,NA,NV1065
Nevada,NV,32,2024,1,minimum age,minimum age possession - federal,handgun,18,NA,NA,NA,NV1066
Nevada,NV,32,2024,1,prohibited possessor,erpo : ex parte,handgun and long gun,NA,NA,NA,NA,NV1067
Nevada,NV,32,2024,1,prohibited possessor,erpo : expanded,handgun and long gun,NA,NA,NA,NA,NV1068
New York,NY,36,2024,1,background checks,permit to purchase,handgun,NA,NA,NA,NA,NY1001
New York,NY,36,2024,1,background checks,private sales : point of sale,handgun,NA,NA,NA,NA,NY1002
New York,NY,36,2024,1,background checks,private sales : point of sale,long gun,NA,NA,NA,NA,NY1004
New York,NY,36,2024,1,background checks,sales from dealer,handgun,NA,NA,NA,NA,NY1005
New York,NY,36,2024,1,background checks,sales from dealer,long gun,NA,NA,NA,NA,NY1006
New York,NY,36,2024,0,carrying a concealed weapon (ccw),may issue,handgun,NA,NA,NA,NA,NY1008
New York,NY,36,2024,1,castle doctrine,traditional,handgun and long gun,NA,NA,NA,NA,NY1009
New York,NY,36,2024,1,firearm sales restrictions,assault weapons ban,handgun,NA,NA,NA,NA,NY1013
New York,NY,36,2024,1,permit to purchase,maximum waiting period,handgun,NA,NA,NA,NA,NY1014
New York,NY,36,2024,0,minimum age,youth possession,long gun,14,NA,"Minimum age listed in statute is 16 with exception for holders of hunting licenses or permits. As of at least 1991, the minimum age for a hunting license in New York was 14.",NA,NY1016
New York,NY,36,2024,1,minimum age,purchase and sale,handgun,21,NA,"Law regarding permits to carry and possess, but permits are required for sale.",NA,NY1017
New York,NY,36,2024,1,open carry,prohibited,handgun,NA,NA,NA,NA,NY1021
New York,NY,36,2024,1,waiting period,Waiting Periods: De facto (permit required),handgun,NA,10,"de facto (permit required)”: The law does not require that permits are issued with a delay, but in practice they may take weeks to obtain, so we treat this as a de facto waiting period for handguns, and arbitrarily set the length of the waiting period to 10 days.",NA,NY1022
New York,NY,36,2024,1,permit to purchase,required,handgun,NA,NA,NA,NA,NY1023
New York,NY,36,2024,1,registration,required,handgun,NA,Licensing law.,NA,NA,NY1024
New York,NY,36,2024,0,waiting period,Waiting Periods: De facto (permit required),handgun,NA,10,"de facto (permit required)”: The law does not require that permits are issued with a delay, but in practice they may take weeks to obtain, so we treat this as a de facto waiting period for handguns, and arbitrarily set the length of the waiting period to 10 days.",NA,NY1026
New York,NY,36,2024,1,child access laws,safe storage,handgun and long gun,NA,NA,NA,NA,NY1027
New York,NY,36,2024,0,minimum age,youth possession,handgun,16,NA,NA,NA,NY1028
New York,NY,36,2024,1,minimum age,youth possession,handgun,21,NA,NA,NA,NY1030
New York,NY,36,2024,1,prohibited possessor,mental health : adjudicated as mentally incompetent//incapacitated/disabled,handgun and long gun,NA,NA,NA,NA,NY1032
New York,NY,36,2024,1,prohibited possessor,mental health : committed to mh facility,handgun and long gun,NA,NA,NA,NA,NY1033
New York,NY,36,2024,0,prohibited possessor,dvro,handgun and long gun,NA,NA,"This law includes a discretionary firearm surrender requirement. Discretionary because there are stipulations for ordering firearm removal including a finding that the person had a previous conviction, willfully failed to obey a prior order of protection, or had a prior conviction of stalking.   See also N.Y. Crim. Proc. Law §§ 530.12, 14.",NA,NY1034
New York,NY,36,2024,0,prohibited possessor,dvro ex parte,handgun and long gun,NA,NA,This law includes a discretionary firearm surrender requirement.,NA,NY1035
New York,NY,36,2024,1,prohibited possessor,erpo : expanded,handgun and long gun,NA,NA,NA,NA,NY1036
New York,NY,36,2024,1,prohibited possessor,erpo : ex parte,handgun and long gun,NA,NA,NA,NA,NY1037
New York,NY,36,2024,1,prohibited possessor,dvro ex parte : expanded,handgun and long gun,NA,NA,NA,NA,NY1041
New York,NY,36,2024,1,prohibited possessor,dvro : expanded,handgun and long gun,NA,NA,NA,NA,NY1042
New York,NY,36,2024,1,firearm sales restrictions,assault weapons ban,long gun,NA,NA,NA,NA,NY1043
New York,NY,36,2024,0,background checks,sales from dealer : federal,handgun,NA,NA,Part of the 1994 Brady Handgun Violence Prevention Act (Interim provisions),NA,NY1045
New York,NY,36,2024,1,background checks,sales from dealer : federal,handgun and long gun,NA,NA,The National Instant Criminal Background Check System (NICS) was created in 1998. The Brady Act's interim provisions  requiring background checks for handguns were struck down and replaced with the requirement to conduct background checks on all dealer sales.,NA,NY1046
New York,NY,36,2024,0,castle doctrine,traditional,handgun and long gun,NA,NA,NA,NA,NY1050
New York,NY,36,2024,1,background checks,extra time,handgun,NA,NA,NA,NA,NY1054
New York,NY,36,2024,1,background checks,extra time,long gun,NA,NA,NA,NA,NY1055
New York,NY,36,2024,1,firearms in college/university,public and private : CCW not allowed,handgun,NA,NA,Exception for wirtten authorization.,NA,NY1058
New York,NY,36,2024,1,firearms in college/university,public and private : possession prohibited,handgun,NA,NA,Exception for wirtten authorization.,NA,NY1059
New York,NY,36,2024,1,firearms in college/university,public and private : possession prohibited,long gun,NA,NA,Exception for wirtten authorization.,NA,NY1060
New York,NY,36,2024,1,required reporting of lost or stolen firearms,lost and stolen firearms,handgun and long gun,NA,NA,NA,NA,NY1064
New York,NY,36,2024,1,required reporting of lost or stolen firearms,tracing firearms used in crimes,handgun and long gun,NA,NA,"The law does not specify if it's for handguns, long guns or both",NA,NY1066
New York,NY,36,2024,0,background checks,permit to purchase,handgun,NA,NA,"Permit to purchase handgun is for 90 days; for long guns, it is indefinite (as long as the person still qualifies).

Unclear what year this law was first implemented.",NA,NY1067
New York,NY,36,2024,1,untraceable firearms,prohibited,handgun and long gun,NA,NA,Ghost Gun Ban,NA,NY1068
New York,NY,36,2024,1,carrying a concealed weapon (ccw),shall issue,handgun,NA,NA,"The Supreme court decision in Bruen determined that their restrictive permitting laws involving law enforcement discretion in the provision of permits was unconstitutional, so from June 23, 2022, Massachusetts has been making changes to their law that will bring it into compliance with the Bruen decision.",NA,NY1069
New York,NY,36,2024,1,child access laws,negligent storage,handgun and long gun,NA,NA,NA,NA,NY1070
New York,NY,36,2024,1,dealer license,state license requirement,handgun,NA,NA,NA,NA,NY1071
New York,NY,36,2024,1,firearm removal at scene of domestic violence,authorized,handgun and long gun,NA,NA,NA,NA,NY1072
New York,NY,36,2024,0,firearm sales restrictions,assault weapons ban — Federal,handgun and long gun,NA,NA,"This subtitle and the amendments made by this subtitle—
<< 18 USCA § 921 NOTE >>
(1) shall take effect on the date of the enactment of this Act; and
(2) are repealed effective as of the date that is 10 years after that date.",NA,NY1073
New York,NY,36,2024,0,firearm sales restrictions,ban on high capacity magazines – federal,handgun and long gun,NA,NA,"This subtitle and the amendments made by this subtitle—
<< 18 USCA § 921 NOTE >>
(1) shall take effect on the date of the enactment of this Act; and
(2) are repealed effective as of the date that is 10 years after that date.",NA,NY1075
New York,NY,36,2024,1,firearm sales restrictions,ban on high capacity magazines,handgun and long gun,NA,NA,NA,NA,NY1076
New York,NY,36,2024,1,firearm sales restrictions,ban on high capacity magazines,handgun and long gun,NA,NA,NA,NA,NY1077
New York,NY,36,2024,0,firearm sales restrictions,saturday night special ban,handgun,NA,NA,NA,NA,NY1078
New York,NY,36,2024,0,firearm sales restrictions,saturday night special ban,handgun,NA,NA,NA,NA,NY1079
New York,NY,36,2024,1,firearm sales restrictions,saturday night special ban,handgun,NA,NA,NA,NA,NY1080
New York,NY,36,2024,1,gun trafficking,straw purchase - buyer liability,handgun and long gun,NA,NA,NA,NA,NY1081
New York,NY,36,2024,1,minimum age,purchase and sale,long gun,21,NA,"Law regarding permits to carry and possess, but permits are required for sale.",NA,NY1082
New York,NY,36,2024,1,minimum age,minimum age purchase - federal,long gun,21,NA,NA,NA,NY1083
New York,NY,36,2024,1,minimum age,minimum age purchase - federal,handgun,18,NA,NA,NA,NY1084
New York,NY,36,2024,1,minimum age,minimum age possession - federal,handgun,18,NA,NA,NA,NY1085
New York,NY,36,2024,0,permit to purchase,required,handgun,NA,NA,"Permit to purchase handgun is for 90 days; for long guns, it is indefinite (as long as the person still qualifies).",NA,NY1086
New York,NY,36,2024,1,prohibited possessor,violent misdemeanor limited,handgun and long gun,NA,NA,NA,NA,NY1087
New York,NY,36,2024,1,minimum age,youth possession,long gun,21,NA,NA,NA,NY1088
Ohio,OH,39,2024,0,carrying a concealed weapon (ccw),prohibited,handgun,NA,NA,NA,NA,OH1003
Ohio,OH,39,2024,0,carrying a concealed weapon (ccw),shall issue,handgun,NA,NA,NA,NA,OH1004
Ohio,OH,39,2024,0,castle doctrine,traditional,handgun and long gun,NA,NA,NA,NA,OH1005
Ohio,OH,39,2024,0,castle doctrine,expanded 1,handgun and long gun,NA,NA,NA,NA,OH1006
Ohio,OH,39,2024,0,minimum age,purchase and sale,long gun,17,NA,About sales of firearms only.,NA,OH1011
Ohio,OH,39,2024,1,minimum age,purchase and sale,long gun,18,NA,NA,NA,OH1012
Ohio,OH,39,2024,0,minimum age,purchase and sale,handgun,17,NA,About sales of firearms only.,NA,OH1023
Ohio,OH,39,2024,1,minimum age,purchase and sale,handgun,21,NA,NA,NA,OH1024
Ohio,OH,39,2024,0,prohibited possessor,mental health : adjudicated as mentally incompetent//incapacitated/disabled,handgun and long gun,NA,NA,The person may be relieved from disability under operation of law or legal process.,NA,OH1025
Ohio,OH,39,2024,1,prohibited possessor,mental health : adjudicated as mentally incompetent//incapacitated/disabled,handgun and long gun,NA,NA,NA,NA,OH1026
Ohio,OH,39,2024,1,prohibited possessor,mental health : committed to mh facility,handgun and long gun,NA,NA,NA,NA,OH1027
Ohio,OH,39,2024,1,prohibited possessor,dvro ex parte,handgun and long gun,NA,NA,"This law allows for the judge's discretion about whether to bar the defendant from owning, possessing, or purchasing firearms.",NA,OH1028
Ohio,OH,39,2024,0,background checks,sales from dealer : federal,handgun,NA,NA,Part of the 1994 Brady Handgun Violence Prevention Act (Interim provisions),NA,OH1034
Ohio,OH,39,2024,0,background checks,sales from dealer : federal,handgun,NA,NA,"Most states voluntarily complied with the mandate, so the effects of the ruling were negligible.  Only Ohio and Arkansas stopped performing background checks.",NA,OH1035
Ohio,OH,39,2024,1,background checks,sales from dealer : federal,handgun and long gun,NA,NA,The National Instant Criminal Background Check System (NICS) was created in 1998. The Brady Act's interim provisions  requiring background checks for handguns were struck down and replaced with the requirement to conduct background checks on all dealer sales.,NA,OH1037
Ohio,OH,39,2024,1,firearm removal at scene of domestic violence,required,handgun and long gun,NA,NA,NA,NA,OH1042
Ohio,OH,39,2024,1,firearms in college/university,public and private : CCW not allowed,handgun,NA,NA,Exception for locked vehicles.,NA,OH1044
Ohio,OH,39,2024,1,local laws preempted by state,comprehensive,handgun and long gun,NA,NA,"Law amended in 2018 to provide additional sanction: civil liability.

Exception: (D) This section does not apply to either of the following:

(1) A zoning ordinance that regulates or prohibits the commercial sale of firearms, firearm components, or ammunition for firearms in areas zoned for residential or agricultural uses;

(2) A zoning ordinance that specifies the hours of operation or the geographic areas where the commercial sale of firearms, firearm components, or ammunition for firearms may occur, provided that the zoning ordinance is consistent with zoning ordinances for other retail establishments in the same geographic area and does not result in a de facto prohibition of the commercial sale of firearms, firearm components, or ammunition for firearms in areas zoned for commercial, retail, or industrial uses.",NA,OH1046
Ohio,OH,39,2024,1,required reporting of lost or stolen firearms,lost and stolen firearms,handgun and long gun,NA,NA,NA,NA,OH1048
Ohio,OH,39,2024,1,castle doctrine,stand your ground,handgun and long gun,NA,NA,NA,NA,OH1050
Ohio,OH,39,2024,1,carrying a concealed weapon (ccw),shall issue (permit not required),handgun,NA,NA,NA,NA,OH1051
Ohio,OH,39,2024,0,firearm sales restrictions,assault weapons ban — Federal,handgun and long gun,NA,NA,"This subtitle and the amendments made by this subtitle—
<< 18 USCA § 921 NOTE >>
(1) shall take effect on the date of the enactment of this Act; and
(2) are repealed effective as of the date that is 10 years after that date.",NA,OH1052
Ohio,OH,39,2024,0,firearm sales restrictions,ban on high capacity magazines – federal,handgun and long gun,NA,NA,"This subtitle and the amendments made by this subtitle—
<< 18 USCA § 921 NOTE >>
(1) shall take effect on the date of the enactment of this Act; and
(2) are repealed effective as of the date that is 10 years after that date.",NA,OH1054
Ohio,OH,39,2024,1,minimum age,minimum age purchase - federal,long gun,21,NA,NA,NA,OH1055
Ohio,OH,39,2024,1,minimum age,minimum age purchase - federal,handgun,18,NA,NA,NA,OH1056
Ohio,OH,39,2024,1,minimum age,minimum age possession - federal,handgun,18,NA,NA,NA,OH1057
Ohio,OH,39,2024,1,prohibited possessor,dvro ex parte : expanded,handgun and long gun,NA,NA,"This law allows for the judge's discretion about whether to bar the defendant from owning, possessing, or purchasing firearms.",NA,OH1058
Oklahoma,OK,40,2024,0,carrying a concealed weapon (ccw),prohibited,handgun,NA,NA,NA,NA,OK1003
Oklahoma,OK,40,2024,0,carrying a concealed weapon (ccw),shall issue,handgun,NA,NA,NA,NA,OK1004
Oklahoma,OK,40,2024,0,castle doctrine,traditional,handgun and long gun,NA,NA,NA,NA,OK1005
Oklahoma,OK,40,2024,0,castle doctrine,traditional,handgun and long gun,NA,NA,NA,NA,OK1006
Oklahoma,OK,40,2024,1,castle doctrine,stand your ground,handgun and long gun,NA,NA,NA,NA,OK1007
Oklahoma,OK,40,2024,1,child access laws,"intentional, reckless, or knowing provision",handgun and long gun,NA,NA,NA,NA,OK1009
Oklahoma,OK,40,2024,1,minimum age,youth possession,long gun,18,NA,NA,NA,OK1011
Oklahoma,OK,40,2024,0,minimum age,youth possession,handgun,18,NA,NA,NA,OK1012
Oklahoma,OK,40,2024,1,minimum age,purchase and sale,handgun,18,NA,NA,NA,OK1013
Oklahoma,OK,40,2024,1,minimum age,purchase and sale,long gun,18,NA,NA,NA,OK1014
Oklahoma,OK,40,2024,1,open carry,license required,handgun,NA,NA,NA,NA,OK1017
Oklahoma,OK,40,2024,1,minimum age,youth possession,handgun,18,NA,NA,NA,OK1025
Oklahoma,OK,40,2024,1,prohibited possessor,mental health : adjudicated as mentally incompetent//incapacitated/disabled,handgun,NA,NA,The person may be granted relief from the disqualifying disability pursuant to Section 1290.27 of this title.,NA,OK1027
Oklahoma,OK,40,2024,1,carrying a concealed weapon (ccw),shall issue (permit not required),handgun,NA,NA,NA,NA,OK1031
Oklahoma,OK,40,2024,0,background checks,sales from dealer : federal,handgun,NA,NA,Part of the 1994 Brady Handgun Violence Prevention Act (Interim provisions),NA,OK1035
Oklahoma,OK,40,2024,1,background checks,sales from dealer : federal,handgun and long gun,NA,NA,The National Instant Criminal Background Check System (NICS) was created in 1998. The Brady Act's interim provisions  requiring background checks for handguns were struck down and replaced with the requirement to conduct background checks on all dealer sales.,NA,OK1036
Oklahoma,OK,40,2024,0,waiting period,federal,handgun,NA,5,"In general, the waiting period applies only in states without an acceptable alternate system of conducting background checks on handgun purchasers. The interim provisions of the Brady Law became effective on February 28, 1994, and ceased to apply on November 30, 1998.",NA,OK1040
Oklahoma,OK,40,2024,1,waiting period,federal,handgun,NA,NA,NA,NA,OK1041
Oklahoma,OK,40,2024,1,firearm removal at scene of domestic violence,required,handgun and long gun,NA,NA,NA,NA,OK1042
Oklahoma,OK,40,2024,1,firearms in college/university,public and private : CCW not allowed,handgun,NA,NA,"Current exceptions for vehicles and authorized property. When passed, CCW exception for individuals with permission of president of college or university.",NA,OK1043
Oklahoma,OK,40,2024,1,firearms in college/university,public and private : possession prohibited,handgun,NA,NA,"Initially pased as Ch. 25, Secs. 2, 7 in 1890.  Applied to pistols and revolvers, in any ""school room or other place where persons are assembled for…educational or scientific purposes."" Reference to college and university facility added in 1995 amendment.",NA,OK1044
Oklahoma,OK,40,2024,1,firearms in college/university,public and private : possession prohibited,long gun,NA,NA,"21 Okl.St.Ann. § 1272 amended to refer ""and other offensive and defensive weapons."" Reference to college and university facility added in 1995 amendment.",NA,OK1045
Oklahoma,OK,40,2024,1,local laws preempted by state,comprehensive,handgun and long gun,NA,NA,"Exceptions: 2. A municipality may adopt any ordinance:

a. relating to the discharge of firearms within the jurisdiction of the municipality, and

b. allowing the municipality to issue a traffic citation for transporting a firearm improperly as provided for in Section 1289.13A of this title, provided, however, that penalties contained for violation of any ordinance enacted pursuant to the provisions of this subparagraph shall not exceed the penalties established in the Oklahoma Self-Defense Act.",NA,OK1047
Oklahoma,OK,40,2024,0,firearm sales restrictions,ban on high capacity magazines – federal,handgun and long gun,NA,NA,"This subtitle and the amendments made by this subtitle—
<< 18 USCA § 921 NOTE >>
(1) shall take effect on the date of the enactment of this Act; and
(2) are repealed effective as of the date that is 10 years after that date.",NA,OK1050
Oklahoma,OK,40,2024,1,local laws preempted by state,comprehensive - punitive,handgun and long gun,NA,NA,"Exceptions: 2. A municipality may adopt any ordinance:

a. relating to the discharge of firearms within the jurisdiction of the municipality, and

b. allowing the municipality to issue a traffic citation for transporting a firearm improperly as provided for in Section 1289.13A of this title, provided, however, that penalties contained for violation of any ordinance enacted pursuant to the provisions of this subparagraph shall not exceed the penalties established in the Oklahoma Self-Defense Act.",NA,OK1051
Oklahoma,OK,40,2024,1,minimum age,minimum age purchase - federal,long gun,21,NA,NA,NA,OK1052
Oklahoma,OK,40,2024,1,minimum age,minimum age purchase - federal,handgun,18,NA,NA,NA,OK1053
Oklahoma,OK,40,2024,1,minimum age,minimum age possession - federal,handgun,18,NA,NA,NA,OK1054
Oklahoma,OK,40,2024,0,firearm sales restrictions,assault weapons ban — Federal,handgun and long gun,NA,NA,"This subtitle and the amendments made by this subtitle—
<< 18 USCA § 921 NOTE >>
(1) shall take effect on the date of the enactment of this Act; and
(2) are repealed effective as of the date that is 10 years after that date.",NA,OK1055
Oregon,OR,41,2024,1,background checks,private sales : point of sale,long gun,NA,NA,NA,NA,OR1001
Oregon,OR,41,2024,1,background checks,sales from dealer,handgun,NA,NA,NA,NA,OR1003
Oregon,OR,41,2024,1,background checks,sales from dealer,long gun,NA,NA,"ORS 166.412 language amended to change ""handgun dealer"" to ""gun dealer"" as of 1/1/2019.",NA,OR1005
Oregon,OR,41,2024,0,carrying a concealed weapon (ccw),may issue,handgun,NA,NA,Not certain that the correct year is 1973. Worth looking further.,NA,OR1006
Oregon,OR,41,2024,1,carrying a concealed weapon (ccw),shall issue,handgun,NA,NA,NA,NA,OR1007
Oregon,OR,41,2024,1,castle doctrine,traditional,handgun and long gun,NA,NA,NA,NA,OR1008
Oregon,OR,41,2024,1,minimum age,youth possession,long gun,18,NA,Not sure about the effective date.,NA,OR1011
Oregon,OR,41,2024,1,minimum age,purchase and sale,long gun,18,NA,Unclear what year this law was first implemented.,"Vernick and Hepburn (2003) say handguns, about all firearms. BD: subsection (3) lists exceptions: (3) Subsection (1)(a) of this section does not prohibit:







   (a) The parent or guardian, or another person with the consent of the parent or guardian, of a minor from transferring to the minor a firearm, other than a handgun; or







   (b) The temporary transfer of any firearm to a minor for hunting, target practice or any other lawful purpose.



",OR1012
Oregon,OR,41,2024,0,waiting period,general,handgun,NA,5,NA,NA,OR1017
Oregon,OR,41,2024,0,waiting period,general,handgun,NA,15,NA,NA,OR1018
Oregon,OR,41,2024,1,waiting period,general,handgun,NA,NA,NA,NA,OR1019
Oregon,OR,41,2024,1,background checks,private sales : point of sale,handgun,NA,NA,NA,NA,OR1021
Oregon,OR,41,2024,1,minimum age,youth possession,handgun,18,NA,Not sure about the effective date.,NA,OR1025
Oregon,OR,41,2024,1,minimum age,purchase and sale,handgun,18,NA,Unclear what year this law was first implemented.,"Vernick and Hepburn (2003) say handguns, about all firearms. BD: subsection (3) lists exceptions: (3) Subsection (1)(a) of this section does not prohibit:







   (a) The parent or guardian, or another person with the consent of the parent or guardian, of a minor from transferring to the minor a firearm, other than a handgun; or







   (b) The temporary transfer of any firearm to a minor for hunting, target practice or any other lawful purpose.



",OR1026
Oregon,OR,41,2024,1,prohibited possessor,mental health : adjudicated as mentally incompetent//incapacitated/disabled,handgun and long gun,NA,NA,Includes commitments after criminal trials.,NA,OR1028
Oregon,OR,41,2024,1,prohibited possessor,mental health : committed to mh facility,handgun and long gun,NA,NA,Includes commitments after criminal trials.,NA,OR1029
Oregon,OR,41,2024,0,prohibited possessor,dvro,handgun and long gun,NA,NA,"This law allows for the judge's discretion about whether to bar the defendant from owning, possessing, or purchasing firearms.",NA,OR1030
Oregon,OR,41,2024,1,prohibited possessor,erpo : ex parte,handgun and long gun,NA,NA,NA,NA,OR1031
Oregon,OR,41,2024,1,prohibited possessor,erpo : expanded,handgun and long gun,NA,NA,NA,NA,OR1032
Oregon,OR,41,2024,1,prohibited possessor,dvro : expanded,handgun and long gun,NA,NA,"In 2013, OR added a firearm surrender requirement to this law.",NA,OR1033
Oregon,OR,41,2024,1,prohibited possessor,mental health : committed to mh facility : outpatient,handgun and long gun,NA,NA,NA,NA,OR1037
Oregon,OR,41,2024,0,background checks,sales from dealer : federal,handgun,NA,NA,Part of the 1994 Brady Handgun Violence Prevention Act (Interim provisions),NA,OR1040
Oregon,OR,41,2024,1,background checks,sales from dealer : federal,handgun and long gun,NA,NA,The National Instant Criminal Background Check System (NICS) was created in 1998. The Brady Act's interim provisions  requiring background checks for handguns were struck down and replaced with the requirement to conduct background checks on all dealer sales.,NA,OR1041
Oregon,OR,41,2024,0,castle doctrine,traditional,handgun and long gun,NA,NA,NA,NA,OR1045
Oregon,OR,41,2024,1,firearms in college/university,public and private : possession prohibited,handgun,NA,NA,NA,NA,OR1048
Oregon,OR,41,2024,1,firearms in college/university,public and private : CCW allowed,handgun,NA,NA,Oregon University System is allowed to ban CCW in specific areas of campus. https://policy.oregonstate.edu/policy/firearms,NA,OR1049
Oregon,OR,41,2024,1,firearms in college/university,public and private : possession prohibited,long gun,NA,NA,NA,NA,OR1050
Oregon,OR,41,2024,1,local laws preempted by state,comprehensive,handgun and long gun,NA,NA,"Exceptions: Or. Rev. Stat. Ann. §§ 166.172: (1) A city may adopt ordinances to regulate, restrict or prohibit the discharge of firearms within the city's boundaries; 166.173: (1) A city or county may adopt ordinances to regulate, restrict or prohibit the possession of loaded firearms in public places as defined in ORS 161.015.   166. 175:  

(1) Notwithstanding any other provision of law, a city may continue to regulate the purchase of used firearms by pawnshops and secondhand stores.",NA,OR1052
Oregon,OR,41,2024,1,child access laws,safe storage,handgun and long gun,NA,NA,NA,NA,OR1055
Oregon,OR,41,2024,1,firearm removal at scene of domestic violence,required,handgun and long gun,NA,NA,NA,NA,OR1056
Oregon,OR,41,2024,0,firearm sales restrictions,assault weapons ban — Federal,handgun and long gun,NA,NA,"This subtitle and the amendments made by this subtitle—
<< 18 USCA § 921 NOTE >>
(1) shall take effect on the date of the enactment of this Act; and
(2) are repealed effective as of the date that is 10 years after that date.",NA,OR1057
Oregon,OR,41,2024,0,firearm sales restrictions,ban on high capacity magazines – federal,handgun and long gun,NA,NA,"This subtitle and the amendments made by this subtitle—
<< 18 USCA § 921 NOTE >>
(1) shall take effect on the date of the enactment of this Act; and
(2) are repealed effective as of the date that is 10 years after that date.",NA,OR1059
Oregon,OR,41,2024,1,minimum age,minimum age purchase - federal,long gun,21,NA,NA,NA,OR1060
Oregon,OR,41,2024,1,minimum age,minimum age purchase - federal,handgun,18,NA,NA,NA,OR1061
Oregon,OR,41,2024,1,minimum age,minimum age possession - federal,handgun,18,NA,NA,NA,OR1062
Oregon,OR,41,2024,1,required reporting of lost or stolen firearms,lost and stolen firearms,handgun and long gun,NA,NA,NA,NA,OR1063
Oregon,OR,41,2024,1,background checks,extra time,handgun,NA,NA,Waiting period is indefinite until background check is complete,NA,OR1065
Oregon,OR,41,2024,1,background checks,extra time,long gun,NA,NA,Waiting period is indefinite until background check is complete,NA,OR1066
Pennsylvania,PA,42,2024,1,background checks,sales from dealer,handgun,NA,NA,NA,NA,PA1003
Pennsylvania,PA,42,2024,1,background checks,sales from dealer,long gun,NA,NA,NA,NA,PA1005
Pennsylvania,PA,42,2024,0,carrying a concealed weapon (ccw),may issue,handgun,NA,NA,NA,NA,PA1006
Pennsylvania,PA,42,2024,1,carrying a concealed weapon (ccw),shall issue,handgun,NA,NA,NA,NA,PA1007
Pennsylvania,PA,42,2024,0,castle doctrine,expanded 1,handgun and long gun,NA,NA,NA,NA,PA1008
Pennsylvania,PA,42,2024,1,castle doctrine,stand your ground,handgun and long gun,NA,NA,"Pennsylvania's Stand Your Ground law includes a stipulation that the attacker must display a lethal weapon, such as a firearm, or a replica, in order to justify lethal force and eliminate duty to retreat. While this may limit the use of Stand Your Ground in courts, we include it because it completely removes a person’s duty to retreat in all locations in certain contexts.",NA,PA1009
Pennsylvania,PA,42,2024,1,child access laws,"intentional, reckless, or knowing provision",handgun and long gun,NA,NA,NA,NA,PA1010
Pennsylvania,PA,42,2024,0,dealer license,state license requirement,handgun,NA,NA,NA,NA,PA1011
Pennsylvania,PA,42,2024,1,dealer license,state license requirement,handgun,NA,NA,NA,NA,PA1012
Pennsylvania,PA,42,2024,1,dealer license,state license requirement,long gun,NA,NA,NA,NA,PA1013
Pennsylvania,PA,42,2024,1,minimum age,youth possession,long gun,18,NA,NA,NA,PA1015
Pennsylvania,PA,42,2024,0,minimum age,purchase and sale,long gun,16,NA,NA,NA,PA1017
Pennsylvania,PA,42,2024,1,minimum age,purchase and sale,long gun,18,NA,NA,NA,PA1018
Pennsylvania,PA,42,2024,1,open carry,limited,handgun,NA,NA,NA,NA,PA1020
Pennsylvania,PA,42,2024,0,waiting period,general,handgun,NA,2,See Pa. H.B 110 (1995) for older law.,NA,PA1023
Pennsylvania,PA,42,2024,1,background checks,private sales : point of sale,handgun and long gun,NA,NA,"Vernick and Hepburn (2003) say handguns, but the law has always referred to firearms in general. The Pennsylvania Instant Background check did not come online until 1998, which is why we use a later implementation date than the effective date as written in the law.",NA,PA1025
Pennsylvania,PA,42,2024,1,minimum age,youth possession,handgun,18,NA,NA,NA,PA1030
Pennsylvania,PA,42,2024,0,minimum age,purchase and sale,handgun,16,NA,NA,NA,PA1031
Pennsylvania,PA,42,2024,1,minimum age,purchase and sale,handgun,18,NA,NA,NA,PA1032
Pennsylvania,PA,42,2024,1,waiting period,general,handgun,NA,NA,"Although the provision is still in effect, Pennsylvania abandoned its waiting period in 1998 when instant checks became available, via NICS. (Luca, Malhotra, and Poliquin 2017)",NA,PA1033
Pennsylvania,PA,42,2024,1,prohibited possessor,mental health : adjudicated as mentally incompetent//incapacitated/disabled,handgun and long gun,NA,NA,"Upon application to the court of common pleas under this subsection by an applicant subject to the prohibitions under subsection (c)(4), the court may grant such relief as it deems appropriate if the court determines that the applicant may possess a firearm without risk to the applicant or any other person.",NA,PA1034
Pennsylvania,PA,42,2024,1,prohibited possessor,mental health : committed to mh facility,handgun and long gun,NA,NA,"Upon application to the court of common pleas under this subsection by an applicant subject to the prohibitions under subsection (c)(4), the court may grant such relief as it deems appropriate if the court determines that the applicant may possess a firearm without risk to the applicant or any other person.",NA,PA1035
Pennsylvania,PA,42,2024,1,prohibited possessor,dvro ex parte : expanded,handgun and long gun,NA,NA,"This law allows for the judge's discretion about whether to bar the defendant from owning, possessing, or purchasing firearms. This law includes a firearm surrender requirement.",NA,PA1036
Pennsylvania,PA,42,2024,1,prohibited possessor,dvro : expanded,handgun and long gun,NA,NA,This law includes a firearm surrender requirement.,NA,PA1037
Pennsylvania,PA,42,2024,1,open carry,limited,long gun,NA,NA,NA,NA,PA1040
Pennsylvania,PA,42,2024,0,background checks,sales from dealer : federal,handgun,NA,NA,Part of the 1994 Brady Handgun Violence Prevention Act (Interim provisions),NA,PA1045
Pennsylvania,PA,42,2024,1,background checks,sales from dealer : federal,handgun and long gun,NA,NA,The National Instant Criminal Background Check System (NICS) was created in 1998. The Brady Act's interim provisions  requiring background checks for handguns were struck down and replaced with the requirement to conduct background checks on all dealer sales.,NA,PA1046
Pennsylvania,PA,42,2024,0,castle doctrine,traditional,handgun and long gun,NA,NA,NA,NA,PA1050
Pennsylvania,PA,42,2024,1,firearm removal at scene of domestic violence,required,handgun and long gun,NA,NA,NA,NA,PA1051
Pennsylvania,PA,42,2024,1,local laws preempted by state,comprehensive,handgun and long gun,NA,NA,"1988 amendment added ""transfer""",NA,PA1053
Pennsylvania,PA,42,2024,0,required reporting of lost or stolen firearms,tracing firearms used in crimes,handgun and long gun,NA,NA,"The law does not specify if it pertains to handguns, long guns or both.",NA,PA1056
Pennsylvania,PA,42,2024,1,required reporting of lost or stolen firearms,tracing firearms used in crimes,handgun and long gun,NA,NA,"The law does not specify if it pertains to handguns, long guns or both.",NA,PA1057
Pennsylvania,PA,42,2024,1,gun trafficking,straw purchase - buyer and seller liability,handgun and long gun,NA,NA,NA,NA,PA1058
Pennsylvania,PA,42,2024,1,background checks,extra time,handgun,NA,NA,NA,NA,PA1060
Pennsylvania,PA,42,2024,1,background checks,extra time,long gun,NA,NA,NA,NA,PA1061
Pennsylvania,PA,42,2024,0,firearm sales restrictions,assault weapons ban — Federal,handgun and long gun,NA,NA,"This subtitle and the amendments made by this subtitle—
<< 18 USCA § 921 NOTE >>
(1) shall take effect on the date of the enactment of this Act; and
(2) are repealed effective as of the date that is 10 years after that date.",NA,PA1062
Pennsylvania,PA,42,2024,0,firearm sales restrictions,ban on high capacity magazines – federal,handgun and long gun,NA,NA,"This subtitle and the amendments made by this subtitle—
<< 18 USCA § 921 NOTE >>
(1) shall take effect on the date of the enactment of this Act; and
(2) are repealed effective as of the date that is 10 years after that date.",NA,PA1064
Pennsylvania,PA,42,2024,1,minimum age,minimum age purchase - federal,long gun,21,NA,NA,NA,PA1065
Pennsylvania,PA,42,2024,1,minimum age,minimum age purchase - federal,handgun,18,NA,NA,NA,PA1066
Pennsylvania,PA,42,2024,1,minimum age,minimum age possession - federal,handgun,18,NA,NA,NA,PA1067
Pennsylvania,PA,42,2024,1,prohibited possessor,not RAND violent misdemeanor,handgun and long gun,NA,NA,"Despite the law restricting access to firearms to those convicted of a misdemeanor, it does not explicitly call out ""simple assault"" and does not meet RAND's definition for this subclass.",NA,PA1068
Rhode Island,RI,44,2024,1,background checks,private sales : point of sale,handgun,NA,NA,NA,NA,RI1001
Rhode Island,RI,44,2024,1,background checks,private sales : point of sale,long gun,NA,NA,"(July 17, 2007, P.L.139, No.41, eff. 60 days; Oct. 17, 2008, P.L.1628, No.131, eff. 60 days)",NA,RI1003
Rhode Island,RI,44,2024,1,background checks,sales from dealer,handgun,NA,NA,"(July 17, 2007, P.L.139, No.41, eff. 60 days; Oct. 17, 2008, P.L.1628, No.131, eff. 60 days)",NA,RI1004
Rhode Island,RI,44,2024,1,background checks,sales from dealer,long gun,NA,NA,NA,NA,RI1005
Rhode Island,RI,44,2024,1,carrying a concealed weapon (ccw),may issue,handgun,NA,NA,"On June 23, 2022, the Supreme Court ruled in New York State Rifle & Pistol Association v. Bruen that while Connecticut, Delaware, and Rhode Island have laws with discretionary criteria, because they “appear to operate like ‘shall issue’ jurisdictions” and are therefore not unconstitutional.  “Finally, Rhode Island has a suitability requirement, … but the Rhode Island Supreme Court has flatly denied that the ‘[d]emonstration of a proper showing of need’ is a component of that requirement.”  As such, this “law change” does not entail any real changes in rules or operations of the permitting system, but is recorded here to reflect that the Supreme Court concluded that any discretionary elements of the states law that might be considered a feature of a “may issue” state, are not unconstitutional.",NA,RI1007
Rhode Island,RI,44,2024,1,castle doctrine,traditional,handgun and long gun,NA,NA,NA,NA,RI1008
Rhode Island,RI,44,2024,0,castle doctrine,traditional,handgun and long gun,NA,NA,NA,NA,RI1009
Rhode Island,RI,44,2024,1,child access laws,negligent storage,handgun and long gun,NA,NA,"In 2024, this law was amended to create first and second degree violations, raise the age (to under 18), and increase penalties.",NA,RI1011
Rhode Island,RI,44,2024,1,dealer license,state license requirement,long gun,NA,NA,Citation from RI 1959 law.,NA,RI1012
Rhode Island,RI,44,2024,0,minimum age,youth possession,long gun,15,NA,NA,NA,RI1014
Rhode Island,RI,44,2024,1,minimum age,youth possession,long gun,18,NA,NA,NA,RI1015
Rhode Island,RI,44,2024,1,minimum age,purchase and sale,long gun,18,NA,NA,NA,RI1016
Rhode Island,RI,44,2024,1,open carry,license required,handgun,NA,NA,See P.L. 1959 ch. 75 § 11-47-8.,NA,RI1018
Rhode Island,RI,44,2024,0,waiting period,general,handgun,NA,7,NA,NA,RI1021
Rhode Island,RI,44,2024,0,waiting period,general,handgun,NA,3,NA,NA,RI1022
Rhode Island,RI,44,2024,1,waiting period,general,handgun,NA,7,NA,NA,RI1023
Rhode Island,RI,44,2024,1,waiting period,general,long gun,NA,7,NA,NA,RI1024
Rhode Island,RI,44,2024,1,dealer license,state license requirement,handgun,NA,NA,Citation from RI 1959 law.,NA,RI1027
Rhode Island,RI,44,2024,1,prohibited possessor,mental health : adjudicated as mentally incompetent//incapacitated/disabled,handgun and long gun,NA,NA,"Includes appointment of  guardian. ""Any person affected by the provisions of this section, other than a person who has been pronounced criminally insane by competent medical authority, after the lapse of a period of five (5) years from the date of being pronounced cured by competent medical authority, may, upon presentation of an affidavit issued by competent medical authority to the effect that he or she is a mentally stable person and a proper person to possess firearms, make application for the purchase of the firearm(s).""",NA,RI1029
Rhode Island,RI,44,2024,1,prohibited possessor,mental health : committed to mh facility,handgun and long gun,NA,NA,"Includes appointment of  guardian. ""Any person affected by the provisions of this section, other than a person who has been pronounced criminally insane by competent medical authority, after the lapse of a period of five (5) years from the date of being pronounced cured by competent medical authority, may, upon presentation of an affidavit issued by competent medical authority to the effect that he or she is a mentally stable person and a proper person to possess firearms, make application for the purchase of the firearm(s).""",NA,RI1030
Rhode Island,RI,44,2024,0,minimum age,youth possession,handgun,15,NA,NA,NA,RI1031
Rhode Island,RI,44,2024,1,minimum age,youth possession,handgun,18,NA,NA,NA,RI1032
Rhode Island,RI,44,2024,1,minimum age,purchase and sale,handgun,21,NA,NA,NA,RI1033
Rhode Island,RI,44,2024,1,background checks,permit to purchase,handgun,NA,NA,NA,NA,RI1034
Rhode Island,RI,44,2024,1,prohibited possessor,dvro : expanded,handgun and long gun,NA,NA,"This law allows for the judge's discretion about whether to bar the defendant from owning, possessing, or purchasing firearms. This law includes a discretionary firearm surrender requirement. A new law effective in 2017 removes this stipulation and requires firearm surrender with R.I. Gen. Laws §§ 11-47-5(b).",NA,RI1036
Rhode Island,RI,44,2024,1,prohibited possessor,erpo,handgun and long gun,NA,NA,NA,NA,RI1037
Rhode Island,RI,44,2024,1,prohibited possessor,erpo : ex parte,handgun and long gun,NA,NA,NA,NA,RI1038
Rhode Island,RI,44,2024,1,safety training required,to purchase,handgun,NA,NA,NA,NA,RI1040
Rhode Island,RI,44,2024,0,background checks,sales from dealer : federal,handgun,NA,NA,Part of the 1994 Brady Handgun Violence Prevention Act (Interim provisions),NA,RI1045
Rhode Island,RI,44,2024,1,background checks,sales from dealer : federal,handgun and long gun,NA,NA,The National Instant Criminal Background Check System (NICS) was created in 1998. The Brady Act's interim provisions  requiring background checks for handguns were struck down and replaced with the requirement to conduct background checks on all dealer sales.,NA,RI1046
Rhode Island,RI,44,2024,1,local laws preempted by state,comprehensive,handgun and long gun,NA,NA,"Exception Gen.Laws 1956, § 11-47-50(a): Every person, not being at the time under military duty, who shall discharge any firearm, “BB gun”, or other contrivance arranged to discharge shot, bullets, arrows, darts, or other missiles within the compact part of any city or town, or who shall discharge a firearm or other contrivance elsewhere, except upon land owned or occupied by him or her or by permission of the owner or occupant of the land on or into which he or she may shoot, shall be guilty of a misdemeanor, and shall be subject to a fine not exceeding five hundred dollars ($500), or one year in prison, or both; provided, that any city or town may by ordinance permit the discharge on non-posted land.",NA,RI1054
Rhode Island,RI,44,2024,1,required reporting of lost or stolen firearms,lost and stolen firearms,handgun and long gun,NA,NA,NA,NA,RI1057
Rhode Island,RI,44,2024,1,untraceable firearms,prohibited,handgun and long gun,NA,NA,Serial Number Requirement,NA,RI1061
Rhode Island,RI,44,2024,1,untraceable firearms,prohibited,handgun and long gun,NA,NA,Ghost Gun Ban,NA,RI1062
Rhode Island,RI,44,2024,1,firearm removal at scene of domestic violence,authorized,handgun and long gun,NA,NA,NA,NA,RI1063
Rhode Island,RI,44,2024,0,firearm sales restrictions,assault weapons ban — Federal,handgun and long gun,NA,NA,"This subtitle and the amendments made by this subtitle—
<< 18 USCA § 921 NOTE >>
(1) shall take effect on the date of the enactment of this Act; and
(2) are repealed effective as of the date that is 10 years after that date.",NA,RI1064
Rhode Island,RI,44,2024,0,firearm sales restrictions,ban on high capacity magazines – federal,handgun and long gun,NA,NA,"This subtitle and the amendments made by this subtitle—
<< 18 USCA § 921 NOTE >>
(1) shall take effect on the date of the enactment of this Act; and
(2) are repealed effective as of the date that is 10 years after that date.",NA,RI1066
Rhode Island,RI,44,2024,1,firearm sales restrictions,ban on high capacity magazines,handgun and long gun,NA,NA,NA,NA,RI1067
Rhode Island,RI,44,2024,1,minimum age,minimum age purchase - federal,long gun,21,NA,NA,NA,RI1068
Rhode Island,RI,44,2024,1,minimum age,minimum age purchase - federal,handgun,18,NA,NA,NA,RI1069
Rhode Island,RI,44,2024,1,minimum age,minimum age possession - federal,handgun,18,NA,NA,NA,RI1070
Rhode Island,RI,44,2024,1,permit to purchase,required,handgun,NA,NA,NA,NA,RI1071
Rhode Island,RI,44,2024,1,gun trafficking,straw purchase - buyer liability,handgun and long gun,NA,NA,NA,NA,RI1072
Rhode Island,RI,44,2024,0.5519125683060109,child access laws,"intentional, reckless, or knowing provision",handgun and long gun,NA,NA,NA,NA,RI1073
South Carolina,SC,45,2024,0,carrying a concealed weapon (ccw),may issue,handgun,NA,NA,NA,NA,SC1003
South Carolina,SC,45,2024,0,carrying a concealed weapon (ccw),prohibited,handgun,NA,NA,NA,NA,SC1004
South Carolina,SC,45,2024,0.1830601092896175,carrying a concealed weapon (ccw),shall issue,handgun,NA,NA,NA,NA,SC1005
South Carolina,SC,45,2024,0,castle doctrine,traditional,handgun and long gun,NA,NA,"See Catalfamo (2007), p. 509.",NA,SC1006
South Carolina,SC,45,2024,1,castle doctrine,stand your ground,handgun and long gun,NA,NA,NA,NA,SC1007
South Carolina,SC,45,2024,0,dealer license,state license requirement,handgun,NA,NA,NA,NA,SC1010
South Carolina,SC,45,2024,1,dealer license,state license requirement,handgun,NA,NA,NA,NA,SC1011
South Carolina,SC,45,2024,1,firearm sales restrictions,saturday night special ban,handgun,NA,NA,NA,NA,SC1013
South Carolina,SC,45,2024,0,prohibited possessor,mental health : adjudicated as mentally incompetent//incapacitated/disabled,handgun,NA,NA,NA,NA,SC1016
South Carolina,SC,45,2024,1,prohibited possessor,mental health : committed to mh facility,handgun and long gun,NA,NA,NA,NA,SC1017
South Carolina,SC,45,2024,1,prohibited possessor,dvro,handgun and long gun,NA,NA,"This law allows for the judge's discretion about whether to bar the defendant from owning, possessing, or purchasing firearms.",NA,SC1018
South Carolina,SC,45,2024,0,background checks,sales from dealer : federal,handgun,NA,NA,Part of the 1994 Brady Handgun Violence Prevention Act (Interim provisions),NA,SC1023
South Carolina,SC,45,2024,1,background checks,sales from dealer : federal,handgun and long gun,NA,NA,The National Instant Criminal Background Check System (NICS) was created in 1998. The Brady Act's interim provisions  requiring background checks for handguns were struck down and replaced with the requirement to conduct background checks on all dealer sales.,NA,SC1024
South Carolina,SC,45,2024,0,firearm sales restrictions,saturday night special ban,handgun,NA,NA,NA,NA,SC1025
South Carolina,SC,45,2024,0,minimum age,youth possession,handgun,21,NA,NA,NA,SC1028
South Carolina,SC,45,2024,1,minimum age,youth possession,handgun,18,NA,NA,NA,SC1029
South Carolina,SC,45,2024,0,minimum age,purchase and sale,handgun,21,NA,NA,NA,SC1031
South Carolina,SC,45,2024,1,minimum age,purchase and sale,handgun,18,NA,NA,NA,SC1032
South Carolina,SC,45,2024,1,firearms in college/university,public and private : CCW not allowed,handgun,NA,NA,Exception for locked vehicles.,NA,SC1035
South Carolina,SC,45,2024,1,firearms in college/university,public and private : possession prohibited,handgun,NA,NA,NA,NA,SC1036
South Carolina,SC,45,2024,1,firearms in college/university,public and private : possession prohibited,long gun,NA,NA,NA,NA,SC1037
South Carolina,SC,45,2024,1,local laws preempted by state,comprehensive,handgun and long gun,NA,NA,"Exception: Code 1976 § 23-31-520:  This article does not affect the authority of any county, municipality, or political subdivision to regulate the careless or negligent discharge or public brandishment of firearms, nor does it prevent the regulation of public brandishment of firearms during the times of or a demonstrated potential for insurrection, invasions, riots, or natural disasters. This article denies any county, municipality, or political subdivision the power to confiscate a firearm or ammunition unless incident to an arrest.",NA,SC1039
South Carolina,SC,45,2024,0,firearm sales restrictions,ban on high capacity magazines – federal,handgun and long gun,NA,NA,"This subtitle and the amendments made by this subtitle—
<< 18 USCA § 921 NOTE >>
(1) shall take effect on the date of the enactment of this Act; and
(2) are repealed effective as of the date that is 10 years after that date.",NA,SC1043
South Carolina,SC,45,2024,1,minimum age,minimum age purchase - federal,long gun,21,NA,NA,NA,SC1044
South Carolina,SC,45,2024,1,minimum age,minimum age purchase - federal,handgun,18,NA,NA,NA,SC1045
South Carolina,SC,45,2024,1,minimum age,minimum age possession - federal,handgun,18,NA,NA,NA,SC1046
South Carolina,SC,45,2024,1,open carry,license required,handgun,NA,NA,NA,NA,SC1047
South Carolina,SC,45,2024,1,prohibited possessor,mental health : adjudicated as mentally incompetent//incapacitated/disabled,handgun,NA,NA,NA,NA,SC1048
South Carolina,SC,45,2024,0,firearm sales restrictions,assault weapons ban — Federal,handgun and long gun,NA,NA,NA,NA,SC1049
South Carolina,SC,45,2024,0.819672131,carrying a concealed weapon (ccw),shall issue (permit not required),handgun,NA,NA,NA,NA,SC1050
South Dakota,SD,46,2024,0,carrying a concealed weapon (ccw),may issue,handgun,NA,NA,NA,NA,SD1003
South Dakota,SD,46,2024,0,carrying a concealed weapon (ccw),shall issue,handgun,NA,NA,NA,NA,SD1004
South Dakota,SD,46,2024,0,castle doctrine,traditional,handgun and long gun,NA,NA,"See Catalfamo (2007), p. 509.",NA,SD1005
South Dakota,SD,46,2024,1,castle doctrine,stand your ground,handgun and long gun,NA,NA,NA,NA,SD1006
South Dakota,SD,46,2024,1,minimum age,youth possession,handgun,18,NA,NA,NA,SD1009
South Dakota,SD,46,2024,0,waiting period,general,handgun,NA,2,NA,NA,SD1015
South Dakota,SD,46,2024,1,waiting period,general,handgun,NA,NA,"Section now says, ""When a pistol is delivered, the pistol shall be securely wrapped and shall be unloaded. A pistol that is securely wrapped and delivered to a purchaser pursuant to this section is not a concealed weapon under § 22‚“14‚“9. A violation of this section is a Class 1 misdemeanor.""",NA,SD1016
South Dakota,SD,46,2024,1,prohibited possessor,dvro ex parte,handgun and long gun,NA,NA,This law includes a discretionary firearm surrender requirement.,NA,SD1023
South Dakota,SD,46,2024,1,carrying a concealed weapon (ccw),shall issue (permit not required),handgun,NA,NA,NA,NA,SD1027
South Dakota,SD,46,2024,0,background checks,sales from dealer : federal,handgun,NA,NA,Part of the 1994 Brady Handgun Violence Prevention Act (Interim provisions),NA,SD1031
South Dakota,SD,46,2024,1,background checks,sales from dealer : federal,handgun and long gun,NA,NA,The National Instant Criminal Background Check System (NICS) was created in 1998. The Brady Act's interim provisions  requiring background checks for handguns were struck down and replaced with the requirement to conduct background checks on all dealer sales.,NA,SD1032
South Dakota,SD,46,2024,1,local laws preempted by state,comprehensive,handgun and long gun,NA,NA,NA,NA,SD1040
South Dakota,SD,46,2024,1,firearms in K-12 educational settings,school personnel other than peace officers,handgun and long gun,NA,NA,NA,NA,SD1043
South Dakota,SD,46,2024,1,firearm removal at scene of domestic violence,authorized,handgun and long gun,NA,NA,NA,NA,SD1044
South Dakota,SD,46,2024,0,firearm sales restrictions,assault weapons ban — Federal,handgun and long gun,NA,NA,"This subtitle and the amendments made by this subtitle—
<< 18 USCA § 921 NOTE >>
(1) shall take effect on the date of the enactment of this Act; and
(2) are repealed effective as of the date that is 10 years after that date.",NA,SD1045
South Dakota,SD,46,2024,0,firearm sales restrictions,ban on high capacity magazines – federal,handgun and long gun,NA,NA,"This subtitle and the amendments made by this subtitle—
<< 18 USCA § 921 NOTE >>
(1) shall take effect on the date of the enactment of this Act; and
(2) are repealed effective as of the date that is 10 years after that date.",NA,SD1047
South Dakota,SD,46,2024,1,minimum age,minimum age purchase - federal,long gun,21,NA,NA,NA,SD1048
South Dakota,SD,46,2024,1,minimum age,minimum age purchase - federal,handgun,18,NA,NA,NA,SD1049
South Dakota,SD,46,2024,1,minimum age,minimum age possession - federal,handgun,18,NA,NA,NA,SD1050
South Dakota,SD,46,2024,0.5027322404371585,firearms in K-12 educational settings,school personnel other than peace officers,handgun and long gun,NA,NA,NA,NA,SD1051
South Dakota,SD,46,2024,1,prohibited possessor,dvro ex parte : expanded,handgun and long gun,NA,NA,This law includes a discretionary firearm surrender requirement.,NA,SD1052
Tennessee,TN,47,2024,0,background checks,private sales : point of sale,handgun,NA,NA,"This law required a ""good moral character"" check with the Sherriff. The law explicitly lists  felonies, indictments, fugitive status, and mentally ill persons among those not of such character (N.C. Gen. Stat. § 14-404).",NA,TN1001
Tennessee,TN,47,2024,1,background checks,private sales : point of sale,handgun,NA,NA,NA,NA,TN1002
Tennessee,TN,47,2024,0,background checks,sales from dealer,handgun,NA,NA,"Initial law, Tenn. Code Ann. § 39-4904(b), had 3-day waiting period. Not relevant for background check, but potentially confusing.",NA,TN1004
Tennessee,TN,47,2024,1,background checks,sales from dealer,handgun,NA,NA,NA,NA,TN1005
Tennessee,TN,47,2024,1,background checks,sales from dealer,long gun,NA,NA,NA,NA,TN1006
Tennessee,TN,47,2024,0,carrying a concealed weapon (ccw),may issue,handgun,NA,NA,NA,NA,TN1008
Tennessee,TN,47,2024,0,carrying a concealed weapon (ccw),prohibited,handgun,NA,NA,Unclear what year this law was first implemented.,NA,TN1009
Tennessee,TN,47,2024,0,carrying a concealed weapon (ccw),shall issue,handgun,NA,NA,NA,"Vernick and Hepburn (2003) state the year of implementation as 1996. Aneja, Donohue, and Zhang (2014) explain why the 1996 law is more appropriate, and we agree.",TN1010
Tennessee,TN,47,2024,0,castle doctrine,traditional,handgun and long gun,NA,NA,NA,NA,TN1011
Tennessee,TN,47,2024,0,castle doctrine,traditional,handgun and long gun,NA,NA,"See Catalfamo (2007), p. 509.",NA,TN1012
Tennessee,TN,47,2024,1,castle doctrine,stand your ground,handgun and long gun,NA,NA,NA,NA,TN1013
Tennessee,TN,47,2024,1,child access laws,"intentional, reckless, or knowing provision",handgun,NA,NA,NA,NA,TN1015
Tennessee,TN,47,2024,1,dealer license,state license requirement,handgun,NA,NA,NA,NA,TN1016
Tennessee,TN,47,2024,1,minimum age,purchase and sale,long gun,18,NA,Tenn. Code Ann. § 39-11-106(a)(23) defines minor as under 18.,NA,TN1018
Tennessee,TN,47,2024,1,open carry,license required,handgun,NA,NA,NA,NA,TN1021
Tennessee,TN,47,2024,1,open carry,limited : prohibited : loaded,long gun,NA,NA,NA,NA,TN1023
Tennessee,TN,47,2024,1,minimum age,purchase and sale,handgun,18,NA,Tenn. Code Ann. § 39-11-106(a)(23) defines minor as under 18.,NA,TN1028
Tennessee,TN,47,2024,0,permit to purchase,maximum waiting period,handgun,NA,3,NA,NA,TN1031
Tennessee,TN,47,2024,0,permit to purchase,maximum waiting period,handgun,NA,15,NA,NA,TN1032
Tennessee,TN,47,2024,1,waiting period,general,handgun,NA,NA,NA,NA,TN1033
Tennessee,TN,47,2024,1,prohibited possessor,dvro : expanded,handgun and long gun,NA,NA,This law includes a firearm surrender requirement.,NA,TN1034
Tennessee,TN,47,2024,0,background checks,sales from dealer : federal,handgun,NA,NA,Part of the 1994 Brady Handgun Violence Prevention Act (Interim provisions),NA,TN1039
Tennessee,TN,47,2024,1,background checks,sales from dealer : federal,handgun and long gun,NA,NA,The National Instant Criminal Background Check System (NICS) was created in 1998. The Brady Act's interim provisions  requiring background checks for handguns were struck down and replaced with the requirement to conduct background checks on all dealer sales.,NA,TN1040
Tennessee,TN,47,2024,1,firearm removal at scene of domestic violence,required,handgun and long gun,NA,NA,NA,NA,TN1045
Tennessee,TN,47,2024,1,firearms in college/university,public and private : possession prohibited,long gun,NA,NA,NA,NA,TN1047
Tennessee,TN,47,2024,1,firearms in college/university,public and private : CCW not allowed,handgun,NA,NA,Exception for nonstudent adults in a vehicle and for employees.,NA,TN1048
Tennessee,TN,47,2024,1,firearms in college/university,public and private : possession prohibited,handgun,NA,NA,NA,NA,TN1049
Tennessee,TN,47,2024,1,local laws preempted by state,comprehensive,handgun and long gun,NA,NA,"Law amended in 2017 to provide additional sanction: civil liability.

Exceptions: (b) A city, county, town, municipality or metropolitan government is expressly authorized to regulate by ordinance, resolution, policy, rule or other enactment the following:

(1) The carrying of firearms by employees or independent contractors of the city, county, town municipality or metropolitan government when acting in the course and scope of their employment or contract, except as otherwise provided in § 39-17-1313;

(2) The discharge of firearms within the boundaries of the applicable city, county, town, municipality or metropolitan government, except when and where the discharge of a firearm is expressly authorized or permitted by state law;

(3) The location of a sport shooting range, except as otherwise provided in §§ 39-17-316 and 13-3-412. To the extent that a city, county, town, municipality, or metropolitan government has or enforces any regulation of privately owned or operated sport shooting ranges, the city, county, town, municipality, or metropolitan government shall not impose greater restrictions or requirements on privately owned or operated ranges than are applicable to any range located within the same unit of local government and owned or operated by a government entity. A party may challenge any regulation of a sport shooting range that violates this subdivision (b)(3) in the manner described in subsection (g); and

(4) The enforcement of any state or federal law pertaining to firearms, ammunition, or components of firearms or ammunition, or combinations thereof.",NA,TN1051
Tennessee,TN,47,2024,1,firearms in K-12 educational settings,school personnel other than peace officers,handgun and long gun,NA,NA,NA,NA,TN1054
Tennessee,TN,47,2024,1,carrying a concealed weapon (ccw),shall issue (permit not required),handgun,NA,NA,NA,NA,TN1055
Tennessee,TN,47,2024,0,firearm sales restrictions,assault weapons ban — Federal,handgun and long gun,NA,NA,"This subtitle and the amendments made by this subtitle—
<< 18 USCA § 921 NOTE >>
(1) shall take effect on the date of the enactment of this Act; and
(2) are repealed effective as of the date that is 10 years after that date.",NA,TN1056
Tennessee,TN,47,2024,0,firearm sales restrictions,ban on high capacity magazines – federal,handgun and long gun,NA,NA,"This subtitle and the amendments made by this subtitle—
<< 18 USCA § 921 NOTE >>
(1) shall take effect on the date of the enactment of this Act; and
(2) are repealed effective as of the date that is 10 years after that date.",NA,TN1058
Tennessee,TN,47,2024,1,local laws preempted by state,comprehensive - punitive,handgun and long gun,NA,NA,"Law amended in 2017 to provide additional sanction: civil liability.

Exceptions: (b) A city, county, town, municipality or metropolitan government is expressly authorized to regulate by ordinance, resolution, policy, rule or other enactment the following:

(1) The carrying of firearms by employees or independent contractors of the city, county, town municipality or metropolitan government when acting in the course and scope of their employment or contract, except as otherwise provided in § 39-17-1313;

(2) The discharge of firearms within the boundaries of the applicable city, county, town, municipality or metropolitan government, except when and where the discharge of a firearm is expressly authorized or permitted by state law;

(3) The location of a sport shooting range, except as otherwise provided in §§ 39-17-316 and 13-3-412. To the extent that a city, county, town, municipality, or metropolitan government has or enforces any regulation of privately owned or operated sport shooting ranges, the city, county, town, municipality, or metropolitan government shall not impose greater restrictions or requirements on privately owned or operated ranges than are applicable to any range located within the same unit of local government and owned or operated by a government entity. A party may challenge any regulation of a sport shooting range that violates this subdivision (b)(3) in the manner described in subsection (g); and

(4) The enforcement of any state or federal law pertaining to firearms, ammunition, or components of firearms or ammunition, or combinations thereof.",NA,TN1059
Tennessee,TN,47,2024,1,minimum age,minimum age purchase - federal,long gun,21,NA,NA,NA,TN1060
Tennessee,TN,47,2024,1,minimum age,minimum age purchase - federal,handgun,18,NA,NA,NA,TN1061
Tennessee,TN,47,2024,1,minimum age,minimum age possession - federal,handgun,18,NA,NA,NA,TN1062
Tennessee,TN,47,2024,1,prohibited possessor,mental health : committed to mh facility,handgun and long gun,NA,NA,NA,NA,TN1063
Tennessee,TN,47,2024,0.5027322404371585,firearms in K-12 educational settings,school personnel other than peace officers,handgun and long gun,NA,NA,NA,NA,TN1064
Tennessee,TN,47,2024,1,minimum age,youth possession,handgun,18,NA,"Exceptions for hunting, sporting, adult supervision and parental consent",NA,TN1065
Texas,TX,48,2024,0,carrying a concealed weapon (ccw),prohibited,handgun,NA,NA,NA,NA,TX1003
Texas,TX,48,2024,0,carrying a concealed weapon (ccw),shall issue,handgun,NA,NA,NA,NA,TX1004
Texas,TX,48,2024,0,castle doctrine,traditional,handgun and long gun,NA,NA,NA,NA,TX1005
Texas,TX,48,2024,1,castle doctrine,stand your ground,handgun and long gun,NA,NA,NA,NA,TX1006
Texas,TX,48,2024,1,child access laws,negligent storage,handgun and long gun,NA,NA,NA,NA,TX1008
Texas,TX,48,2024,1,minimum age,purchase and sale,long gun,18,NA,NA,NA,TX1011
Texas,TX,48,2024,1,open carry,license required,handgun,NA,NA,NA,NA,TX1013
Texas,TX,48,2024,0,open carry,prohibited,handgun,NA,NA,NA,NA,TX1014
Texas,TX,48,2024,1,minimum age,purchase and sale,handgun,18,NA,NA,NA,TX1022
Texas,TX,48,2024,0,prohibited possessor,dvro,handgun and long gun,NA,NA,Date from Vigdor and Mercy 2006,NA,TX1024
Texas,TX,48,2024,1,prohibited possessor,dvro : expanded,handgun and long gun,NA,NA,NA,NA,TX1025
Texas,TX,48,2024,1,prohibited possessor,dvro ex parte,handgun and long gun,NA,NA,NA,NA,TX1026
Texas,TX,48,2024,0,background checks,sales from dealer : federal,handgun,NA,NA,Part of the 1994 Brady Handgun Violence Prevention Act (Interim provisions),NA,TX1033
Texas,TX,48,2024,1,background checks,sales from dealer : federal,handgun and long gun,NA,NA,The National Instant Criminal Background Check System (NICS) was created in 1998. The Brady Act's interim provisions  requiring background checks for handguns were struck down and replaced with the requirement to conduct background checks on all dealer sales.,NA,TX1034
Texas,TX,48,2024,0,castle doctrine,traditional,handgun and long gun,NA,NA,NA,NA,TX1039
Texas,TX,48,2024,0,waiting period,federal,handgun,NA,5,"In general, the waiting period applies only in states without an acceptable alternate system of conducting background checks on handgun purchasers. The interim provisions of the Brady Law became effective on February 28, 1994, and ceased to apply on November 30, 1998.",NA,TX1040
Texas,TX,48,2024,1,waiting period,federal,handgun,NA,NA,NA,NA,TX1041
Texas,TX,48,2024,1,firearms in college/university,public : CCW allowed,handgun,NA,NA,"Section (e) explains why in practice this does not apply to private institutions: (e) A private or independent institution of higher education in this state, after consulting with students, staff, and faculty of the institution, may establish rules, regulations, or other provisions prohibiting license holders from carrying handguns on the campus of the institution, any grounds or building on which an activity sponsored by the institution is being conducted, or a passenger transportation vehicle owned by the institution.",NA,TX1043
Texas,TX,48,2024,1,firearms in college/university,public and private : possession prohibited,handgun,NA,NA,NA,NA,TX1044
Texas,TX,48,2024,1,firearms in college/university,public and private : possession prohibited,long gun,NA,NA,NA,NA,TX1045
Texas,TX,48,2024,1,local laws preempted by state,comprehensive,handgun and long gun,NA,NA,"Exceptions: b) Subsection (a) does not affect the authority a municipality has under another law to:

(1) require residents or public employees to be armed for personal or national defense, law enforcement, or another lawful purpose;

(2) regulate the discharge of firearms or air guns within the limits of the municipality, other than at a sport shooting range;

(3) except as provided by Subsection (b-1), adopt or enforce a generally applicable zoning ordinance, land use regulation, fire code, or business ordinance ;

(4) regulate the use of firearms, air guns, or knives in the case of an insurrection, riot, or natural disaster if the municipality finds the regulations necessary to protect public health and safety;

(5) regulate the storage or transportation of explosives to protect public health and safety, except that 25 pounds or less of black powder for each private residence and 50 pounds or less of black powder for each retail dealer are not subject to regulation;

(6) regulate the carrying of a firearm or air gun by a person other than a person licensed to carry a handgun under Subchapter H, Chapter 411, Government Code,1 at a:

(A) public park;

(B) public meeting of a municipality, county, or other governmental body;

(C) political rally, parade, or official political meeting; or

(D) nonfirearms-related school, college, or professional athletic event;

(7) regulate the carrying of a firearm by a person licensed to carry a handgun under Subchapter H, Chapter 411, Government Code, in accordance with Section 411.209, Government Code;

(8) regulate the hours of operation of a sport shooting range, except that the hours of operation may not be more limited than the least limited hours of operation of any other business in the municipality other than a business permitted or licensed to sell or serve alcoholic beverages for on-premises consumption;

(9) regulate the carrying of an air gun by a minor on:

(A) public property; or

(B) private property without consent of the property owner; or

(10) except as provided by Subsection (d-1), regulate or prohibit an employee's carrying or possession of a firearm, firearm accessory, or ammunition in the course of the employee's official duties.",NA,TX1047
Texas,TX,48,2024,1,firearms in K-12 educational settings,school personnel other than peace officers,handgun and long gun,NA,NA,NA,NA,TX1050
Texas,TX,48,2024,1,carrying a concealed weapon (ccw),shall issue (permit not required),handgun,NA,NA,NA,NA,TX1051
Texas,TX,48,2024,0,firearm sales restrictions,assault weapons ban — Federal,handgun and long gun,NA,NA,"This subtitle and the amendments made by this subtitle—
<< 18 USCA § 921 NOTE >>
(1) shall take effect on the date of the enactment of this Act; and
(2) are repealed effective as of the date that is 10 years after that date.",NA,TX1052
Texas,TX,48,2024,0,firearm sales restrictions,ban on high capacity magazines – federal,handgun and long gun,NA,NA,"This subtitle and the amendments made by this subtitle—
<< 18 USCA § 921 NOTE >>
(1) shall take effect on the date of the enactment of this Act; and
(2) are repealed effective as of the date that is 10 years after that date.",NA,TX1054
Texas,TX,48,2024,1,local laws preempted by state,comprehensive - punitive,handgun and long gun,NA,NA,"Exceptions: b) Subsection (a) does not affect the authority a municipality has under another law to:

(1) require residents or public employees to be armed for personal or national defense, law enforcement, or another lawful purpose;

(2) regulate the discharge of firearms or air guns within the limits of the municipality, other than at a sport shooting range;

(3) except as provided by Subsection (b-1), adopt or enforce a generally applicable zoning ordinance, land use regulation, fire code, or business ordinance ;

(4) regulate the use of firearms, air guns, or knives in the case of an insurrection, riot, or natural disaster if the municipality finds the regulations necessary to protect public health and safety;

(5) regulate the storage or transportation of explosives to protect public health and safety, except that 25 pounds or less of black powder for each private residence and 50 pounds or less of black powder for each retail dealer are not subject to regulation;

(6) regulate the carrying of a firearm or air gun by a person other than a person licensed to carry a handgun under Subchapter H, Chapter 411, Government Code,1 at a:

(A) public park;

(B) public meeting of a municipality, county, or other governmental body;

(C) political rally, parade, or official political meeting; or

(D) nonfirearms-related school, college, or professional athletic event;

(7) regulate the carrying of a firearm by a person licensed to carry a handgun under Subchapter H, Chapter 411, Government Code, in accordance with Section 411.209, Government Code;

(8) regulate the hours of operation of a sport shooting range, except that the hours of operation may not be more limited than the least limited hours of operation of any other business in the municipality other than a business permitted or licensed to sell or serve alcoholic beverages for on-premises consumption;

(9) regulate the carrying of an air gun by a minor on:

(A) public property; or

(B) private property without consent of the property owner; or

(10) except as provided by Subsection (d-1), regulate or prohibit an employee's carrying or possession of a firearm, firearm accessory, or ammunition in the course of the employee's official duties.",NA,TX1055
Texas,TX,48,2024,1,minimum age,minimum age purchase - federal,long gun,21,NA,NA,NA,TX1056
Texas,TX,48,2024,1,minimum age,minimum age purchase - federal,handgun,18,NA,NA,NA,TX1057
Texas,TX,48,2024,1,minimum age,minimum age possession - federal,handgun,18,NA,NA,NA,TX1058
Utah,UT,49,2024,1,background checks,sales from dealer,handgun,NA,NA,NA,NA,UT1002
Utah,UT,49,2024,1,background checks,sales from dealer,long gun,NA,NA,NA,NA,UT1004
Utah,UT,49,2024,0,carrying a concealed weapon (ccw),may issue,handgun,NA,NA,NA,NA,UT1005
Utah,UT,49,2024,0,carrying a concealed weapon (ccw),shall issue,handgun,NA,NA,NA,NA,UT1006
Utah,UT,49,2024,0,castle doctrine,traditional,handgun and long gun,NA,NA,NA,NA,UT1007
Utah,UT,49,2024,1,castle doctrine,stand your ground,handgun and long gun,NA,NA,"Subsection 1 says that force that is likely to cause death or serious injury is justified to ‚”prevent death or serious bodily injury‚…as a result of another person's imminent use of unlawful force, or to prevent the commission of a forcible felony.” The exception in (2)(a)(iii) is where the individual in question was the aggressor or was ‚”engaged in combat by agreement” unless they withdrew from the combat or expressed their intention to do so.",NA,UT1008
Utah,UT,49,2024,1,child access laws,"intentional, reckless, or knowing provision",handgun and long gun,NA,NA,NA,NA,UT1010
Utah,UT,49,2024,1,minimum age,purchase and sale,long gun,18,NA,Not included in the Giffords Law Center to Prevent Gun Violence (undated) website. Vernick and Hepburn (2003) state that it applies to handguns only.,NA,UT1014
Utah,UT,49,2024,0,open carry,limited : prohibited : loaded,handgun,NA,NA,NA,NA,UT1020
Utah,UT,49,2024,1,open carry,license required,handgun,NA,NA,NA,NA,UT1021
Utah,UT,49,2024,1,minimum age,youth possession,handgun,18,NA,NA,NA,UT1033
Utah,UT,49,2024,1,minimum age,purchase and sale,handgun,18,NA,Not included in the Giffords Law Center to Prevent Gun Violence (undated) website. Vernick and Hepburn (2003) state that it applies to handguns only.,NA,UT1034
Utah,UT,49,2024,0,prohibited possessor,dvro,handgun and long gun,NA,NA,"This law allows for the judge's discretion about whether to bar the defendant from owning, possessing, or purchasing firearms. Originally passed as Sec. 78B–7–106.  Renumbered as § 78B-7-603 on 7/1/20.",NA,UT1036
Utah,UT,49,2024,0,prohibited possessor,mental health : adjudicated as mentally incompetent//incapacitated/disabled,handgun,NA,NA,NA,NA,UT1037
Utah,UT,49,2024,0,prohibited possessor,mental health : committed to mh facility,handgun,NA,NA,NA,NA,UT1038
Utah,UT,49,2024,1,prohibited possessor,mental health : committed to mh facility,handgun and long gun,NA,NA,NA,NA,UT1039
Utah,UT,49,2024,1,prohibited possessor,mental health : adjudicated as mentally incompetent//incapacitated/disabled,handgun and long gun,NA,NA,NA,NA,UT1040
Utah,UT,49,2024,1,prohibited possessor,dvro ex parte : expanded,handgun and long gun,NA,NA,"This law allows for the judge's discretion about whether to bar the defendant from owning, possessing, or purchasing firearms. Originally passed as Sec. 78B–7–106.  Renumbered as § 78B-7-603 on 7/1/20.",NA,UT1041
Utah,UT,49,2024,1,prohibited possessor,dvro : expanded,handgun and long gun,NA,NA,"This law allows for the judge's discretion about whether to bar the defendant from owning, possessing, or purchasing firearms.",NA,UT1042
Utah,UT,49,2024,0,open carry,prohibited,long gun,NA,NA,NA,NA,UT1046
Utah,UT,49,2024,0,background checks,sales from dealer : federal,handgun,NA,NA,Part of the 1994 Brady Handgun Violence Prevention Act (Interim provisions),NA,UT1049
Utah,UT,49,2024,1,background checks,sales from dealer : federal,handgun and long gun,NA,NA,The National Instant Criminal Background Check System (NICS) was created in 1998. The Brady Act's interim provisions  requiring background checks for handguns were struck down and replaced with the requirement to conduct background checks on all dealer sales.,NA,UT1050
Utah,UT,49,2024,0,castle doctrine,traditional,handgun and long gun,NA,NA,NA,NA,UT1054
Utah,UT,49,2024,1,firearm removal at scene of domestic violence,required,handgun and long gun,NA,NA,U.C.A. 1953 § 78B-7-408(1)(b) extends this protection to victims of dating violence; ß 76-5-106.5(17)(a)(ii)  extneds to victims of stalking. Effective 2018.,NA,UT1055
Utah,UT,49,2024,1,firearms in college/university,public : CCW allowed,handgun,NA,NA,NA,NA,UT1057
Utah,UT,49,2024,1,firearms in college/university,public and private : possession prohibited,handgun,NA,NA,NA,NA,UT1058
Utah,UT,49,2024,1,firearms in college/university,public and private : possession prohibited,long gun,NA,NA,NA,NA,UT1059
Utah,UT,49,2024,1,local laws preempted by state,comprehensive,handgun and long gun,NA,NA,"Initially passed as  UT ST § 63-98-102.

Exception: U.C.A. 1953 § 10-8-47 (1) A municipal legislative body may: (c) regulate and prevent the discharge of firearms, rockets, powder, fireworks in accordance with Section 53-7-225, or any other dangerous or combustible material;",NA,UT1061
Utah,UT,49,2024,0,firearm sales restrictions,ban on high capacity magazines – federal,handgun and long gun,NA,NA,"This subtitle and the amendments made by this subtitle—
<< 18 USCA § 921 NOTE >>
(1) shall take effect on the date of the enactment of this Act; and
(2) are repealed effective as of the date that is 10 years after that date.",NA,UT1065
Utah,UT,49,2024,1,minimum age,youth possession,long gun,18,NA,NA,NA,UT1066
Utah,UT,49,2024,1,minimum age,minimum age purchase - federal,long gun,21,NA,NA,NA,UT1067
Utah,UT,49,2024,1,minimum age,minimum age purchase - federal,handgun,18,NA,NA,NA,UT1068
Utah,UT,49,2024,1,minimum age,minimum age possession - federal,handgun,18,NA,NA,NA,UT1069
Utah,UT,49,2024,1,carrying a concealed weapon (ccw),shall issue (permit not required),handgun,NA,NA,NA,NA,UT1070
Utah,UT,49,2024,0,firearm sales restrictions,assault weapons ban — Federal,handgun and long gun,NA,NA,"This subtitle and the amendments made by this subtitle—
<< 18 USCA § 921 NOTE >>
(1) shall take effect on the date of the enactment of this Act; and
(2) are repealed effective as of the date that is 10 years after that date.",NA,UT1071
Utah,UT,49,2024,0.6693989071038251,firearms in K-12 educational settings,school personnel other than peace officers,handgun and long gun,NA,NA,NA,NA,UT1072
Virginia,VA,51,2024,1,background checks,sales from dealer,handgun,NA,NA,"Note that current law currently defines a firearm as ""any handgun, shotgun, or rifle that will or is designed to or may readily be converted to expel single or multiple projectiles by action of an explosion of a combustible material.""",NA,VA1002
Virginia,VA,51,2024,1,background checks,sales from dealer,long gun,NA,NA,NA,NA,VA1004
Virginia,VA,51,2024,0,carrying a concealed weapon (ccw),prohibited,handgun,NA,NA,NA,NA,VA1005
Virginia,VA,51,2024,1,carrying a concealed weapon (ccw),shall issue,handgun,NA,NA,"There has been some disagreement about the appropriate implementation date. Aneja, Donohue, and Zhang (2014) describe the disagreement between the 1986 and 1988 laws. However, we use 1995 as the year of implementation, because earlier laws weren't treated as ""shall issue"" by judges. The 1995 law eliminated the ""need to carry"" requirement, resulting in many more permits.",NA,VA1006
Virginia,VA,51,2024,1,child access laws,safe storage,handgun and long gun,NA,NA,NA,NA,VA1008
Virginia,VA,51,2024,0,dealer license,state license requirement,handgun,NA,NA,"Applied in counties with 1,000+ residents. See Code 1950, § 59-144 for original citation.",NA,VA1009
Virginia,VA,51,2024,1,dealer license,state license requirement,handgun,NA,NA,NA,NA,VA1010
Virginia,VA,51,2024,1,minimum age,youth possession,handgun,18,NA,Also applied to assault weapons.,NA,VA1013
Virginia,VA,51,2024,1,minimum age,purchase and sale,handgun,18,NA,"""Minor"" defined in Va. Code Ann. § 1-207 as under 18.",NA,VA1015
Virginia,VA,51,2024,0,firearm sales restrictions,one gun per month,handgun,NA,NA,NA,NA,VA1016
Virginia,VA,51,2024,0,firearm sales restrictions,one gun per month,handgun,NA,NA,"The 2012 amendments by cc. 37 and 257 are identical, and repealed subsection P,

relating to the limitation on handgun purchases to no more than one per month.",NA,VA1017
Virginia,VA,51,2024,1,open carry,limited,handgun,NA,NA,NA,NA,VA1019
Virginia,VA,51,2024,0,prohibited possessor,mental health : committed to mh facility,handgun and long gun,NA,NA,"Concerns commitment after criminal trials. ""Any person so acquitted may, upon discharge from the custody of the Commissioner, petition the general district court in the city or county in which he resides or, if the person is not a resident of the Commonwealth, the general district court of the city or county in which the most recent of the proceedings described in subsection A occurred to restore his right to purchase, possess, or transport a firearm.""",NA,VA1028
Virginia,VA,51,2024,1,prohibited possessor,mental health : adjudicated as mentally incompetent//incapacitated/disabled,handgun and long gun,NA,NA,"See VA Code Ann. § 64.2-2000:  ""A finding that a person is incapacitated shall be construed as a finding that the person is 'mentally incompetent' as that term is used in Article II, Section 1 of the Constitution of Virginia and Title 24.2 unless the court order entered pursuant to this chapter specifically provides otherwise.""                                   B. Any person whose competency or capacity has been restored pursuant to former § 37.1-134.1, former § 37.2-1012, or § 64.2-2012 may petition the general district court in the city or county in which he resides or, if the person is not a resident of the Commonwealth, the general district court of the city or county in which the most recent of the proceedings described in subsection A occurred to restore his right to purchase, possess or transport a firearm.",NA,VA1029
Virginia,VA,51,2024,1,prohibited possessor,mental health : committed to mh facility : outpatient,handgun and long gun,NA,NA,NA,NA,VA1030
Virginia,VA,51,2024,1,prohibited possessor,dvro,handgun and long gun,NA,NA,"Section A is a prohibition on purchasing, carrying firearms was passed earlier. Ex parte component applies only to purchase/transport provision. In 2000, VA added a firearm surrender requirement with H 1004.",NA,VA1031
Virginia,VA,51,2024,1,open carry,limited,long gun,NA,NA,NA,NA,VA1036
Virginia,VA,51,2024,0,background checks,sales from dealer : federal,handgun,NA,NA,Part of the 1994 Brady Handgun Violence Prevention Act (Interim provisions),NA,VA1041
Virginia,VA,51,2024,1,background checks,sales from dealer : federal,handgun and long gun,NA,NA,The National Instant Criminal Background Check System (NICS) was created in 1998. The Brady Act's interim provisions  requiring background checks for handguns were struck down and replaced with the requirement to conduct background checks on all dealer sales.,NA,VA1042
Virginia,VA,51,2024,1,castle doctrine,traditional,handgun and long gun,NA,NA,NA,NA,VA1047
Virginia,VA,51,2024,1,firearms in college/university,public : CCW allowed (open areas),handgun,NA,NA,CCW allowed in open areas of public universities. They may regulate CCW in other locations.,NA,VA1050
Virginia,VA,51,2024,1,firearms in college/university,public : CCW not allowed,handgun,NA,NA,NA,NA,VA1051
Virginia,VA,51,2024,1,local laws preempted by state,comprehensive,handgun and long gun,NA,NA,"According to Giffords, prior to a 2004 amendment, this section -915 only prohibited the adoption of new ordinances not specifically authorized by statute and did not prevent the enforcement of ordinances that had been adopted before January 1, 1987. It now prevents the enforcement of all local firearms ordinances not specifically authorized by statute, even those adopted prior to January 1, 1987 – ordinances that remained valid under the previous preemption statute.

Exceptions: VA Code Ann.  §§ 15.2-1209, 1209.1, 15.2-915.2, 15.2-1113; Any municipal corporation may by ordinance prohibit all hunting with firearms or other weapons in, or within one-half mile of, any subdivision or other area of such municipal corporation which, in the opinion of the governing body, is so heavily populated as to make such hunting dangerous to the inhabitants thereof: Any county may prohibit the outdoor shooting of firearms or arrows from bows or arrowguns in any areas of the county which are in the opinion of the governing body so heavily populated as to make such conduct dangerous to the inhabitants thereof; The governing body of any county is hereby empowered to adopt ordinances making it unlawful for any person to carry or have in his possession, for the purpose of hunting, while on any part of a public highway within such county a loaded firearm when such person is not authorized to hunt on the private property on both sides of the highway along which he is standing or walking; Any municipal corporation may by ordinance prohibit all hunting with firearms or other weapons in, or within one-half mile of, any subdivision or other area of such municipal corporation which, in the opinion of the governing body, is so heavily populated as to make such hunting dangerous to the inhabitants thereof; The governing body of any county or city may by ordinance make it unlawful for any person to transport, possess or carry a loaded shotgun or loaded rifle in any vehicle on any public street, road, or highway within such locality; A municipal corporation may regulate or prohibit the conduct of any dangerous, offensive or unhealthful business, trade or employment; the transportation of any offensive substance; the manufacture, storage, transportation, possession and use of any explosive or inflammable substance; and the use and exhibition of fireworks and the discharge of firearms.",NA,VA1053
Virginia,VA,51,2024,0,required reporting of lost or stolen firearms,tracing firearms used in crimes,handgun and long gun,NA,NA,NA,NA,VA1056
Virginia,VA,51,2024,1,required reporting of lost or stolen firearms,tracing firearms used in crimes,handgun and long gun,NA,The updated law requires state police to share information collected on seized guns with other state law enforcement agencies and the ATF National Tracing Center.,"The law does not specify if it's for handguns, long guns or both",NA,VA1057
Virginia,VA,51,2024,1,firearm sales restrictions,one gun per month,handgun,NA,NA,NA,NA,VA1058
Virginia,VA,51,2024,1,gun trafficking,straw purchase - buyer and seller liability,handgun and long gun,NA,NA,NA,NA,VA1060
Virginia,VA,51,2024,1,untraceable firearms,prohibited,handgun and long gun,NA,NA,Ghost Gun Ban,NA,VA1061
Virginia,VA,51,2024,1,prohibited possessor,erpo,handgun and long gun,NA,NA,Do we need chapter 9/2 which details an ERPO?,NA,VA1062
Virginia,VA,51,2024,1,required reporting of lost or stolen firearms,lost and stolen firearms,handgun and long gun,NA,NA,NA,NA,VA1063
Virginia,VA,51,2024,1,background checks,private sales : point of sale,handgun and long gun,NA,NA,NA,NA,VA1064
Virginia,VA,51,2024,1,background checks,extra time,handgun,NA,NA,NA,NA,VA1065
Virginia,VA,51,2024,1,background checks,extra time,long gun,NA,NA,NA,NA,VA1066
Virginia,VA,51,2024,1,firearm removal at scene of domestic violence,required,handgun and long gun,NA,NA,NA,NA,VA1068
Virginia,VA,51,2024,0,firearm sales restrictions,assault weapons ban — Federal,handgun and long gun,NA,NA,"This subtitle and the amendments made by this subtitle—
<< 18 USCA § 921 NOTE >>
(1) shall take effect on the date of the enactment of this Act; and
(2) are repealed effective as of the date that is 10 years after that date.",NA,VA1069
Virginia,VA,51,2024,0,firearm sales restrictions,ban on high capacity magazines – federal,handgun and long gun,NA,NA,"This subtitle and the amendments made by this subtitle—
<< 18 USCA § 921 NOTE >>
(1) shall take effect on the date of the enactment of this Act; and
(2) are repealed effective as of the date that is 10 years after that date.",NA,VA1071
Virginia,VA,51,2024,1,gun trafficking,straw purchase - buyer liability,handgun and long gun,NA,NA,A mandatory minimum provision for straw purchasers involving more than one firearm was added in 2005,NA,VA1072
Virginia,VA,51,2024,1,minimum age,minimum age purchase - federal,long gun,21,NA,NA,NA,VA1073
Virginia,VA,51,2024,1,minimum age,minimum age purchase - federal,handgun,18,NA,NA,NA,VA1074
Virginia,VA,51,2024,1,minimum age,minimum age possession - federal,handgun,18,NA,NA,NA,VA1075
Virginia,VA,51,2024,1,prohibited possessor,dvro ex parte,handgun and long gun,NA,NA,"Only prohibits purchase or transportation of firearms, not possession.",NA,VA1076
Vermont,VT,50,2024,1,carrying a concealed weapon (ccw),shall issue (permit not required),handgun,NA,NA,NA,NA,VT1003
Vermont,VT,50,2024,1,minimum age,youth possession,handgun,16,NA,NA,NA,VT1006
Vermont,VT,50,2024,1,prohibited possessor,dvro ex parte,handgun and long gun,NA,NA,"Determined by the Vermont Supreme Court, in Benson v. Muscari, 172 Vt. 1, 769 A.2d 1291  (2001) to allow for firearm prohibition. Though already done in practice, a 2022 law made explicit that under § 1104 courts may require firearm relinqueshment and prohibit firearm purchase or possession while an ex parte order is in effect.",NA,VT1018
Vermont,VT,50,2024,1,prohibited possessor,erpo : ex parte,handgun and long gun,NA,NA,"In emergency cases, a State’s Attorney or the Attorney General may instead request that the court issue an ex parte temporary ERPO, prior to providing notice and holding a hearing. 6  In such cases, the court will issue an ex parte ERPO if it finds by a preponderance of the evidence that, at the time the ERPO is requested, the respondent poses an imminent and extreme risk of causing harm to self or others by purchasing, possessing, or receiving a firearm or by having a firearm within his or her custody or control.7 The temporary ERPO may generally only be in effect for up to 14 days, before the court holds a full hearing “as soon as reasonably possible” within that timeframe regarding whether to grant a longer ERPO.

Only State Attorney General or State's Attorney may request that the court issue an ex parte temporary ERPO.",NA,VT1019
Vermont,VT,50,2024,1,background checks,private sales : point of sale,handgun,NA,NA,NA,NA,VT1022
Vermont,VT,50,2024,1,minimum age,purchase and sale,handgun,16,NA,"Does not apply if buyer has completed a hunter safety course, and there is no age ilmit on who may take these courses or receive these certificates, so we treat this law as not a true minimum age law, instead treating VT Title 13, Chap. 85, Sec 4007 as setting the minimum age of purchase.",NA,VT1027
Vermont,VT,50,2024,1,minimum age,purchase and sale,long gun,16,NA,"Does not apply if buyer has completed a hunter safety course, and there is no age ilmit on who may take these courses or receive these certificates, so we treat this law as not a true minimum age law, instead treating VT Title 13, Chap. 85, Sec 4007 as setting the minimum age of purchase.",NA,VT1028
Vermont,VT,50,2024,1,background checks,private sales : point of sale,long gun,NA,NA,NA,NA,VT1029
Vermont,VT,50,2024,0,background checks,sales from dealer : federal,handgun,NA,NA,Part of the 1994 Brady Handgun Violence Prevention Act (Interim provisions),NA,VT1033
Vermont,VT,50,2024,1,background checks,sales from dealer : federal,handgun and long gun,NA,NA,The National Instant Criminal Background Check System (NICS) was created in 1998. The Brady Act's interim provisions  requiring background checks for handguns were struck down and replaced with the requirement to conduct background checks on all dealer sales.,NA,VT1034
Vermont,VT,50,2024,1,castle doctrine,traditional,handgun and long gun,NA,NA,"While Vermont does not have a typical castle doctrine, courts have consistently found no duty to retreat in the home.",NA,VT1039
Vermont,VT,50,2024,0,waiting period,federal,handgun,NA,5,"In general, the waiting period applies only in states without an acceptable alternate system of conducting background checks on handgun purchasers. The interim provisions of the Brady Law became effective on February 28, 1994, and ceased to apply on November 30, 1998.",NA,VT1040
Vermont,VT,50,2024,1,waiting period,federal,handgun,NA,NA,NA,NA,VT1041
Vermont,VT,50,2024,1,firearm removal at scene of domestic violence,authorized,handgun and long gun,NA,NA,NA,NA,VT1043
Vermont,VT,50,2024,1,local laws preempted by state,comprehensive,handgun and long gun,NA,NA,"Exception: 24 V.S.A. § 2291: For the purpose of promoting the public health, safety, welfare, and convenience, a town, city, or incorporated village shall have the following powers: (8) To regulate or prohibit the use or discharge, but not possession of, firearms within the municipality or specified portions thereof, provided that an ordinance adopted under this subdivision shall be consistent with section 2295 of this title and shall not prohibit, reduce, or limit discharge at any existing sport shooting range, as that term is defined in 10 V.S.A. § 5227.",NA,VT1046
Vermont,VT,50,2024,1,child access laws,negligent storage,handgun and long gun,NA,NA,NA,NA,VT1049
Vermont,VT,50,2024,0,firearm sales restrictions,assault weapons ban — Federal,handgun and long gun,NA,NA,"This subtitle and the amendments made by this subtitle—
<< 18 USCA § 921 NOTE >>
(1) shall take effect on the date of the enactment of this Act; and
(2) are repealed effective as of the date that is 10 years after that date.",NA,VT1050
Vermont,VT,50,2024,0,firearm sales restrictions,ban on high capacity magazines – federal,handgun and long gun,NA,NA,"This subtitle and the amendments made by this subtitle—
<< 18 USCA § 921 NOTE >>
(1) shall take effect on the date of the enactment of this Act; and
(2) are repealed effective as of the date that is 10 years after that date.",NA,VT1052
Vermont,VT,50,2024,1,firearm sales restrictions,ban on high capacity magazines,handgun and long gun,NA,NA,NA,NA,VT1053
Vermont,VT,50,2024,1,minimum age,minimum age purchase - federal,long gun,21,NA,NA,NA,VT1054
Vermont,VT,50,2024,1,minimum age,minimum age purchase - federal,handgun,18,NA,NA,NA,VT1055
Vermont,VT,50,2024,1,minimum age,minimum age possession - federal,handgun,18,NA,NA,NA,VT1056
Vermont,VT,50,2024,1,background checks,extra time,handgun,NA,NA,NA,NA,VT1057
Vermont,VT,50,2024,1,background checks,extra time,long gun,NA,NA,NA,NA,VT1058
Vermont,VT,50,2024,0,untraceable firearms,prohibited,handgun and long gun,NA,NA,NA,NA,VT1059
Vermont,VT,50,2024,1,prohibited possessor,dvro ex parte : expanded,handgun and long gun,NA,NA,NA,NA,VT1060
Vermont,VT,50,2024,1,prohibited possessor,erpo : ex parte expanded,handgun and long gun,NA,NA,NA,NA,VT1061
Vermont,VT,50,2024,1,waiting period,general,handgun and long gun,NA,3,NA,NA,VT1062
Washington,WA,53,2024,1,background checks,private sales : point of sale,long gun,NA,NA,NA,NA,WA1001
Washington,WA,53,2024,1,background checks,sales from dealer,handgun,NA,NA,NA,NA,WA1003
Washington,WA,53,2024,0,carrying a concealed weapon (ccw),may issue,handgun,NA,NA,NA,NA,WA1005
Washington,WA,53,2024,1,dealer license,state license requirement,long gun,NA,NA,See Ch 172 of 1935 session laws.,NA,WA1007
Washington,WA,53,2024,1,minimum age,youth possession,long gun,18,NA,21 for possession of semiautomatic rifles outside of private property,NA,WA1008
Washington,WA,53,2024,0,minimum age,purchase and sale,handgun,21,NA,NA,NA,WA1010
Washington,WA,53,2024,1,minimum age,purchase and sale,long gun,18,NA,Wash. Rev. Code Ann. § 9.41.240 restricts access to semiautomatic firearms to those  21 or older.,NA,WA1011
Washington,WA,53,2024,0,waiting period,general,handgun,NA,3,NA,NA,WA1016
Washington,WA,53,2024,0,waiting period,general,handgun,NA,5,The waiting period is up to 60 days for applicants without a WA driver’s license or who have not been WA residents for the previous consecutive 90 days.,NA,WA1017
Washington,WA,53,2024,1,dealer license,state license requirement,handgun,NA,NA,See Ch 172 of 1935 session laws.,NA,WA1020
Washington,WA,53,2024,0,prohibited possessor,dvro,handgun and long gun,NA,NA,"This law allows for the judge's discretion about whether to bar the defendant from owning, possessing, or purchasing firearms. This law includes a discretionary firearm surrender requirement. This law is conditional because a judge has the ability to determine whether the person is a credible threat to the safety of the intimate partner or child. In 2014, WA added a firearm surrender requirement with Wash. Rev. Code Ann. § 9.41.040(2)(a).",NA,WA1025
Washington,WA,53,2024,0,prohibited possessor,mental health : committed to mh facility,handgun and long gun,NA,NA,"A person who is prohibited from possessing a firearm, by reason of having been involuntarily committed for mental health treatment under RCW 71.05.240, 71.05.320, 71.34.740, 71.34.750, chapter 10.77 RCW, or equivalent statutes of another jurisdiction may, upon discharge, petition the superior court to have his or her right to possess a firearm restore",NA,WA1026
Washington,WA,53,2024,1,prohibited possessor,mental health : committed to mh facility,handgun and long gun,NA,NA,"Concerns commitment after criminal trials. ""No person who has been found not guilty by reason of insanity may petition a court for restoration of the right to possess a firearm unless the person meets the requirements for the restoration of the right to possess a firearm under RCW 9.41.040(4).""",NA,WA1027
Washington,WA,53,2024,1,prohibited possessor,dvro : expanded,handgun and long gun,NA,NA,"While WA includes current or former dating partners in the definintion of ""intimate partner"" that person much live or have lived with the person which excludes dating partners who have never lived with the abuser. Thus, this law is not considered ""expanded"".",NA,WA1028
Washington,WA,53,2024,1,prohibited possessor,erpo : ex parte expanded,handgun and long gun,NA,NA,"Approved on November 8, 2016 and Washington law states that laws go into effect 90 days after passage which was about February 6th 2017.",NA,WA1029
Washington,WA,53,2024,1,minimum age,youth possession,handgun,21,NA,Possession allowed for 18+ if on private property,NA,WA1034
Washington,WA,53,2024,0,minimum age,purchase and sale,handgun,18,NA,Wash. Rev. Code Ann. § 9.41.040: If the person is under 18 years of age.,NA,WA1035
Washington,WA,53,2024,1,minimum age,purchase and sale,handgun,21,NA,NA,NA,WA1036
Washington,WA,53,2024,0.00273224,registration,required,handgun,NA,NA,"9.41.113 required all transactions be processed through a licensed dealer, so the preexisiting requirement of 9.41.110 that dealer records of sales be maintained",NA,WA1038
Washington,WA,53,2024,0.00273224,safety training required,to purchase : assault rifles,long gun,NA,NA,NA,NA,WA1042
Washington,WA,53,2024,0,background checks,sales from dealer : federal,handgun,NA,NA,Part of the 1994 Brady Handgun Violence Prevention Act (Interim provisions),NA,WA1043
Washington,WA,53,2024,1,background checks,sales from dealer : federal,handgun and long gun,NA,NA,The National Instant Criminal Background Check System (NICS) was created in 1998. The Brady Act's interim provisions  requiring background checks for handguns were struck down and replaced with the requirement to conduct background checks on all dealer sales.,NA,WA1044
Washington,WA,53,2024,1,castle doctrine,traditional,handgun and long gun,NA,NA,NA,Considered a legal gray area by some commentators.,WA1049
Washington,WA,53,2024,1,background checks,private sales : point of sale,handgun,NA,NA,NA,NA,WA1050
Washington,WA,53,2024,1,background checks,sales from dealer,long gun,NA,NA,NA,NA,WA1053
Washington,WA,53,2024,1,child access laws,negligent storage,handgun and long gun,NA,NA,NA,NA,WA1054
Washington,WA,53,2024,1,firearm removal at scene of domestic violence,required,handgun and long gun,NA,NA,NA,NA,WA1055
Washington,WA,53,2024,1,local laws preempted by state,comprehensive,handgun and long gun,NA,NA,"Exceptions: ""Cities, towns, counties, and other municipalities may enact laws and ordinances:

(a) Restricting the discharge of firearms in any portion of their respective jurisdictions where there is a reasonable likelihood that humans, domestic animals, or property will be jeopardized. Such laws and ordinances shall not abridge the right of the individual guaranteed by Article I, section 24 of the state Constitution to bear arms in defense of self or others; and

(b) Restricting the possession of firearms in any stadium or convention center, operated by a city, town, county, or other municipality, except that such restrictions shall not apply to:

(i) Any pistol in the possession of a person licensed under RCW 9.41.070 or exempt from the licensing requirement by RCW 9.41.060; or

(ii) Any showing, demonstration, or lecture involving the exhibition of firearms.""",NA,WA1058
Washington,WA,53,2024,1,untraceable firearms,prohibited,handgun and long gun,NA,NA,Serial Number Requirement,NA,WA1061
Washington,WA,53,2024,1,untraceable firearms,prohibited,handgun and long gun,NA,NA,Background Check for Assembled Firearms,NA,WA1062
Washington,WA,53,2024,1,untraceable firearms,prohibited,handgun and long gun,NA,NA,Ghost Gun Ban,NA,WA1063
Washington,WA,53,2024,1,local laws preempted by state,limited,handgun and long gun,NA,NA,NA,NA,WA1065
Washington,WA,53,2024,1,background checks,extra time,handgun,NA,NA,NA,NA,WA1066
Washington,WA,53,2024,1,background checks,extra time,long gun,NA,NA,NA,NA,WA1067
Washington,WA,53,2024,0,firearm sales restrictions,assault weapons ban — Federal,handgun and long gun,NA,NA,"This subtitle and the amendments made by this subtitle—
<< 18 USCA § 921 NOTE >>
(1) shall take effect on the date of the enactment of this Act; and
(2) are repealed effective as of the date that is 10 years after that date.",NA,WA1069
Washington,WA,53,2024,0,firearm sales restrictions,ban on high capacity magazines – federal,handgun and long gun,NA,NA,"This subtitle and the amendments made by this subtitle—
<< 18 USCA § 921 NOTE >>
(1) shall take effect on the date of the enactment of this Act; and
(2) are repealed effective as of the date that is 10 years after that date.",NA,WA1071
Washington,WA,53,2024,1,firearm sales restrictions,ban on high capacity magazines,handgun and long gun,NA,NA,NA,NA,WA1072
Washington,WA,53,2024,1,firearm sales restrictions,assault weapons ban,handgun and long gun,NA,NA,NA,NA,WA1073
Washington,WA,53,2024,1,minimum age,minimum age purchase - federal,long gun,21,NA,NA,NA,WA1074
Washington,WA,53,2024,1,minimum age,minimum age purchase - federal,handgun,18,NA,NA,NA,WA1075
Washington,WA,53,2024,1,minimum age,minimum age possession - federal,handgun,18,NA,NA,NA,WA1076
Washington,WA,53,2024,1,prohibited possessor,mental health : adjudicated as mentally incompetent//incapacitated/disabled,handgun,NA,NA,NA,NA,WA1077
Washington,WA,53,2024,1,prohibited possessor,mental health : adjudicated as mentally incompetent//incapacitated/disabled,handgun and long gun,NA,NA,NA,NA,WA1078
Washington,WA,53,2024,1,prohibited possessor,dvro ex parte : expanded,handgun and long gun,NA,NA,NA,NA,WA1079
Washington,WA,53,2024,1,prohibited possessor,not RAND violent misdemeanor,handgun and long gun,NA,NA,Date has been confirmed in Westlaw,NA,WA1080
Washington,WA,53,2024,1,safety training required,to purchase,handgun and long gun,NA,NA,NA,NA,WA1081
Washington,WA,53,2024,1,untraceable firearms,prohibited,handgun and long gun,NA,NA,NA,NA,WA1082
Washington,WA,53,2024,1,carrying a concealed weapon (ccw),shall issue,handgun,NA,NA,NA,NA,WA1083
Washington,WA,53,2024,0.5710382513661202,required reporting of lost or stolen firearms,lost and stolen firearms,handgun and long gun,NA,NA,NA,NA,WA1084
Washington,WA,53,2024,1,waiting period,general,handgun and long gun,NA,10,NA,NA,WA1085
Wisconsin,WI,55,2024,1,background checks,sales from dealer,handgun,NA,NA,NA,NA,WI1003
Wisconsin,WI,55,2024,0,carrying a concealed weapon (ccw),prohibited,handgun,NA,NA,"See State v. Williamson, 58 W (2d) 514, 206 NW (2d) 613 for citation of law. See also Laws 1977 c. 173 for 1977 amendments.

Unclear what year this law was first implemented. Included in Bakal, ""The Right to Bear Arms,"" published in 1966.",NA,WI1006
Wisconsin,WI,55,2024,1,carrying a concealed weapon (ccw),shall issue,handgun,NA,NA,NA,NA,WI1007
Wisconsin,WI,55,2024,0,castle doctrine,traditional,handgun and long gun,NA,NA,"See Catalfamo (2007), p. 509. Also, the state supreme court has held that there is no duty to retreat before using force in public. State v. Redmond, 150 Wn.2d 489 (2003)",NA,WI1008
Wisconsin,WI,55,2024,1,castle doctrine,expanded 1,handgun and long gun,NA,NA,NA,NA,WI1009
Wisconsin,WI,55,2024,1,child access laws,negligent storage,handgun and long gun,NA,NA,NA,NA,WI1011
Wisconsin,WI,55,2024,1,dealer license,state license requirement,handgun,NA,NA,NA,Not included in Vernick and Hepburn (2003).,WI1012
Wisconsin,WI,55,2024,1,minimum age,youth possession,long gun,18,NA,NA,NA,WI1014
Wisconsin,WI,55,2024,1,minimum age,youth possession,handgun,18,NA,NA,NA,WI1016
Wisconsin,WI,55,2024,1,minimum age,purchase and sale,long gun,18,NA,NA,NA,WI1017
Wisconsin,WI,55,2024,0,waiting period,general,handgun,NA,2,NA,NA,WI1021
Wisconsin,WI,55,2024,1,waiting period,general,handgun,NA,NA,NA,NA,WI1022
Wisconsin,WI,55,2024,0,prohibited possessor,mental health : committed to mh facility,handgun and long gun,NA,NA,"A prohibition on the possession of a firearm under subd. 1. shall remain in effect until the commitment order and any subsequent consecutive commitment orders expire and the court determines, based on evidence presented on the issue of the subject individual's dangerousness, that there is no longer a substantial probability that the individual may use a firearm to cause physical harm to himself or herself or endanger public safety. If the court makes this determination, it shall cancel the prohibition and order the return of any firearm ordered seized under subd. 1.",NA,WI1029
Wisconsin,WI,55,2024,0,prohibited possessor,dvro ex parte,handgun and long gun,NA,NA,This law includes a firearm surrender requirement.,NA,WI1030
Wisconsin,WI,55,2024,1,prohibited possessor,dvro ex parte : expanded,handgun and long gun,NA,NA,NA,NA,WI1031
Wisconsin,WI,55,2024,1,prohibited possessor,mental health : committed to mh facility,handgun and long gun,NA,NA,"Concerns appointment of a guardian. ""If a court orders under subd. 1. an individual not to possess a firearm, the individual may petition that court or the court in the county where the individual resides to cancel the order.""",NA,WI1032
Wisconsin,WI,55,2024,1,prohibited possessor,mental health : committed to mh facility,handgun and long gun,NA,NA,"If a court orders under par. (a) an individual not to possess a firearm, the individual may petition that court or the court in the county where the individual resides to cancel the order.",NA,WI1033
Wisconsin,WI,55,2024,0,background checks,sales from dealer : federal,handgun,NA,NA,Part of the 1994 Brady Handgun Violence Prevention Act (Interim provisions),NA,WI1040
Wisconsin,WI,55,2024,1,background checks,sales from dealer : federal,handgun and long gun,NA,NA,The National Instant Criminal Background Check System (NICS) was created in 1998. The Brady Act's interim provisions  requiring background checks for handguns were struck down and replaced with the requirement to conduct background checks on all dealer sales.,NA,WI1041
Wisconsin,WI,55,2024,1,firearms in college/university,public : CCW not allowed,handgun,NA,NA,"In 2011, CCW became legal in Wisconsin, but the Wisc. Administrative Code prohibiting dangerous weapons on campus, except with written authorization, remained in force. https://www.wisconsin.edu/general-counsel/legal-topics/concealed-carry/",NA,WI1050
Wisconsin,WI,55,2024,1,local laws preempted by state,comprehensive,handgun and long gun,NA,NA,"Exceptions: (3)(a) Nothing in this section prohibits a county from imposing a sales tax or use tax under subch. V of ch. 77 on any knife or any firearm or part of a firearm, including ammunition and reloader components, sold in the county.

 (b) Nothing in this section prohibits a city, village or town that is authorized to exercise village powers under s. 60.22(3) from enacting an ordinance or adopting a resolution that restricts the discharge of a firearm. Any ordinance or resolution that restricts the discharge of a firearm does not apply and may not be enforced if the actor's conduct is justified or, had it been subject to a criminal penalty, would have been subject to a defense described in s. 939.45.

(c) Nothing in this section prohibits a political subdivision from enacting or enforcing an ordinance or adopting a resolution that prohibits the possession of a knife in a building, or part of a building, that is owned, occupied, or controlled by the political subdivision.",NA,WI1052
Wisconsin,WI,55,2024,1,gun trafficking,straw purchase - buyer and seller liability,handgun and long gun,NA,NA,Prohibited posessor.  Very similar to straw purchases,NA,WI1055
Wisconsin,WI,55,2024,1,carrying a concealed weapon (ccw),shall issue,handgun,NA,NA,NA,NA,WI1057
Wisconsin,WI,55,2024,0,firearm sales restrictions,assault weapons ban — Federal,handgun and long gun,NA,NA,"This subtitle and the amendments made by this subtitle—
<< 18 USCA § 921 NOTE >>
(1) shall take effect on the date of the enactment of this Act; and
(2) are repealed effective as of the date that is 10 years after that date.",NA,WI1058
Wisconsin,WI,55,2024,0,firearm sales restrictions,ban on high capacity magazines – federal,handgun and long gun,NA,NA,"This subtitle and the amendments made by this subtitle—
<< 18 USCA § 921 NOTE >>
(1) shall take effect on the date of the enactment of this Act; and
(2) are repealed effective as of the date that is 10 years after that date.",NA,WI1060
Wisconsin,WI,55,2024,1,minimum age,minimum age purchase - federal,long gun,21,NA,NA,NA,WI1061
Wisconsin,WI,55,2024,1,minimum age,minimum age purchase - federal,handgun,18,NA,NA,NA,WI1062
Wisconsin,WI,55,2024,1,minimum age,minimum age possession - federal,handgun,18,NA,NA,NA,WI1063
Wisconsin,WI,55,2024,1,prohibited possessor,mental health : adjudicated as mentally incompetent//incapacitated/disabled,handgun and long gun,NA,NA,NA,NA,WI1064
Wisconsin,WI,55,2024,1,firearm removal at scene of domestic violence,required,handgun and long gun,NA,NA,NA,NA,WI1065
Wisconsin,WI,55,2024,1,minimum age,purchase and sale,handgun,18,NA,NA,NA,WI1066
West Virginia,WV,54,2024,0,carrying a concealed weapon (ccw),may issue,handgun,NA,NA,Unclear what year this law was first implemented.,NA,WV1003
West Virginia,WV,54,2024,0,carrying a concealed weapon (ccw),shall issue,handgun,NA,NA,NA,NA,WV1004
West Virginia,WV,54,2024,1,carrying a concealed weapon (ccw),shall issue (permit not required),handgun,NA,NA,NA,NA,WV1005
West Virginia,WV,54,2024,0,castle doctrine,traditional,handgun and long gun,NA,NA,"See Catalfamo (2007), p. 509.",NA,WV1006
West Virginia,WV,54,2024,1,castle doctrine,stand your ground,handgun and long gun,NA,NA,NA,"There is some debate over whether West Virginia's law is a Stand Your Ground law because it is located in the civil liability section of the state code. These leads some to conclude that it should not impact criminal cases. However, many gun law experts consider the West Virginia law to be a Stand Your Ground law regardless of its location in the code. We decided to code this law as a Stand Your Ground law because the statute appears to establish a broad general rule that a person has a right to stand his or her ground in public.",WV1007
West Virginia,WV,54,2024,1,minimum age,youth possession,handgun,18,NA,NA,NA,WV1010
West Virginia,WV,54,2024,1,minimum age,purchase and sale,long gun,18,NA,NA,NA,WV1011
West Virginia,WV,54,2024,1,prohibited possessor,mental health : adjudicated as mentally incompetent//incapacitated/disabled,handgun and long gun,NA,NA,NA,NA,WV1023
West Virginia,WV,54,2024,1,prohibited possessor,mental health : committed to mh facility,handgun and long gun,NA,NA,NA,NA,WV1024
West Virginia,WV,54,2024,0,prohibited possessor,dvro,handgun and long gun,NA,NA,"This law allows for the judge's discretion about whether to bar the defendant from owning, possessing, or purchasing firearms.",NA,WV1025
West Virginia,WV,54,2024,1,prohibited possessor,dvro : expanded,handgun and long gun,NA,NA,NA,NA,WV1026
West Virginia,WV,54,2024,1,prohibited possessor,dvro ex parte : expanded,handgun and long gun,NA,NA,NA,NA,WV1027
West Virginia,WV,54,2024,1,minimum age,purchase and sale,handgun,18,NA,NA,NA,WV1030
West Virginia,WV,54,2024,1,minimum age,youth possession,long gun,18,NA,NA,NA,WV1032
West Virginia,WV,54,2024,0,background checks,sales from dealer : federal,handgun,NA,NA,Part of the 1994 Brady Handgun Violence Prevention Act (Interim provisions),NA,WV1035
West Virginia,WV,54,2024,1,background checks,sales from dealer : federal,handgun and long gun,NA,NA,The National Instant Criminal Background Check System (NICS) was created in 1998. The Brady Act's interim provisions  requiring background checks for handguns were struck down and replaced with the requirement to conduct background checks on all dealer sales.,NA,WV1036
West Virginia,WV,54,2024,0,waiting period,federal,handgun,NA,5,"In general, the waiting period applies only in states without an acceptable alternate system of conducting background checks on handgun purchasers. The interim provisions of the Brady Law became effective on February 28, 1994, and ceased to apply on November 30, 1998.",NA,WV1043
West Virginia,WV,54,2024,1,waiting period,federal,handgun,NA,NA,NA,NA,WV1044
West Virginia,WV,54,2024,1,firearm removal at scene of domestic violence,required,handgun and long gun,NA,NA,NA,NA,WV1046
West Virginia,WV,54,2024,1,local laws preempted by state,comprehensive,handgun and long gun,NA,NA,"Exceptions: (c)(1) A municipality may enact and enforce an ordinance or ordinances that prohibit or regulate the carrying or possessing of a firearm in municipally owned or operated buildings.

(2) A municipality may enact and enforce an ordinance or ordinances that prohibit a person from carrying or possessing a firearm openly or that is not lawfully concealed in a municipally owned recreation facility: Provided, That a municipality may not prohibit a person with a valid concealed handgun permit from carrying an otherwise lawfully possessed firearm into a municipally owned recreation facility and securely storing the firearm out of view and access to others during their time at the municipally owned recreation facility.",NA,WV1049
West Virginia,WV,54,2024,0,firearm sales restrictions,ban on high capacity magazines – federal,handgun and long gun,NA,NA,"This subtitle and the amendments made by this subtitle—
<< 18 USCA § 921 NOTE >>
(1) shall take effect on the date of the enactment of this Act; and
(2) are repealed effective as of the date that is 10 years after that date.",NA,WV1052
West Virginia,WV,54,2024,1,gun trafficking,straw purchase - buyer liability,handgun and long gun,NA,NA,NA,NA,WV1053
West Virginia,WV,54,2024,1,minimum age,minimum age purchase - federal,long gun,21,NA,NA,NA,WV1054
West Virginia,WV,54,2024,1,minimum age,minimum age purchase - federal,handgun,18,NA,NA,NA,WV1055
West Virginia,WV,54,2024,1,minimum age,minimum age possession - federal,handgun,18,NA,NA,NA,WV1056
West Virginia,WV,54,2024,0,firearm sales restrictions,assault weapons ban — Federal,handgun and long gun,NA,NA,"This subtitle and the amendments made by this subtitle—
<< 18 USCA § 921 NOTE >>
(1) shall take effect on the date of the enactment of this Act; and
(2) are repealed effective as of the date that is 10 years after that date.",NA,WV1057
Wyoming,WY,56,2024,0,carrying a concealed weapon (ccw),may issue,handgun,NA,NA,Unclear what year this law was first implemented.,NA,WY1003
Wyoming,WY,56,2024,0,carrying a concealed weapon (ccw),shall issue,handgun,NA,NA,NA,NA,WY1004
Wyoming,WY,56,2024,1,carrying a concealed weapon (ccw),shall issue (permit not required),handgun,NA,NA,NA,NA,WY1005
Wyoming,WY,56,2024,0,castle doctrine,traditional,handgun and long gun,NA,NA,NA,NA,WY1006
Wyoming,WY,56,2024,0,castle doctrine,traditional,handgun and long gun,NA,NA,"See Catalfamo (2007), p. 509.",NA,WY1007
Wyoming,WY,56,2024,1,background checks,sales from dealer,long gun,NA,NA,NA,NA,WY1018
Wyoming,WY,56,2024,1,prohibited possessor,mental health : adjudicated as mentally incompetent//incapacitated/disabled,handgun and long gun,NA,NA,NA,NA,WY1022
Wyoming,WY,56,2024,1,prohibited possessor,mental health : committed to mh facility,handgun and long gun,NA,NA,NA,NA,WY1023
Wyoming,WY,56,2024,1,castle doctrine,stand your ground,handgun and long gun,NA,NA,NA,NA,WY1025
Wyoming,WY,56,2024,1,minimum age,purchase and sale,handgun,NA,NA,"Applies only to handguns manufactured in Wyoming, so we do not treat it as setting a true minimum age of purchase under state law.",NA,WY1030
Wyoming,WY,56,2024,1,minimum age,purchase and sale,long gun,NA,NA,"Applies only to handguns manufactured in Wyoming, so we do not treat it as setting a true minimum age of purchase under state law.",NA,WY1031
Wyoming,WY,56,2024,0,background checks,sales from dealer : federal,handgun,NA,NA,Part of the 1994 Brady Handgun Violence Prevention Act (Interim provisions),NA,WY1036
Wyoming,WY,56,2024,1,background checks,sales from dealer : federal,handgun and long gun,NA,NA,The National Instant Criminal Background Check System (NICS) was created in 1998. The Brady Act's interim provisions  requiring background checks for handguns were struck down and replaced with the requirement to conduct background checks on all dealer sales.,NA,WY1037
Wyoming,WY,56,2024,0,waiting period,federal,handgun,NA,5,"In general, the waiting period applies only in states without an acceptable alternate system of conducting background checks on handgun purchasers. The interim provisions of the Brady Law became effective on February 28, 1994, and ceased to apply on November 30, 1998.",NA,WY1042
Wyoming,WY,56,2024,1,waiting period,federal,handgun,NA,NA,NA,NA,WY1043
Wyoming,WY,56,2024,1,firearms in college/university,public and private : CCW not allowed,handgun,NA,NA,Exception for written consent of college/university security service.,NA,WY1046
Wyoming,WY,56,2024,1,local laws preempted by state,comprehensive,handgun and long gun,NA,NA,"Exception: This section shall not affect zoning or other ordinances which encompass firearms businesses along with other businesses. Zoning and other ordinances which are designed for the purpose of restricting or prohibiting the sale, purchase, transfer or manufacture of firearms or ammunition as a method of regulating firearms or ammunition are in conflict with this section and are prohibited.",NA,WY1048
Wyoming,WY,56,2024,1,firearms in K-12 educational settings,school personnel other than peace officers,handgun and long gun,NA,NA,NA,NA,WY1051
Wyoming,WY,56,2024,0,firearm sales restrictions,assault weapons ban — Federal,handgun and long gun,NA,NA,"This subtitle and the amendments made by this subtitle—
<< 18 USCA § 921 NOTE >>
(1) shall take effect on the date of the enactment of this Act; and
(2) are repealed effective as of the date that is 10 years after that date.",NA,WY1052
Wyoming,WY,56,2024,0,firearm sales restrictions,ban on high capacity magazines – federal,handgun and long gun,NA,NA,"This subtitle and the amendments made by this subtitle—
<< 18 USCA § 921 NOTE >>
(1) shall take effect on the date of the enactment of this Act; and
(2) are repealed effective as of the date that is 10 years after that date.",NA,WY1054
Wyoming,WY,56,2024,1,minimum age,minimum age purchase - federal,long gun,21,NA,NA,NA,WY1055
Wyoming,WY,56,2024,1,minimum age,minimum age purchase - federal,handgun,18,NA,NA,NA,WY1056
Wyoming,WY,56,2024,1,minimum age,minimum age possession - federal,handgun,18,NA,NA,NA,WY1057
